Temperature,Humidity,Soil_pH,Rainfall,Nitrogen,Phosphorus,Potassium,Yield
27.483570765056164,53.643604769659454,6.160752634756389,95.69730350623213,55.224293715002275,41.70873528746982,14.155424259516746,17.074759951516324
24.308678494144075,53.19878837424219,6.347250268473173,99.0203228877907,54.249853888035,40.122554306315415,21.560114824505025,17.61542664499912
28.23844269050346,33.06535241054977,6.201309469477429,101.92884635762745,35.952202312917635,35.688449335826355,25.303772749659313,15.836946199752106
32.61514928204013,55.04864712447844,6.55520902347306,128.4058438493854,58.69376332645607,39.97473339152213,31.19735128739753,18.41611694089837
23.829233126383322,70.99243622732618,7.098589265730956,77.5834807453977,27.64875986635073,44.908416254929435,38.193298612855024,17.878561085928915
23.8293152152541,40.88651821384807,6.114478921429398,74.6095902546202,40.18723511359507,38.738378710211606,35.55308754697411,14.97800531279801
32.896064077536955,75.72723976575888,7.000410248884207,137.09859226428927,20.013682806532884,44.19767630230274,20.565401612420118,20.0
28.837173645764544,67.31662231626507,6.109163963826556,86.12065774356105,73.37939775444222,31.633312215769525,27.02630190267478,16.494016224218303
22.65262807032524,48.98650017043443,6.0761863937515574,62.108939392688015,46.526757590820566,33.961063488542955,30.611004709620534,15.410449328204473
27.712800217929825,57.87705543993229,6.909297309171607,85.4461017370039,82.50326052224467,32.65679496726025,27.902343004428005,18.151246149876187
22.682911535937688,83.9748271146155,6.960968189003808,90.09841794267997,62.04424889779243,34.34868628207594,27.845638193053645,19.59171237911214
22.671351232148716,71.00321720258799,6.925704968381327,146.64888183177294,56.721473200265365,52.87181046706091,16.218053402765825,19.655521293931635
26.20981135783017,60.131754823472214,5.842101295890929,127.74478637130211,41.20658458578501,47.2603879311036,20.778126790882876,16.780102331689612
15.43359877671101,56.434750245585235,6.267024510963974,134.42561849896725,34.304749464688705,29.230768813156544,26.776481206885816,15.521202814559372
16.375410837434835,61.14913605677489,6.911494296001661,124.59920927040358,57.844573608454176,44.37498296408455,5.2541946004387015,17.429548090877347
22.188562353795138,52.32354663086545,6.520770920281947,128.38731014845942,48.92728986090527,36.0941768735143,35.12515456007883,17.751446488524266
19.93584439832788,28.42875741421478,5.963153576901268,79.35753620259045,29.910945267720486,33.17615414528434,19.018567202311445,13.316364500383605
26.571236662976368,90.63266865802096,6.729158969562721,94.04193533939547,27.247123752375224,25.14260534277493,35.4947050661211,18.63819671362463
20.459879622393945,62.32987498799102,6.142596370504265,70.30254060929353,35.61944406284624,49.71918693820244,34.79132803576728,15.769923100144679
17.938481493323543,65.97220897683806,7.397262424196106,93.685359083889,77.31450837899345,26.361368503328613,25.650455655100927,18.466674036724367
32.32824384460777,59.13138375184637,7.272420731209129,120.52314972804223,83.19916877016956,39.48036821990126,38.004386605612304,20.0
23.871118497567323,48.973247989131174,6.802048713177784,104.03749854436741,53.07483720963365,30.536887542751312,35.94557875939947,18.060754842307936
25.33764102343962,57.21113278576844,7.1805033523848865,139.34442456880885,52.23414194361933,47.758439470699244,27.528308233322875,19.41535310630412
17.876259068932715,36.00907856708533,6.53239567506169,65.75752623318341,44.955194422557184,36.65648173686049,26.625923078466414,14.389337340542806
22.278086377374088,94.15629747079957,6.882718747187508,115.00715052094719,35.98271977535747,38.65537344479655,38.77786228531485,19.717042671449043
25.55461294854933,41.48232002366406,7.238860147651037,62.55091594392046,70.62768586410866,38.992657370699675,31.856110715261313,17.077438005947094
19.245032112888484,44.52050574229231,6.6227493408971565,102.82529407520927,78.10364590845704,43.02570334935783,38.357577346945135,16.935563076613047
26.87849009172836,53.396111934203994,6.3724064142428585,122.21000267669436,36.598713712410714,40.130047639833094,10.888207405178104,17.863445013072
21.996806550405974,79.32113587278566,5.647689020911442,93.56492299527342,48.75742432363098,39.56726811038884,30.787880776155696,16.581204601260385
23.541531251033618,60.217634988939814,6.458433237139253,116.53379812260869,43.25200548934748,34.815980247452224,17.380727304245017,17.262558025575505
21.991466938853016,41.45796305954306,6.911711592281156,71.20802995501198,43.69641387702534,24.252706266579068,29.793691940105894,15.962065518445108
34.26139092254469,78.8150754113601,6.972816713783815,50.08930065410852,67.78862383144794,28.814490404581445,35.71056166676707,18.70805441036946
24.93251387631033,70.96500940178223,6.752182532859205,116.71088867463409,30.320576819508172,47.18479738680646,43.91312116599282,17.87686478295717
19.7114453552205,68.07652435824679,6.22935045251888,152.32030702227198,56.997045364044595,36.94180536673702,22.494666172502512,17.1540638178845
29.112724560515947,70.7360136175626,5.511589215526205,70.11865179490323,60.92357160958798,33.359902222775204,25.794361557584136,15.355104191037002
18.895781750144888,95.91542850873677,6.2523924509976325,136.66582540320388,47.86773239597271,25.94271855581955,29.235736743395698,18.78040792259675
26.044317975023777,92.77642342554168,6.347827564473024,101.30270226449232,63.39601740480159,22.803528599096477,22.203751188304878,19.166531662705246
15.201649380601122,49.69926985495057,6.343535516404993,59.92925434920772,52.21477760806175,32.96793119871801,37.82847783031406,14.049227875269182
18.359069755507846,84.35827489216729,6.809278178488962,66.05484095943513,68.25694881734168,48.88052854045257,29.439243637075013,17.798153545773637
25.984306179345616,65.7475228463835,7.49283820550742,100.4735432008195,27.16692042611219,34.42929806377681,30.97565618700837,19.019334453368078
28.692332899977053,67.48643724206624,6.561764600920546,87.86613136227689,44.76837108489696,44.00485525241447,34.96138501419327,17.926309176029253
25.85684140594985,34.61593752535007,6.391634105421769,60.612610697252826,48.92280285723448,33.96940170602042,29.426307868996723,15.622521417432324
24.421758588058797,57.44421351917706,6.370389093497954,49.17882156323785,9.916889232929762,46.38866696028849,23.45968697459308,15.054936785655022
23.494481522053555,47.807646144951526,6.562192383453858,74.59842016220482,33.710708996321976,36.482491981913306,29.495838093612264,15.617680151616659
17.607390048162863,72.42088222339964,6.0858531198258,105.81427024993354,37.7960111846182,27.681157544495036,23.150549123892887,15.932069317044393
21.400778958026457,76.06620750604208,6.560099279373028,99.80797742190586,64.22308992235024,37.31046932100556,30.86384711293189,17.4800214323828
22.696806145201062,28.88270473475533,6.7254061681659,84.96286127499765,39.39734980528099,58.34000418280407,37.975501766414375,15.028973842336685
30.28561113109458,59.66947703993594,6.604843031787244,106.05661582874448,37.728815190410344,57.898843155508544,20.600173661821348,17.510207761411124
26.71809144784231,76.82792257191379,6.728770967002391,131.20080159588062,62.262286709842876,44.865333027793646,17.741031988463263,19.59246003360926
16.18479922318633,57.19981556529832,6.716873804674267,111.82379531302443,25.731340313149182,38.629411845862975,30.393999487357394,16.847481196127593
26.620419846973974,70.93595467503546,5.614051658876778,96.36073985831258,18.93133898834642,43.039018020950834,23.857603066048753,16.02325165201678
23.074588597918417,65.26748201440626,6.818435079197702,127.84216019982067,44.5761154989598,43.1685233873329,30.253962195295752,19.51798374384477
21.615389998470206,65.1249034792894,6.164492577168773,71.20449093351115,28.28439847882467,39.601132476328985,32.56322816487761,15.949802616280913
28.05838144420434,55.93027532897554,5.952080418498021,93.25241381333946,28.854810580105266,44.40944019922617,12.850510168571684,16.089679919744707
30.154997612479754,41.751287937964356,5.947774086072502,93.96736193198896,58.60150687531973,42.08226862153563,35.51879542126834,15.651841050561808
29.656400595580994,43.17704778862459,6.716770805236265,62.89140224671464,63.13960756868869,36.840276146356864,20.64265197635801,16.686055845026367
20.803912383886807,70.64028771682976,6.388712536387573,87.40377513146927,61.832963237781875,28.04743200616357,29.82121639548248,18.131860693660037
23.453938120743928,60.291873832783246,5.659015608007294,37.75120957314091,66.6316499046085,35.39940757779834,24.724941316492558,14.342075000764895
26.65631715701782,57.922316330891626,6.739018907596142,157.36534142988862,68.61701480022202,47.99518849073597,25.584343881725644,19.612991111184304
29.877725635611796,53.64164936516471,5.780195934600586,71.87758634691062,18.07114686759604,39.68537775504635,43.551663516943904,14.512545057147175
22.60412881077355,55.42216731778873,6.569910679259105,147.58342394263934,56.756179398941995,43.00286891587505,32.554140166365286,18.45743866045626
24.071705116680914,75.70367691732208,6.619249462836527,101.14253517158477,42.05587700645662,37.16984472295587,37.237507223628725,18.749895855567566
19.46832512996986,54.971338771979596,6.9427885408475225,116.94592396467877,38.78863631014346,29.404024949893753,31.207530833621945,18.061986363030446
19.018966879596647,39.88402930047647,7.3908423932334255,85.33600604947205,58.40621948313058,37.61370285128177,34.96010859723963,17.258881218493112
29.062629111970992,71.1547766331026,5.817661837049729,106.23789075885023,24.045567801563724,29.775440992506486,33.33902689714762,16.550301879696793
31.781200142854114,56.926850042029244,6.473763071968476,119.51468919965308,23.733370911915202,29.137108263964485,32.0356491574946,17.736186260348067
24.63994939209833,60.47093798299165,6.361832352477891,119.93657243182547,59.503591161225756,52.0563660886941,38.85724727331744,17.873590129820894
30.01766448946012,84.11367459599266,6.716874842980481,123.24320170223072,57.31679026266347,35.79913995065784,31.252043630754162,20.0
26.80818012523817,59.69159163974239,6.607834385466809,88.9500186988247,52.05098983807265,32.58515274539966,48.281188577741645,18.359497624376534
21.77440122697438,64.33775509678088,6.32372687863169,85.58920982525935,36.80129892915295,56.17959684380905,37.684252582499504,17.340557282666587
26.80697802754207,42.31614763052512,6.279548905694572,52.174710241971894,61.157444518731864,48.149850354042414,20.88367441808248,15.932418807739761
32.690182832329846,56.7049582147356,5.941774572407976,115.6965703353081,60.20454338090714,36.284907744981616,28.587602328136143,17.972681884648143
24.820869804450243,69.14289067812902,6.993930791203255,132.4713613397033,51.279567725711814,44.276363255523684,33.176620795925345,18.247699298321496
32.82321827907003,36.669393992381366,6.729602090799765,148.4794503975379,32.34018438095343,37.642116817392974,30.355974685696296,17.8337860340656
11.901274479551278,63.01267639673564,6.958884098897569,109.15517903741522,43.6212748140574,33.073203207204,35.49498735177734,16.41724609433887
29.10951252187612,61.5118660896721,6.344801931762243,77.00560681274293,62.56750516286664,44.746912244850044,36.376133638670986,17.038686975710945
25.435235341190857,60.619311833811594,6.171582265652785,49.08711570131634,69.9078683420268,36.75698114679797,19.123304113608285,15.541909371143669
23.50496324767066,75.55738347987365,5.960842466685386,131.2500019925005,45.10195094935507,40.754980089994035,40.24862035773196,16.71976196666305
25.45880388267751,65.01657772272782,6.67945879187033,46.111702996673934,46.25490548287606,50.21363234899672,26.025460276111644,16.999854057731856
15.062155426995536,82.17107847534666,5.980103387735882,89.781877667687,47.574663379624084,49.112131037953766,25.232763953081943,16.28170906864667
23.90164056081244,45.096157266089456,7.424331534483275,93.27079516169063,54.12339513366458,34.499067081439236,25.207020858355676,18.32505242907267
26.78556285755873,62.03886850827522,5.84617870945328,97.91634586446942,41.283990499099644,44.86031602287086,36.46861124792466,15.869222912127004
32.38947022370758,61.26700179584921,6.636830059606251,101.07407800107521,6.587224136426244,28.72143753854244,27.86345841481771,17.917582655945615
22.40864890863176,43.961182593673804,7.283427353606893,104.14442669102728,67.89153502470646,44.504141613157046,24.69158684529834,18.67442715821094
20.95753198553406,74.34442503137019,6.799544879631904,27.539102137644107,76.92033420743824,41.48495305801106,26.6083267404517,16.393335930125996
22.491214782077318,94.87009958779227,6.5878368562458895,100.4396772961038,40.81400210591431,43.78979362363431,15.642466728672984,18.98659834375787
29.57701058851037,59.744908882742536,6.015758176519052,33.11273277664368,34.00019946621839,37.02555245355767,23.262689888388106,15.386546424162557
26.643755548298422,67.5753163241065,5.809115405716148,121.96654219272985,47.94349216414667,60.8407127365249,20.083331610775204,17.04179898057886
22.351198981164806,61.267777137229906,6.885025054458793,83.34624532589163,47.18744174406841,30.987002923796858,27.84664535603287,17.9725752604135
27.56633716556678,49.29622995139236,7.2530736203874735,35.2888982432995,64.93277865744439,49.71551710968461,35.31354616218874,16.691017722319938
25.4853877467402,32.68859583296976,6.280575004760914,75.57385967843872,50.81959162467557,29.683016802316683,34.43100720746582,14.704615888730391
29.843224952664446,49.41339775356952,5.930469246191825,82.89773982446039,38.11065754443225,45.04344174629321,40.05400398037266,16.06725057649768
21.489734530613237,39.120624285724034,5.270915284725491,135.72098852665013,30.223858241629266,45.757899772517824,38.271806538372964,12.644385152628782
23.361689267011158,85.56153117088677,6.009617578168731,105.89913225250736,62.984512772295105,40.54975871562285,25.771226280652982,18.18788828332247
23.039459234339212,58.27335459115141,6.44317157875048,110.33334833051741,58.99266861746374,35.046755894562956,30.152571206029705,17.60585662116923
17.682425259339407,54.81121006429244,7.299561620418367,135.43664902661803,65.90839817137729,41.41134890745299,29.73955124622865,18.822130454540993
26.48060138532288,73.33730737181709,6.836566846116484,97.11567136226532,35.47719873918359,42.67010333430174,12.791578538224904,18.473559190384044
26.305276360899448,43.17373345716168,6.652542702353377,122.6256388309721,77.57655349292494,57.89936486306283,20.261923704722044,18.23764714080219
25.025567283212304,48.49703942993172,6.299940169349434,120.51583341795975,23.844582394141447,31.27659714699704,28.6617065827911,16.02596701377601
23.827064333124262,61.02108403872931,6.2084171413720215,61.40591519291763,60.644015321022195,34.44086503685998,28.616828518873533,15.916004524675339
17.92314628974793,75.4315348713522,7.202823798753982,144.18950732889488,21.356258492046475,42.84735557069336,34.09860043364134,19.186637791333602
22.896773386173205,67.52527567753182,6.600369270379195,57.390946597879164,38.14502927452298,37.439462096047485,33.70913303628679,16.462359655654797
23.286427417366152,63.72487713773823,5.448699654039489,127.52099948433545,73.41534395671938,38.999589622693996,15.834459983202118,15.707783102428373
20.988613653891907,61.17176602854025,6.163230176051378,54.48780889283102,62.470463817139844,50.703518353637605,34.14877387566024,15.166883214215117
24.193571441669953,66.00353783290163,6.070891984114187,118.0371036445502,41.80669376769227,11.797334965707652,31.42869765163011,16.95425077769393
27.020254284072692,63.02479357693882,6.226867995411268,155.85744634450518,42.21744435767468,34.02050654982189,34.98698545315703,19.174681930674335
34.43092950605265,44.550415878345966,6.781455330142543,93.61064030349367,51.50933166253163,22.576307737487507,38.53492470113272,16.9266147009012
25.872889064159196,60.69118832449727,6.446277559102875,92.3093307144056,57.71211486141084,28.041835630959294,28.856936217696227,17.34588145608925
26.28775195361382,43.89467011623371,6.461567296498169,118.31319997950547,68.77369074024045,64.0462449207247,39.96470589584064,16.822919589006386
24.627770421169163,61.216238143512356,7.156736580662618,90.1181063211237,43.15648993087258,45.98168133952756,22.88479636885563,18.012408680056318
15.406143923504793,52.79028087767638,6.151769455106656,154.54836111228465,25.823224047691976,49.51564925058104,22.434095037022253,16.27032573444999
24.867430622753915,98.09072434174293,7.4320997629436745,105.76576748376087,52.3545294057314,39.19470350213569,33.43017752108433,20.0
25.301151049705133,59.40158424372432,6.164346204314457,90.39491475337823,43.138537437374076,47.5871382483191,27.049859637558562,16.99371095022942
37.316210562426434,38.93640650607617,6.544599098306286,83.79143416312951,30.49049442877329,22.33435492479751,32.09306051695176,16.55068398400547
24.038195176094387,57.98729683984613,6.359398202298617,72.01154589480939,54.46503372969192,50.38298411769601,45.94385695875593,16.693642234337958
26.507736711668063,67.79038118456832,6.561709566750481,81.16735039727531,46.803293688608164,31.801558814401,33.14796058803181,17.210870517177387
24.826441151473784,85.10045919228786,6.722295997536564,89.47979819024211,54.59768309704692,34.68684180674087,31.69735631091296,19.341072804851063
19.15660981190234,51.15821400091922,6.7169176200444385,85.3708277950426,36.58333699719229,45.05151070454652,23.04623697078522,16.504217331928338
30.714114072575104,36.2635803896454,6.12344133468971,80.25474177588688,57.30065795488248,43.16446758582215,16.40016154700523,14.825046078392194
28.75966516343387,72.25255517146472,5.938542661276214,162.9652369105732,30.243527048675322,40.84620048393549,29.419627077811914,17.772424367444934
28.955159735215233,39.29101941150523,7.751585895452855,69.09714770531531,37.58402915455125,26.369038464196812,38.534961972865574,16.331422664881327
20.453062726026307,53.457668377387726,6.258007830199723,104.39897762938524,46.356286533690835,40.99813668821642,27.416495943514608,15.517344915264355
32.013971554680495,56.13569271733509,6.8496062193359935,117.77563029282616,76.12727622439571,49.60561353483229,33.21169999364295,19.022514863765085
17.990744686038596,58.955498200498376,5.696179344738401,118.90323986751199,61.77238052822741,34.67512903900206,41.41197818174866,14.592167908668939
27.934285469001352,70.33746685611503,6.360193640047662,98.24178772652584,66.15788756401685,53.14937045340296,41.21213050584288,17.92600179379877
35.952278129049894,49.74548576570419,6.436400308008778,92.7789228445807,71.25615550014716,31.273080640859906,33.43052710081426,18.09682680831039
20.04731837434656,55.89406121749859,6.7364075349639165,113.54642473718519,100.0,40.06547891718374,31.360851829258742,18.464454635599008
22.16851135198614,59.78594470575917,5.1387729295040305,107.99564949934602,50.62383601337651,55.35327733376613,17.850935607975394,13.47874272856788
25.498256825438204,62.24396936278182,6.583070306539165,92.2312349569746,71.30601384694783,33.186000873003906,24.958442846584475,18.2345790042997
22.482621729419005,61.46740762061884,5.925129272316053,53.143642848267085,65.18952881602912,50.53985483377074,27.753953535855416,15.941339842639755
17.246682844669337,66.5400866283387,6.662172855597462,85.96228833000258,64.94048754961288,59.74652362221809,23.181347108526783,17.453595534630626
25.342814874030136,72.65759264462606,5.981835401580918,65.60349508877627,76.61359427060272,41.7104406892415,31.987626103622116,16.80070916049249
19.688481431369475,65.88951173476451,6.07225865203721,79.98521349801021,43.71030453523285,34.72983012616693,45.293185467888804,16.335031638819395
27.36796215317591,66.80378285263828,6.363186194803366,100.99669715550878,42.51972464095431,32.27261197049977,42.142092741292934,18.129289278025567
20.402878828830982,36.266652498802834,5.973835265198402,110.76208431989849,54.79648270222793,53.04602703347325,31.951038894649656,14.404073605283099
32.7496720250877,60.753415487485206,6.262232776632323,153.41358253877218,47.259503421171694,52.76694199339649,36.235472576198624,18.663797162244194
21.083733538318814,67.19261322002413,5.903312115728342,83.87780863288559,54.777512794972594,54.49309122868675,24.17116547715105,15.63500781542732
23.389692418971624,70.93411791855675,5.583414774150636,123.23876905825452,73.44123177579517,39.67161649344053,41.712714805350416,17.000179175323762
29.067586086848348,49.61473838649309,7.00897852621468,109.17880073313509,42.82779915940582,50.37806941527105,17.504267232438558,18.106141738674356
18.845678417830225,50.11441087667033,5.851975653588036,138.8799301191937,45.429815561094046,39.5116060887393,37.3026252886893,15.13232700500821
26.137299673020646,51.38848987074603,6.410659556196008,117.28686158786878,52.61466505289866,31.16944878391641,33.964717681598195,17.86075845881991
31.53571377141214,68.04620849837015,6.876445540746892,69.7455571814105,46.575223609622455,51.24176785112353,23.953124905964604,18.647021679201643
16.96258382719386,75.50821582386313,6.192527948741978,48.308619121263064,21.28991257979769,56.33870278278204,28.3297059460965,16.426453487667025
25.92316929266152,53.88809839062598,6.087417050127231,109.33785099002515,41.29808535951591,29.7939802721868,20.925978374751523,15.943369202662545
26.299413971242117,73.61943470440573,6.613119044333711,84.14647006298829,60.31059863356256,29.6056903709933,21.26687961758214,17.95131960323337
28.90911435888655,61.85219713746891,7.0589669113635765,70.59058762148209,71.5632012639897,40.39981934230125,17.27156799500856,19.04761090331683
18.81524644560959,58.135713342563456,5.915342367456765,61.97266886400767,32.6807214869341,49.56128605741,36.14011121760569,13.859850713495518
18.397716934578618,56.829236552730464,6.424926083991281,104.82926492761466,32.610764011537356,28.661808062460466,39.64275975541345,16.87768793129704
27.60970782808449,71.19917046903235,5.633752702516336,145.23123097940095,50.45350704076004,42.27015736955906,12.70553708949259,16.47085090440043
26.48492336616593,64.88366725180605,6.303399498158905,87.73982962881875,18.86607402683245,34.09573045940248,44.706444129212045,17.282182469535996
26.252464251729382,94.13738141471457,6.5171023422690375,117.70810933225967,43.32544695519309,47.00829099825002,29.903934106905282,18.843824325363414
26.73224104748488,47.21663035504014,6.072687679122467,96.93200949347222,23.9593691067291,32.0211317850411,32.318825639014705,15.755734022701976
21.599876392107547,67.77152553044964,6.271504083087384,61.31853732689821,70.53591949763698,47.71803000274179,18.22069731531939,15.822911170566332
26.161268485805017,52.06198485282731,5.795886615846275,122.04434030531252,38.460032684743936,38.41785189182292,40.56660600131892,16.93200507194585
26.465362366493405,46.960695195170345,6.538539305690747,67.15923867917886,74.79251279508541,30.62859476318957,31.602000745334674,16.07976113091736
21.42824290986816,59.83699294447542,7.027847124441575,100.64879891780694,66.70282030187508,40.63689955426889,39.1106099181704,17.854767372166595
34.328872555723784,62.06028719110554,5.951428065114769,89.75438754984084,40.30524053453875,20.620266855116473,39.76686656518195,16.724042981551364
27.36916460455894,100.0,6.188664116723809,126.79232303697076,33.92060544730884,34.4090542789506,40.678995381770164,19.159774193640843
19.043482513986756,57.23781276475197,6.751273123227091,68.2554702258794,47.09681376248617,43.37401070324662,24.81375379318238,16.80367863870683
28.28276804316915,43.04731905772975,7.106045359661368,111.7260972340588,48.43030063612695,22.282452209681047,28.336303936854364,17.683091060906975
20.126591648863393,64.09516076241579,5.753405093895534,74.80607777953897,55.19220415928602,14.288631468945887,25.106383402163882,14.24926121968563
28.93542301871226,28.880399436804474,6.415607631292025,84.66684363013644,38.351850657047315,16.606326801868327,37.160771701930265,15.502721881327641
30.79297789503702,58.620648260936015,6.641565411159762,0.0,61.19592310283304,53.2712855550037,32.66311383490993,15.81517007986252
20.89658840824145,60.24037923442741,6.448971804685576,162.76295714853725,53.979920824998494,39.232409872372706,38.5531589121059,18.49246096693998
29.81688064622161,71.91900574417816,5.261603966561457,116.51670798478696,44.89407264926204,34.67534605992813,38.90191042445786,15.977209380180911
27.06390463468249,74.6043337414177,6.750545004654386,76.97957542185506,39.319390168729655,49.4515473566683,16.181924072488737,18.6697210725137
29.11030079997245,52.446455716384236,7.259668175545322,66.2603293500102,47.22672525351971,35.95550317530889,40.80616104443098,18.36236859730742
34.48396491326974,57.740789780551005,6.558330875584752,85.13053741361979,37.74648122258647,42.68461899866732,37.606887662125736,16.733197112433025
23.773059419985646,48.508187540839934,5.984446973352869,121.50638604458355,50.87658042325381,40.25755350923263,27.046200934516023,15.877061080128948
21.23131917821255,43.07906167788459,6.243436376817859,43.237452232452235,51.28158027829865,35.29000579247022,32.79834213223703,14.440954566494547
20.552427851872384,64.64842169070951,7.384956533827797,95.75246742116985,53.925609252145094,42.94145883889106,29.01064342733837,19.323097996300305
20.920948575172808,40.89621677105101,6.954981270430279,153.1192561738802,76.4936361450778,47.732612214201446,34.928445429049404,18.048807096122953
24.614491452929478,53.78059649142205,6.820013309192165,65.98160992096588,48.01332920450641,38.15093382983012,27.02882895436099,15.904109972158404
26.705759874083217,45.07239060151144,6.678206291767188,102.41155116290965,65.06896800686724,35.39444426845385,33.83141792935286,16.97021875822516
26.383453996650097,68.2452477943539,6.1694314439045135,166.09929445773273,53.443810954635524,36.57487592000547,30.538442437274817,18.36953152864151
29.13591624518012,87.02145148899731,6.399714409672116,118.96454889072318,46.42633547152319,17.020874672142682,26.54244877203756,18.041769658710166
25.065009459389536,40.476180257950034,6.461038632160742,103.77771461456365,48.21261095073149,42.83059546508912,31.52108995921647,17.079550164515435
32.26767038578659,32.20472275653647,6.774787158032222,115.19909364727009,49.11760386247924,27.908887110114485,51.65175658791006,16.63244388669638
23.67671583381022,58.12669671974899,7.254459447133452,87.97403994970892,54.19651561592324,46.29718724118924,24.515706961394546,18.599572516516798
38.600845832948096,60.235466939366376,7.059169068396564,138.9889385591032,35.61018852171546,39.09575899324706,28.000451269907447,19.02958814650537
28.12833673882503,63.279889601359464,5.79030782210198,88.02009931299364,28.019894248325496,41.051210965304406,24.655100802935756,16.584560576775594
20.714212217918586,53.30519227148483,6.611997484450525,41.22455173792069,59.81446090211413,47.00329170606202,25.49426891577933,15.744627257970329
19.64553750969444,56.99041051761852,6.868381672583949,88.2609068817862,63.47185748871889,30.734762336590652,36.52619482708286,16.989993233601464
27.412362076215928,65.51265615810904,6.8094301650723175,70.99796410369889,61.18453749204204,43.69248443350957,35.72705967708854,18.470250401252784
23.882686073370746,75.60646338967258,6.18538311830629,91.56417963407712,52.32458027834709,42.67621052562665,29.953091973429522,16.911030888584808
28.57000247046046,30.674268445225756,7.957054607884181,92.22747822758107,61.50836941179933,38.15219167357207,38.210372682152894,18.49957450746516
27.366188122867726,54.465908414528066,5.8614577188344406,135.92269599414723,60.70143539025713,30.718137992364618,36.34754636395448,16.524520390210686
24.635855436715637,63.20713190911595,5.958405776666975,120.85878179993156,61.81444038432432,45.952383640551645,28.701326511790285,16.734478120273927
20.766031409657977,46.23035843083896,6.616797540630788,107.8979646272619,37.1068876798683,47.03454544419316,17.729082065646352,16.569497539872724
17.425763876570677,85.96754447650949,7.5584015274819265,99.91163766002215,33.545723042680535,41.13602025977884,36.63826406359202,18.694210794040714
22.767425239664895,50.46885179656894,6.0819025746479145,68.23425973426016,44.17146129871594,29.296975842853552,31.357316968015798,15.012375892892962
29.28199397161736,59.38060969489076,6.367085817176504,34.564742870029676,49.73923835686017,34.72550967074546,30.177787709604736,16.387464864182604
26.07046872065102,68.34033145263436,7.038646836507846,103.3948003417835,46.37118309301566,39.39667277579933,26.271615839922276,17.853119339427643
18.77130610644006,51.13072816797158,6.491068922556133,123.83923610720977,21.84964502993187,46.88494549982094,35.95719159293053,17.11135219415952
25.86590462925591,32.301404282933746,6.3326980727348525,96.74998350266232,75.82538918202714,24.165105988868834,32.78797001942801,16.35614643789713
26.926586898644185,53.570182096252,6.7828164509433595,83.954370316399,45.88931016671397,34.36196535695623,28.105375657581625,16.573087891280903
20.580712818994336,75.44160833890561,6.6362589951147966,113.93506495642637,52.590566248654305,35.97327440057798,20.196363622248708,17.255841312146227
25.76862552972764,54.94657309822292,7.015219392818396,97.5000339812696,68.66823486144588,39.16778420596971,38.54343281504061,18.860981903303227
25.29104359223,47.30348547811532,7.145734444532682,150.57232575921884,14.825415957181923,26.98674715975153,34.83924178524702,18.96286131344125
19.285148510846884,73.88508314254082,6.653501530002681,136.98185026204854,42.32459192132432,37.82467221626667,32.043223199564764,18.767556210255535
26.788936801741418,55.03837655965421,6.645866362689154,128.7852417106999,44.19324089630293,36.895164356874105,8.745808039088018,17.412761286440006
27.80392263184117,52.34758779524674,6.607055491143067,122.73202342629712,44.95534931824033,29.624081285103433,29.69684594307152,18.83008240166037
30.415256215876386,62.24184134494964,6.744565278324644,61.294977566456296,47.39770113929071,38.820324158313156,28.07037037219469,17.317148381143838
30.269010260174515,71.5612531442818,6.527585318935732,119.88981106157799,71.70702197667266,34.58830903214498,25.052034519565275,19.22668947501018
18.111653160214544,95.72570297598818,6.499695758838855,111.28977872939726,60.10188313590834,44.95586142509707,36.03388222851427,18.94202726755131
20.310874800424386,72.40854161486135,7.098313560413621,118.1927418517349,64.37052902943245,31.146724389956614,35.71888027333822,19.85329999663282
27.5751763360433,77.39759949582516,7.258058090177522,114.77828460439157,50.70680407716386,40.898341221284554,33.4945977375391,20.0
27.568929754561044,52.41050701518217,5.74622352768329,113.58287763544196,29.009404307817483,31.91611162770732,38.30312731814194,15.833127922545398
27.575238431530238,44.61197841045786,6.505010575870284,181.02599408648786,18.804544472809898,34.002457618411874,21.82161188772926,18.18410712093864
44.2636574532736,60.934970244286845,6.155652783277382,97.71442990144243,27.058884151525536,42.972916277054054,26.370767545845545,16.057850574566867
27.854452553465833,61.607548728893946,6.344514266756963,128.0901214248799,55.39648556249029,42.34717732842156,30.598338105486448,17.034924271499868
30.677828200902994,43.82230887953104,6.7012581048676605,85.87030569207991,50.476545690464526,35.82977817421639,25.023983846176677,17.201852605136146
29.77000881746601,57.370582051439804,6.834719185771235,123.71924751663016,46.84754528665989,37.30589381667332,35.81735377362834,18.13400953358255
28.25695625652899,65.98976402578697,6.4439367781943275,128.17959670697365,44.47134639889795,25.463935548904757,25.822393214946437,18.52559234797574
23.42365377679827,65.4059009252712,5.543329832638599,110.93278231406043,80.17582363164121,54.027643105807,40.386960035574035,16.066287005009567
28.794846102466337,67.56431780076409,6.0174772097119105,150.07740827129498,37.65644613535289,46.87456397878028,22.550724785998483,18.12606525194884
21.13587392731214,64.36447095206164,6.948249835100083,73.47171890918746,63.917291841740884,46.51448050871107,47.055869196004934,17.335758439609766
23.815906966299956,52.394870110949164,5.129786788982535,85.38337174995333,50.02869404031491,24.049677830437847,46.23437884481938,13.513050362868215
22.573182260854484,52.29149060026735,7.093713575841,106.37140258070468,49.085907323210044,34.045100075107136,29.241974829477243,18.19595832937616
25.409370696931614,42.01572903009186,6.76061499532227,126.42420560452666,67.64956322925116,36.65453971076377,39.169363607405984,17.30467757010677
36.573292833367546,86.77162558777643,7.158088040765011,105.382885638848,71.93795574037166,20.68938507965988,26.796575515931146,20.0
15.66367403704126,60.201755469289395,6.40071540655952,138.57277109531697,46.40675814672743,48.89950096076087,38.10629198585076,16.7467761767253
28.43130095187257,56.627204163077224,5.469297287988548,80.14930387101042,61.988040788632134,54.53884488548136,28.592173348345835,14.267114258506393
16.93642064405174,46.06811877821312,6.715181320753249,65.78264531534337,55.45837043225081,60.61934956003614,19.71648081193213,15.274989102431881
22.640340671052833,100.0,7.137326562019171,109.24385009609514,50.11155708214872,29.541161724822636,1.737454498568809,19.543400688773758
30.444752984836832,43.90007951665657,6.962360902756711,97.68459171658911,53.06382413985539,41.17323496834274,27.85029243143512,18.624112948715872
25.321400095477316,53.5672811159089,6.168654258255982,116.2859116107466,39.67986777732744,53.228182691504216,32.23250006948234,17.448586492127582
19.61127611035347,66.2375525442909,6.543380537731323,99.17793127400488,45.408509100033726,37.46381521053046,40.642531408289734,17.59886796538675
21.42348145370016,69.00319448616416,6.233581865610038,89.79940628129629,41.290470803709404,34.33012086157322,30.293000257211123,16.939454859663485
28.39798874467338,74.36898082823527,6.090366767905314,97.7518728482883,63.520650746433795,21.33982326455509,38.02328107774071,18.215279804599472
21.348166841414315,87.11412761653895,6.9776942855899255,100.86546684379555,48.57198326688406,51.32622457771749,26.368467622227787,19.29227294103696
26.082292947909874,67.59236483191069,5.901233844367419,90.85056100455009,30.534289630774428,39.80739243926635,27.30176824374844,16.47346593418005
25.22785919951907,44.159538000499985,6.053091784709194,93.90603861029716,39.14844165255368,32.706581410369374,38.432285460228684,15.119709978818378
21.741998261970917,56.14582312317328,5.947987183263807,87.89219989039269,2.0110303218173264,42.838572898288604,10.282604122645825,14.853062171739424
35.71972044662663,64.61748558770827,5.754876238350477,125.6999535960822,42.58261097176777,41.53005373178665,30.103870631223327,17.191115717089534
28.169595111590056,91.02339062258736,6.573207145921302,105.82063013517399,50.564675976457245,41.68259102354592,26.80030920355308,18.09394743199991
14.874287066711965,39.03291782363554,7.080751524240988,167.702574165063,47.957962266995395,37.82901937673325,40.88488963881827,17.025781527959328
25.93227157384714,78.03864757837842,6.407561621877367,104.82113653835385,79.70231527297089,56.22358158763365,25.77402964016144,18.968710119207397
21.69106767615806,62.69871554319625,5.747126099717917,83.47427589014015,58.623590613725554,38.66340266737578,34.132679756560755,15.23440084015558
29.26216667398112,72.5674580284422,6.919972269871014,180.12026124589195,57.95677779633726,56.19322076323305,37.37213575467755,20.0
21.037396307836495,58.47007925046102,7.342850877017486,112.40879133143007,25.350964481445832,45.641169264001974,18.059232046956716,18.62220470051296
24.426317792665504,47.363510548105104,6.176878837926703,129.7037436067845,44.53036918824301,43.51170142761731,28.88503753380879,16.37578036281966
27.524936394902287,71.26309169101998,6.2607228666411405,117.76308949607474,42.70005789014456,38.86725246721845,26.546908527312496,17.4693063711962
29.328775970850607,69.81646540658431,6.757830315041697,118.69033087893246,38.208782017879884,49.73956693545921,37.57034597463675,19.845456644921352
18.99851796472112,74.58085448609583,7.310936873892525,116.06962154057423,38.001790017299804,41.12991767577995,35.40065472649755,19.55290707308715
23.327493820795258,59.80043046932047,6.2400829271373865,66.93746305671803,22.87815569087565,30.678687848864683,28.134383759526543,15.470586999368281
22.62527344419522,51.00266965020226,5.833775109500897,111.02587142684236,30.862201929780074,30.345078090019644,21.620735596671587,15.136433234371793
21.73335383713144,36.61819507464238,6.815709303136203,60.254160884492826,63.11140104147424,44.22484621934272,38.305173568160725,16.425439077724732
33.82727120140549,72.2905990220911,6.89953403657115,94.76911490762397,47.85627962010226,30.926211148335042,29.458777787209748,19.179426095020442
27.024908554804778,66.3583422366598,6.503065725217613,78.23147630310139,42.40396372588499,39.377689430275005,17.052987474660302,17.738848243569137
18.695580228324776,45.51326050704061,6.220933370171275,110.72410557546172,49.91882998020938,50.57184538551091,17.74095680824061,15.895297199368644
29.58930973527388,51.92139490055064,6.997189365496023,110.02378742014704,67.51086018051727,43.03970177894334,33.50106744058381,18.634373594357466
35.610780985063165,52.99861782072839,6.764018002273982,114.4343767229556,50.06315781313678,32.778651296712525,19.793550457875853,18.615284254951128
30.162326302755734,37.75523352026373,6.115782241548254,108.61889718247261,58.10561196396557,54.09987511616139,44.87717994882891,15.964845983332365
17.40315017022993,47.73476405092299,6.524547365652836,81.79523974640803,37.30092736417614,45.47875236994702,22.503437725125355,15.660641967548477
22.578829635668743,42.99254464790469,5.824146233987676,92.16989531944961,40.72055073879921,50.17792987204089,29.99711419714179,14.663422633032628
31.334555745933113,53.81281482168095,6.84294522821896,127.61188483763455,55.30965327595513,17.324416567906976,31.272895729282443,18.505130732724623
21.461652671906098,48.91953752505656,6.368883215308572,132.035700318832,78.38980562505671,43.30852878262746,24.164978086105236,16.613867565527862
27.219097140731144,35.59492618699877,6.282144583807631,65.59650704120352,71.44662289272311,48.421578363798936,12.081383755376251,15.654441441901902
28.873170267146683,90.33885345854222,6.483562757423783,54.07217102462061,58.742421041842086,57.00288642297992,31.52716078092982,18.712040321299547
20.365347642109587,78.78811096543846,6.520153849665124,78.19331850385863,52.27150640241077,25.361814158489583,23.974080079181935,16.948896655596673
24.702373219691,48.314708677200215,6.94746503078278,131.35622746096752,71.01604033440758,52.06114589194533,30.932307420931544,17.894469470484307
10.0,64.08632094980415,6.795545265662611,136.44652090549104,61.92017484567686,56.44380285701244,29.02135158209033,15.86217247951907
19.878061793328552,66.26197634731943,6.421795360603599,72.25864358796485,15.595069664440082,19.827110227210206,32.10632998457443,15.843156305948554
23.7371592430342,77.86628782160216,6.881834074859498,109.21928061209015,34.19103728217167,44.785911098697426,42.49496096524848,19.289704721440984
18.761084090175753,47.72092460009882,6.7003686268458065,155.03293999420262,55.072104880368975,46.17620814340702,25.63053589818302,18.61447814751601
33.16205651965818,76.3816017597364,6.286700181856982,112.45934431721001,23.195486516735418,36.729923373480936,26.249242765260032,18.309951640853615
17.849293110196836,51.78142043689597,6.437640920881757,142.64509855699282,36.53616492864707,35.099055399337104,16.67362157796888,15.831604058654673
22.799777566515083,39.9620639374708,6.42588855557844,129.96179710249297,39.50277584513039,46.67853913287822,28.438528391205644,16.60268956746359
25.653702886430455,70.86204838971746,6.7526306715871005,72.69403881316268,46.157511406312494,33.85018246589368,33.27895991419973,18.625721249686993
32.20636644533058,79.36137636183642,6.3164886926391794,94.30055729508766,45.688546876606885,37.82750671581902,26.132040979431785,18.055620143689215
17.8206892441028,98.81863460296027,6.304795406789183,101.04263434875544,45.6631935924976,48.124349008239214,33.33144400324393,18.740513658581794
30.815818760774796,42.004121023646796,7.48437865471698,103.1240016406402,62.37961275860471,57.540430503268645,28.57993179608647,18.98936831040114
25.051165305097935,70.48379527621184,6.969867740873552,127.48986860315713,46.021642018241984,45.37984272542018,19.581870096248082,19.743803186909886
20.092456744760245,53.85298134309701,6.1196996677874305,112.26054286826225,44.23054801893149,41.33484495414512,32.49588056946484,16.94133219090035
27.310517371316354,71.75038065786048,6.785470496971099,11.913971686656545,29.762418437847256,34.8360251533923,28.35334293147986,15.929471239649413
25.99529847786735,37.942656731531244,6.559175032827588,60.61479180721822,65.36519302978738,29.893999593489436,30.982062571274863,16.376358979200802
21.998915614206027,41.05845336452154,6.695775587630047,34.37857255071871,39.92753729078771,51.095782415009495,25.46440093431667,15.257944920900819
25.349010424950094,48.36187765250274,6.568670662282552,105.26095721966003,33.69454507998087,38.46550148873116,24.756779816072843,16.56338262085634
23.0734320156912,61.184460685021264,7.094821322742618,107.21462948403283,53.19635862303456,51.507032746667285,31.25928646042372,18.658049974538205
25.56758672625624,50.38378100192467,6.672810172325723,108.49674875832156,38.49588106425406,36.70448122004538,28.15520070366292,18.313225689188084
28.31065337260523,69.88581515870129,6.468955650892856,71.2321519685615,42.11070890308559,33.50711338638989,43.79422599335412,18.275248774518428
32.93008408072676,75.40341927386872,7.021095288491509,120.22432015359968,53.87690261478603,44.20798888827516,36.38984409728932,19.22209593926153
18.810922505865754,68.99366311868033,6.616642520543936,121.48787489405588,45.10276064330666,39.234640607315995,34.3600340757415,17.42574613542518
35.665166873281336,84.28181459491302,6.560739289664529,62.345527983845265,84.67414062950951,27.944713953892624,28.580153587988683,19.318959434809233
15.239561002387491,66.23739944183015,6.657011301243057,56.01885395653383,48.87757185021203,58.17368329781848,13.791812412187927,15.91016820710718
24.241074524822082,41.746549344897495,6.453195488316816,99.99604941319187,59.26757328318833,33.73016226228363,23.539240579058568,16.452438602494627
27.94158603242288,80.45064770307509,6.5046134964977345,153.7534682084008,20.874589287605822,49.27591521174214,24.821652379325457,18.899162140447615
26.404959338675162,50.92265646591004,6.206652705619064,150.99228226595926,37.09026302127905,48.418566293964815,27.800124909680687,17.188234438994698
21.88650240089703,73.65627749528355,6.124416390188061,116.90213081344157,33.696294576249315,27.40537235085643,29.73312400488037,16.419918066799557
23.959388748213623,83.60601324832659,6.00071480675878,78.10009985259771,35.68430415046057,29.976123553835155,35.24859972388396,16.015802473447152
22.534995326705836,66.85032016095599,5.804008356601462,126.60527978465755,56.23306990755504,36.98490660299872,32.185164488560524,15.927791021426927
22.053176215278942,37.55761780253025,6.060141319307721,86.42727205572875,65.53347601666114,31.343534554216834,39.27362553175924,14.492959264447668
29.248010485105127,46.22681750235313,6.412866482766537,76.97478889978568,55.16945756951766,57.26456371878688,27.504784211846005,16.388653976324637
26.785077429825236,79.84116700327704,6.551558791222819,35.680995051340176,46.60033064650536,37.99824363201488,32.057303553361294,17.055249314512075
21.535452023696728,57.463159715357754,6.36435171842618,103.07146595042958,40.53717441931371,48.897490428140685,32.75075382223041,17.315948706745505
29.497999377166252,61.193603024132486,5.322148254936321,81.10397952587876,66.70399626779763,45.13637389000204,31.965810274868712,14.305689481095913
26.536497604383047,71.38236624245414,7.287293178881171,102.89291138585513,81.06883181232293,42.64022448996353,40.255121983521136,20.0
29.0643105941948,70.44484293120485,7.043240061445191,31.019269112888157,52.025835571755366,40.40321210739588,36.43019458197754,17.76984423682488
28.14814420961806,64.18199718578191,6.722879925608565,105.09480017751062,64.09044596107358,52.37130707788697,19.44477424398862,18.97861907606085
20.855024945389637,56.86997443169301,7.453745336276634,27.066365080851163,55.15055524693213,31.74907026664983,29.08535120752528,17.08709456791536
22.199094799015153,55.30997331401464,6.011317941258144,132.63820759805657,61.33257359698384,57.263353104565866,29.88821054216164,16.388656362416967
28.736468025616308,72.86848237937015,7.4438125603130025,115.65673702405253,32.53179832834825,27.12776819495905,47.212328509560045,19.87124576687966
28.051851327167324,68.3035429660169,6.017392961624726,91.64005685726237,42.67795579786814,47.81511725622424,27.36167055003624,16.715192746872862
24.89549203017926,56.140499990733154,6.619368962645678,116.88159580246237,55.93204160068376,25.948361400602174,22.140128773310543,17.981489989979686
25.58663691654391,76.23168469489711,5.863081337432898,70.65777212009343,68.1873641612297,36.842944477730406,33.50660343581315,16.45842649680426
31.388324478942124,58.06448827305324,6.507347047772184,102.17126546844678,37.72798667543488,40.93309938060967,33.97588575699023,17.47838698103535
22.04214305582085,47.2250673849841,6.693083248999194,123.84322115381008,19.500513334398097,35.13304651170486,29.409817090162463,17.11902726511419
27.735486905850188,48.61543951644983,6.422654834432723,7.1713225272583125,42.526033603381265,38.183304303831086,28.23791197623288,15.270742185957685
23.98903673783053,45.31888745535351,6.856938722045069,86.58326920967428,65.15196071522375,26.130295520692066,37.59123164849668,18.067379075472424
23.9115939838639,55.91384975094469,6.549507224743628,99.32067609590877,26.241566133682255,30.125495312764485,23.171214765921437,16.978721152750374
30.493884259935953,78.5058641750429,6.2387926358112455,94.11119146762701,32.346201618026235,44.98264707195882,27.27237325705171,18.064116797449074
29.12708174494015,47.92357228454237,6.2165933410988305,143.71305478682214,52.338778790766675,40.29671824977445,25.8228011030929,17.76067916200426
29.067548180003193,62.827136415271546,6.9054568863078485,66.28296625231346,48.26043120857805,33.09471974178493,38.751156780964706,17.552368464192423
31.527394035771646,50.149659815588805,6.1731289850965165,81.36522269664313,58.91699722329841,53.24277763129671,32.28395362629075,15.787590839959005
25.105019208163796,56.09536438092844,6.957701485242469,42.52392921074655,31.569098593316312,27.800691000097842,21.480047221429835,16.521398310776554
28.40976485647482,37.34938182022122,7.111355896415965,145.30859953819436,45.125321087469985,36.38409534135937,22.283948853897847,19.05488231987748
23.44866621703272,56.691926562651936,5.665643068826935,92.611295721736,67.92778103604647,34.94343721821528,44.98732098889721,15.87329071916676
26.62083176244221,57.094419302925566,7.066463193650518,86.8477333588988,32.106557095448245,46.15037627761044,38.66574198485632,17.24931513376756
24.349284728161578,68.10431916053543,7.530211349222349,98.42551953067859,72.15368444465403,40.48163691137194,36.73240225218783,19.979347621110843
25.48497982496359,63.34921369883056,6.626001880600964,119.08707485290972,33.988745211669666,38.91834753465403,30.09797552778674,17.127751465775752
27.97578512718457,42.024118125719326,6.799542092647411,110.42090210548375,62.740723660664166,21.55783296132761,42.067785920963274,17.900062201400285
20.908896583832636,76.26297366065315,7.018502662184579,179.43652640671263,44.40562234680311,48.65034480632093,21.17276171217393,20.0
35.4619363784273,63.15454560332993,6.362258842410489,113.61807665211323,32.82637613541535,37.82174185168263,36.02374009763592,17.168663124295506
19.96991309250149,62.9759027576623,6.591140111768935,86.04263712492757,42.546514292711024,41.1566101761042,26.453811947795494,17.38758065769109
18.92905693606134,59.86226469922292,5.842900235188445,83.15929787428159,58.17393782268491,32.514367799061226,28.008853442758163,15.753678831620888
30.790554367500338,52.23363829166671,6.569317514265226,88.21723142749573,49.897190076477635,30.941712371829272,35.806314118659095,17.37984237968202
28.95831346981468,63.26703509623089,6.74905599782227,54.94489226110486,66.77704117165015,54.99287758475687,28.85153993054794,17.979294094712735
28.120599085260775,67.13382653892873,6.758081511463235,101.19592622474758,71.53610091402322,22.267614217375872,26.522401124309937,19.437046314788702
28.1417275463214,33.79656462981668,7.03271236179879,123.50404318626752,32.25454002023224,29.45800972217228,26.038738815296597,17.032416257819246
24.938766135765427,51.91858743980856,6.112598910932236,81.59909198130292,31.155962826344826,54.804921526690805,14.109234035911005,15.251543382119873
20.51372814257084,56.17579544394616,6.233696621663252,75.77859831147666,30.428093395687373,46.40746380998654,36.10562895420525,15.236227840328004
25.37902279096863,63.84255908541417,7.4477536729956775,145.478354388827,36.51205855927971,36.7453746825758,21.946959417609655,19.946118045078805
21.61419144243944,77.89966508890689,6.424835813118145,57.20550530136505,66.56321781229617,52.46596314288653,44.86727524527422,17.421876913425265
29.875598667088756,48.423887781048265,6.600016893656164,37.96544870568096,58.40542926000102,44.46860116396009,27.699099601480057,16.13482868047322
24.264713092489306,52.53057229773237,6.46649497913739,65.41294169057852,41.824586406163526,42.326600919744195,40.47551837956766,16.18463344825676
20.872514016037442,52.311988340301745,6.089159586847488,53.78701848627111,49.833461140657484,42.25562017102418,15.527751738538553,14.516080191094662
23.39307079173503,47.97708614843188,7.311764605445903,111.58678192313745,71.06458257748908,44.65238217214494,35.851864169588794,18.341563203874383
27.064657271378124,54.79220257331606,6.236149294039697,89.17886498651279,78.6201627646868,45.05692501297453,37.908445860094496,16.68788147479191
22.181377235980126,71.56203329981956,5.936357238146535,93.40938864928481,53.89076500164203,61.95973052895957,40.42850907491547,16.318999516387102
20.888898022167844,44.19246756953481,6.274629861348624,134.5880253092432,10.11078223928902,38.05107188327328,17.775689817707093,14.999656835367448
26.218436057459563,66.41721592729355,5.499146999137233,79.25995416511671,54.459306421399596,38.359528118517964,24.37825090330457,14.956163239615552
26.224832855543614,34.471466549724965,6.174356267508409,123.25268235236922,64.02122194312021,27.63106812429286,34.61207962204864,15.211093434904928
22.46528412314435,51.57993005336691,6.015935701073837,145.3396839760961,53.36948473784113,39.48102613178982,31.187535830752875,17.074629298226803
22.644808471908387,55.05766049673021,6.8087143154636625,86.33012505959017,60.89772378102175,58.62886899544819,32.34687714051068,17.36304949558508
26.16024968678818,85.12289509371097,6.163292880220064,122.1106856666894,55.35598061690576,49.84485002434656,27.117707153525345,18.70544451102656
17.75957829251338,55.87796542870968,6.943901967789424,92.7454626241306,31.48031873777202,34.56332256124672,42.40638892044553,16.637789818949837
17.962681128117225,26.981347898236226,7.199241996534661,127.72294386522367,36.70642349954806,40.30041364521285,50.867723586238505,16.50853951042034
21.40777889373782,30.016666397081252,6.8905876681438,52.855324372711806,45.18271719304765,27.035616244150052,30.831839392072713,15.847123346465999
23.932764241440765,60.51044379520022,6.392305855569962,50.63463264623961,65.98122167357528,30.308806557016936,33.62736996404202,15.6598979289373
26.55453782799002,69.20656283684863,6.570557248352796,88.26196855277378,38.51173897519069,41.49441152613718,30.44994996498254,17.148216484128636
32.37678108474776,65.6318378644088,5.73750752992797,73.33225572820687,56.8385394975147,35.05545397179547,40.272427192379496,16.07813653078254
29.288298116010097,62.51355158701485,6.43311031373938,84.49872671710344,54.55538890881795,29.55400210621582,36.63293027405449,17.29283663370063
24.200307350182864,77.433893962585,6.069780765966583,93.41420252658581,73.79295897618695,44.898407647378924,21.46895543490525,17.67789958335757
24.904918960486555,51.90613168894303,6.8471631905746495,121.60040595508755,49.37480332805878,39.17749913346676,25.098383916042838,18.521130202347624
19.987353176810956,73.42365834040238,7.786376194622237,87.77018264302195,23.67862372585612,24.32449628308961,21.925625655952906,18.08154697897723
24.90743432003805,35.51977672460374,6.749910817986905,75.2841606813074,59.70305697345167,19.24853033832212,51.558578657564084,16.58996975537294
23.556706805399312,46.42578250592901,5.5044299255226665,89.45459869723304,82.07082817451007,34.299885014257455,35.08249426865655,13.797064127772275
26.613592801690448,32.89437907602276,6.319384903542813,76.92564160580147,60.68575017299685,24.11734856558472,25.234510191121743,15.465522691799869
20.863845282238387,55.877320489953114,6.561245462687228,71.97983493811857,38.18507612284389,21.310885935293456,24.59558367500128,15.454404471421602
27.596732571205862,59.30608174100486,6.543678712630132,51.60949559269093,33.77081181231553,51.28969201402085,36.44185018373528,16.908741833862297
32.66369456501289,61.7115223833978,6.1345934371956234,102.08434348663236,35.705467497388916,39.02289110134707,37.23936119727307,17.22543902130855
24.456199257715713,60.92825029330703,6.6226458713184675,82.9388288020884,80.04967820573069,37.34553621774497,36.38486170467528,17.191512866458414
27.008558610494706,46.08670003782408,5.878749581540307,128.98836217704016,45.09008839217846,38.11594183849251,26.595541130802243,15.415142027171806
28.450719958555563,57.14638733380176,6.027545638657466,56.57811723823178,40.060349092579585,28.621678492070302,32.44674915531342,15.942274395359114
22.993897640570818,37.53829997091377,6.822898820801855,83.73749334856363,47.6234503380915,44.109761650141685,30.887320781067075,16.269866711006078
26.120462409052084,80.44843462698375,5.992168384560087,154.38721661976246,45.24639427091447,38.692996732674594,22.509917020492583,19.0292843951537
25.062962003908975,55.44560890652998,6.769105802746129,71.81171448706452,73.51475539681255,32.42591344020588,22.588049256991823,17.117443823088255
25.48838049274416,52.66670821434463,5.815268112671971,92.90400243711628,34.78283763475545,33.92371315475,33.29572035634508,15.93980225527393
21.13495108072267,83.83410492666124,7.382412941895868,63.52468051523895,67.7096484749067,27.725412867877044,31.57160864834927,18.514514411922814
25.122550871294713,41.36630199676156,6.112865038797973,59.547174616570565,51.83138144676627,35.93757127098165,34.42681368673769,15.708428798588956
27.489991456227248,43.11619328952047,6.388166714098278,146.41932949263034,68.10539770141528,37.60372119217486,36.32818430954975,17.898193240982383
32.25571803897521,43.556695126971526,6.665306630545203,105.1311847791144,73.73928565601076,35.67716670870036,41.99506097998023,18.063791353493507
29.796354130426035,58.98192927450777,6.217325023749453,104.0103651471287,51.27196450869643,40.551545573415865,23.792764911071625,16.82379821004234
35.76591228755778,66.47447444456397,6.571702980535652,49.11051294651333,45.27404585601251,39.21488295238244,35.041889589803056,17.828542502858117
21.163262185559752,71.09513202176751,6.7876783622600625,110.76224164324908,50.99268247797655,42.30768538664607,35.993590532229476,18.841637869202323
29.361603183603393,98.57992976242453,6.980306616251743,134.72265837981476,48.57843991992303,49.43097036921594,27.502956699796442,20.0
25.91671002869176,26.258513186988544,6.8957487179864785,134.4843118248559,25.14550316391908,45.93023477213081,30.974905468554148,16.101904235114098
35.94901466608836,69.13103383686625,6.414094768098663,120.04999688818482,73.2872056067761,49.54589840510336,27.707531546431408,18.48775258208234
20.958508573224243,51.64304141141653,6.426684112978199,66.11543267213789,53.68677526071785,31.52265770173771,46.8687230668574,15.299021547146866
20.80139078909612,51.2037727666684,7.674554279012517,109.39370251578976,32.55351222423419,34.913851059113426,30.83882152352885,18.452924001102918
22.00303677277989,50.70341807619184,6.974944534124646,120.02754881429823,18.98715019702387,46.535966839459675,33.61204086969114,17.51899473240207
14.380521378450965,46.3684549378804,6.039088171839893,46.16669244733296,15.086011506044766,46.71477671432086,27.888125624662308,12.622542241919772
22.371224891596196,85.26787251905178,6.549994081882776,66.36161225554646,61.55720655031255,33.21379382463118,26.162923469993682,17.68730301319292
21.20433669223151,72.63445990520854,6.3324284306109035,126.64471965230325,40.71533647389357,46.11583925781743,19.58397870638658,18.56470929334801
25.75196893238104,60.347939678360625,6.432332883038445,126.28137330015785,43.176489978423,30.56467883354058,38.79894899780266,17.931852817024478
26.708779878885796,80.265236287305,5.885252421145956,53.542508991358226,57.322313968082355,44.81055724141794,36.14749997917281,16.622874267929543
34.38085419607943,37.31206552051687,6.294038382807024,123.85064377807518,42.25927765847332,39.73703799134359,27.59122844448172,16.555790658692043
29.75211919093025,40.039423030036104,7.405777886596956,102.85910197460854,58.197866240802696,26.155643960936633,22.79704077548846,18.265491886724085
22.115481721687985,27.330484017079684,6.789538150437751,123.43026863821454,51.42896096565073,35.65926178240593,31.439268211361146,16.082469545078304
20.50792664325821,49.50878189815069,5.25441929592427,80.96436029698175,48.73805625276146,61.82267809695493,26.018425549624247,13.185290106651136
27.459595857532527,62.425477900571295,7.108361746248973,119.35550489442706,26.408743914627667,42.027803628049945,28.22365945094303,18.507973988801776
18.398833964896788,61.54287866898501,7.044814761454581,125.31486323456873,37.7040296534171,63.0044997671826,19.89152044317693,18.625318409496526
34.157293829271765,62.240128665898204,6.320357347846792,89.45995193632865,59.03803048380299,25.560734701249636,31.73655664518424,17.159427956718396
30.897200603606436,38.83414753400877,6.858631771891607,100.53257638519858,39.76967277703923,47.507417926638425,31.896025615909995,18.02759670145776
22.654121739476476,72.04732113921033,6.0703003945914,80.54435111486039,68.08054333676736,14.656638081928843,38.75778307391747,17.47423730127557
16.43432735454561,63.59441277358497,6.264872141866821,149.54916846057637,85.19601985990097,39.997645150852165,28.794067450939146,17.34584227602321
31.769361870827066,70.99581422198997,7.249273180334927,96.39184182022701,59.845779512619835,46.31217377651321,27.33150018236931,20.0
24.42730077373691,31.60856733614922,6.364134980065145,72.33927024468454,72.39247837047736,48.37890094996276,17.5459130710622,15.858512068417795
31.189081559867308,64.67236288196685,5.565134169022505,78.5252225837575,60.81090857444102,32.00730275419587,38.80768758690103,14.83061790777014
17.027861706028165,42.183521401237094,6.468348388609332,103.80311803426339,41.986069659917185,50.390904219767364,37.14258493245568,15.671392073644105
22.003124885231134,54.04015121172957,6.4607058035428215,122.59993515334635,53.00227497211137,34.66285239955305,30.229907531254415,17.508452204274477
25.026218498590914,68.01547347954575,7.0991842846867295,59.925194645484346,80.19981419146163,38.35902748887603,19.366151563757022,18.70203047789872
25.23490296882371,61.366404093838696,6.50716821108788,155.42980008827345,42.146693860588236,35.666777806433664,20.283783751294866,18.683098374780815
22.74967264260378,47.22690030331022,6.2892088442798535,109.26025882166849,34.41009051682889,28.636106492676685,25.623152569885683,16.193632253784912
28.114249661737492,60.094097342766275,7.022528072615603,113.99367918908237,32.98708365327096,55.69719587420859,37.72180567093331,19.034044516898145
19.661897853087027,37.026970271345355,6.560395116250555,97.0843136852969,46.73705924249676,40.48017817158077,32.3227010819331,15.83608826994246
24.288102574893532,77.25401093847444,6.124988659217141,100.57776902053376,34.94791867035407,50.87318378658628,18.053142488945795,16.8168300125454
25.601478158559495,56.92073970755623,7.077498780270809,95.5515058621779,75.11029141155856,50.447112417646004,33.233695316801764,18.607288302922395
27.572194170293745,76.7782491638299,6.596830882258399,130.53387907107881,53.245348018869315,30.32059785727017,23.28682736663314,18.588305115220106
28.558074390444446,52.10202469355936,6.501462983339719,99.76214237639888,64.57589464640755,52.161272476716015,25.822302187902835,17.443446291723777
19.376789540810655,52.14636017390126,6.588954195705827,123.01150655478129,45.52001914130452,45.03414243549322,37.773904100173645,16.820084942193294
17.32942914632189,48.5371982004323,5.964665814291702,86.98457429942283,32.897042033658224,29.590981355271108,36.124032670246656,13.869515218330458
31.388384109492545,73.14260897539613,6.236173111910832,105.86921584936947,30.359090818500842,44.488508313415046,38.744799062603384,17.563035737174275
26.661570059897958,49.35853264007286,6.501791300916391,75.88238967281737,36.38012386732819,29.770321151319322,29.814931847326303,16.58672609990489
21.25756731721723,69.66893148622765,6.40266815248766,136.49584697648612,55.21288241040067,56.0645836797864,37.064196462929495,18.208751284702846
32.75575987761261,54.26321403496065,7.136214191408298,74.98758277842653,57.79824397651922,48.13786744922096,25.31090988989554,18.233475958654214
25.578373171464293,30.360550501625706,6.6087029263635015,90.2506166721602,59.047941095880276,39.288514378089644,27.93947252315765,15.509977207777933
30.896485920319133,51.44528898320301,6.9274519613182015,90.55118762635766,27.669909743272143,52.648036182171836,27.389654204761673,17.853837529875378
25.337592407050543,42.31337678455727,6.504697677287925,89.38145836978696,49.99386221152595,24.180123552964623,30.190920145795953,16.91133258298393
35.303739624409936,60.50854085523506,7.028144241873061,121.6748730832881,34.609072536614114,32.506586998799584,19.708071309503374,19.725383636096446
33.776704212216025,42.14388396488265,6.698763878286577,90.50026705790069,56.02198951376792,37.47580278259628,28.199960775013107,17.550225510095416
23.75517925760463,73.88962651071925,6.506710242694232,141.81773591623218,57.18615583246178,62.35684681425518,41.61325841214991,19.167923378895534
29.857854754771775,58.63386209470459,6.493358455520488,75.44574741609496,32.41740429460343,29.295170991265945,21.259774705508526,17.29801066192495
28.22687974792574,57.336060078618914,6.022780686854518,105.0813240982812,64.52044410794522,22.926940582593264,19.36542974467974,16.30837013498123
31.84315778766174,69.83838206681374,6.753457860068155,76.72642032062201,85.08234412292367,25.556144855017294,20.010493378702176,18.5082257514375
20.17538269709948,74.45860401113794,6.47989763273181,112.629183475944,62.522536063769934,49.062158692056016,51.294875552597134,17.837320796089916
28.430257299992196,59.69851872345522,6.249004019909398,99.52150819069689,47.55748940673343,34.05807729461143,33.71881584696302,17.664990012903456
30.29212243424794,48.43199550676064,7.053230885406036,95.34813865904565,45.251814451853875,38.409133356313866,27.83787692526894,18.536973400380727
16.20630256788443,33.390455758318055,5.8748919870525995,135.65424899510572,46.86404027491238,47.62832641674484,30.546563304065092,14.251311766062058
19.083707436671126,49.7092536444723,6.288752052283783,80.3697438683469,38.58899229834484,38.41915372042089,31.821115193974542,16.176220162446384
14.803839111199498,50.741816300280576,7.013859374389766,117.59545472854,53.78597309978074,42.041466045080554,24.876400194164958,17.03418203961358
23.652965827777212,61.605861794884454,6.657761470460127,76.93120261975623,32.92306113268543,45.35215147609696,25.862266010327176,17.368397049058387
28.58771127897981,54.82279678292959,6.476070536173621,103.38055600481121,21.654533201031494,35.693236080397845,28.73853494238376,17.39674897955808
32.51178526048014,70.31899458077142,6.625501771575073,64.13274015329664,53.29402522720323,38.33682940070316,24.20195929412075,17.416951598853633
25.370473902098876,50.80525093093966,6.589707085524421,80.12448561079779,50.318495986637316,42.41955402321012,26.82452314383049,16.468867084978285
33.14307772785646,59.144382497205875,5.741668726857039,97.53570863281405,41.432449753442086,48.6817927305322,32.82473261864276,16.12444390078328
18.099492708925542,77.75981164795334,6.325369057326019,154.43947501969234,30.7595506608445,32.07630735819351,22.022774563039203,17.89941519451557
16.483087803224226,65.1273782093245,7.308260827256874,103.02411611379323,54.34616040371052,9.794240781702204,50.87959536758282,18.0830332570986
24.722261505516904,59.09943687467153,6.1703379326114165,149.6400494760012,35.14737442144324,46.79583149385647,36.02525288708959,17.37157538539533
26.920327244696537,50.97083337097234,6.340849492947833,106.60969875072753,47.915834737019985,49.27715918750085,19.839322091898786,17.129834528430365
24.836526259529535,50.50152904927534,6.229189618345406,88.38747266575183,76.47457781189667,42.00034162130172,10.176771927195105,16.477968138217204
14.662789499800617,47.240801205720786,6.456492388340931,146.1806956780208,59.76784654363076,42.682932189565356,24.49997371889777,16.340786836559595
24.55439980243606,51.88489701325651,6.208438584337851,113.11052866220257,29.46301006427455,34.3569010585983,35.47488519685798,16.509056541334044
18.477652497475734,71.33498758116473,6.74337075107903,80.71835218351859,30.877226434815462,45.00183421534924,33.92375915560084,16.499792821679083
28.348362744150194,56.67167593061597,6.5986567061451336,114.11714378200892,52.27728639115638,48.531668196841885,29.1132119172111,17.110198494347642
26.832991230484243,39.753403959281535,6.886773807553509,91.2221575027717,29.370189769114685,40.564963414184845,25.188460310855316,16.531775828298713
20.300601068363225,86.52253939589676,5.974529416905519,40.32897411486112,19.974117781485702,64.91248330007267,22.76694900806456,15.560483218753705
22.430665413316532,64.79947786717744,6.329829758558549,128.07919477796852,57.98558016945085,24.362589123286206,26.779335431123943,17.024949926297005
19.70393239055524,38.89584899230246,6.387138684193933,132.84802166925786,54.814036314813016,41.62961670856347,21.900960209379182,16.245917388365367
24.68660451363414,53.372266091387644,6.727823455044297,155.13826089976826,56.75897496918699,28.256470376826854,26.808977950332405,19.198495864634122
29.775711602506192,61.66329574242627,6.103389401396483,112.66431076585788,53.945527727268555,48.7984592395689,40.64760748658257,17.921808365283407
20.07136976832228,85.56888139946065,6.957826902129172,92.53829727752402,49.020339324914076,24.185245719578184,23.830081606004804,18.910113986836205
27.520232577589223,43.378313126116964,7.093207795258804,125.04968282135758,40.06717178485009,26.660784572823015,34.887050264415905,18.73501273983598
22.348711908137798,74.6406107903392,6.005563826182208,125.4946109595672,57.74202449131914,33.66813059450796,36.107390503873624,16.96286837537899
21.03563583868828,80.99229640458515,6.2545635525532175,149.14843549409267,72.94825232607725,42.658321698554,21.36318945171267,18.57105733087068
24.464848200227213,50.57018542388145,6.2340342458539535,98.66117130800673,42.48156488834819,34.04528611338383,23.253025003523973,16.56844224721565
19.82378838790313,55.837295717096495,7.816193102338749,95.03263082297217,34.68889684687552,34.14558737400907,38.55154749589432,17.950972046296318
22.23175347326409,44.455361289393444,6.285049947396057,78.53366740724418,32.973208708831415,38.19109545073915,22.593887682794417,15.13999818294604
19.010610537055758,56.94808288379543,7.338812721078067,116.12386260175604,36.999046499994236,37.57759840938493,29.540114006313573,19.042077150951265
34.82362566458195,59.451150384856035,5.8666840024466955,53.552149953074945,53.03897786714111,54.87449388318524,46.319870577348205,15.934723516609916
25.176317759858645,69.89474997123556,6.005174516917818,123.28262118587693,17.90558654669659,46.85911119668968,37.838658056490914,18.084442530801542
21.50137246003707,76.3527520653067,6.1566977340759,117.63505365597369,56.58755636648489,36.75423260215356,30.681843613884528,16.688919968883496
26.06989955367111,48.7785590306753,6.077155344276739,117.55210607375116,59.65869515444234,60.97011911213614,36.725844596250035,16.530632703563175
24.438359751545853,30.490124036610084,6.366050632920751,104.14675709505521,23.0288246008568,44.91661174856009,29.552623317487853,15.804455939821384
23.895152002333887,59.681328310856365,6.145610898639251,145.98934742593255,35.31229345583601,30.310379446864513,38.145854665627795,17.40951339074367
28.070833500217127,64.40306294952961,6.090329203632713,126.1598039628059,51.19521469768121,42.56513739991844,13.629876549228232,16.57800558351495
28.787538550236526,63.741265315275626,7.079235998236664,81.78768425872902,47.84795404543403,45.35512544865315,28.88587202900044,18.582228955060856
22.34749426194736,55.09990128736434,7.111896811256583,82.32462850907059,57.794562024028856,33.12375280938652,13.309280747257425,18.849881246372327
22.1209087967766,61.871281494959014,6.974648249187658,73.6097855975609,47.88294767725451,29.474910891939608,31.29084150585463,17.626545032877562
23.62474151424178,82.73167212528371,6.761999477792164,116.53849998326763,68.97154290162447,40.86459090042442,28.110576813818412,19.851180392332083
13.490394176322075,65.72601253443764,6.5463715328897765,69.99583236280131,45.18245901434477,36.39778228693964,40.88583877313864,15.162829489692154
17.42404468900724,54.399473624953735,6.2514846546670455,132.50176430750057,35.25450519920369,54.79127888455442,35.69461894878134,16.498100322108396
31.83437133722262,52.49703274356007,6.023421247622454,139.6891992503663,34.048372006073656,47.411558240849146,25.79129849967947,17.239200135518338
33.22483856750642,57.45221463483404,6.681497851716344,73.62951193148646,61.03202763922533,33.5922472591342,26.750269947353083,18.31537126274805
23.75481980221811,84.5510994274596,5.913184803726601,94.43354396221439,50.44431712935374,44.259381109485886,33.045572241838244,17.79391431936635
27.882784815278832,57.25048935710704,6.003039535412303,100.4986294408724,59.505738510877926,52.67128142724739,25.419515259573817,16.954443363977163
26.556250772717682,59.70308483218938,7.076456628102405,126.51949481409002,59.196837488437765,26.0619555410035,29.74101770892364,19.18259769362463
40.394404042276186,52.765296435955456,7.450324520861043,148.2803012682963,19.70225220854239,29.77221759012248,40.53358451611895,18.76532241917349
30.597874557172883,76.48475036162947,6.6966475690832405,49.43522821394268,32.89876098464835,39.88831382720469,23.36695853175697,17.077736367471275
24.360412042596167,89.39755882117012,7.053228576147323,90.45457847419951,34.69062439244269,40.35601967905034,26.418605072348836,19.589906497362914
20.22229779699787,66.75919574147082,6.377075841278009,92.0194991331896,37.759037172623565,39.478024945371395,27.540541236405467,17.180434248984326
16.96776839871214,61.24159355678139,5.831162906956158,57.97990435340357,43.69467010135211,36.89222821212322,55.26458740948499,14.78259011635163
26.017318179336115,60.551742497613525,6.806085809309292,85.44669942087815,64.98724391925779,36.739396775479804,34.86594130005734,17.645132345390984
21.218246273578483,24.235398168213816,6.784644661635032,112.83306833051834,67.97723528575848,43.84258136821629,39.05654671238274,15.606387230994816
17.88873145201163,71.17726296427226,6.535834276940122,91.63963291481328,45.60663754695505,51.33942553639173,36.14500569502707,17.615369991837223
21.767135578787368,62.012496239937654,6.378812270947444,53.66136494177759,46.230787080128835,35.19047270311573,36.683150927882394,15.638872384862566
19.592259981928024,66.42513075991087,6.981105289290549,186.2224809402974,39.418494139140705,64.38399345170654,33.788588298658304,19.123627006933795
33.43570817536283,49.328067088744426,6.007133483286263,107.98533595612541,51.33781545857816,59.60691435740317,32.92215360047274,16.533902281022982
29.408198784747253,54.23314681534362,6.113109710554671,103.35082390320025,53.03781324100905,53.292556295800814,18.394042764251708,16.673434413579706
24.960136793416915,53.834625952452406,5.995946746619786,67.06220910798861,62.09713332503398,46.224833345615615,32.86291645074352,16.301459652979762
32.39972069445013,75.32434476109559,6.542486481317914,107.82118485913826,61.976580889738294,60.07988106470156,29.133251260856337,19.77195191818108
25.38684153823809,54.3186024509536,5.956053493945371,95.07358647875517,15.46822923396423,37.098846350005914,34.36365522279596,15.248301341806297
20.69357899335868,91.23990483164697,6.1578789097423785,43.3442976185378,47.71182578544323,31.673955880097655,29.433126666876422,17.3027478044098
32.61562038634828,66.46293628522557,6.147122218886401,67.89233679956752,70.76150046335155,34.74027940596016,36.105314341823934,17.182607592473023
27.694550218423295,40.864760100064025,6.3696958338330205,123.84778053021834,43.428276090426245,29.970571969099183,37.51946056919344,17.436251313945945
19.81376922836772,58.071805601220646,5.756312776798012,158.32052950001324,67.08862727544933,41.218013223133696,6.702719802833887,16.93315231349513
24.04830660958196,50.22487316765377,6.543602496018633,111.01496215129134,45.40322299983217,42.998304641277436,26.528857454672334,17.10346247767732
20.621908733076214,27.084262952699635,7.123651825332339,133.09249834880103,52.62385201162946,42.008398386811066,15.140904752894986,17.342935238067938
18.086001345178317,83.99206410170684,6.567745686158381,95.3273407425037,32.94663961401277,39.875686478182004,31.911556437135953,17.493331711670013
29.630887737658206,70.54713813330005,7.2706605724006605,97.4036151795819,33.51127163650228,41.33154528171615,27.594332977167998,19.927105628731013
34.54708320235065,67.99810976848968,7.166999092938463,132.72937082858397,60.88237358394522,57.36323808849889,40.84662776469284,20.0
18.007162130904295,62.481054904495565,6.888867523623928,149.8833186753841,63.227274203009976,46.20051867639084,31.65795729440702,19.112791321087634
27.814846183452854,39.269736469613434,6.537342921318443,139.03290080396866,50.396433593007394,49.225087966048214,26.115760188290295,18.44917360691466
21.746787154390866,52.74574290666845,6.51125019412272,68.00910773845543,31.587136360424132,41.90789936686788,37.50857231876468,16.337777286023208
22.56437308117652,72.6267116217602,6.88189988618163,97.99123329054262,50.65706834910822,23.844113015319223,27.454380337380456,18.34436596086876
22.038030378805654,44.23169955326246,6.304164695247984,108.32574053428885,68.85852441011417,21.86117529530489,26.01601955285065,16.126053319770833
20.68004615160092,22.0234602562378,5.558739624266268,92.20966109477413,76.1429970507764,60.82809990208515,33.14900331713485,11.651494655300157
25.242608139724133,56.59340988328611,6.74600202705148,111.63572630246787,45.24938101511128,34.68177724768778,42.90377111951577,17.70553037439491
20.84524941794481,57.87363668958692,5.934465685032515,124.61730435006842,25.101982246133147,33.832486558480674,36.82841526591858,16.333033465185316
26.352284128899193,62.033451246220636,6.018929385904808,130.08429255865423,62.60545399332168,42.456632413772496,34.53544772225181,17.95982647467395
24.748809452754315,70.92777965271804,6.500111973997894,150.57610456664568,45.86055355317499,45.50402978329928,52.00758826817331,18.839100423171164
23.80525976566795,69.56408718346813,6.452437561223265,90.11676685825496,64.1456096234156,46.768621373344125,24.14071970912406,17.869805898805563
20.46218168979201,63.881547078658826,5.793962196842185,59.07900505482058,54.21608337526429,57.74418532880004,23.962257304463147,14.80237711538989
22.116143347158335,77.93297082130064,6.58274578206657,110.74703782043359,36.74833841357225,55.007363826579414,31.16455584351794,18.861869609100832
28.77695612912878,37.21545328780028,6.983069830430524,156.51433093554405,50.87366540989071,31.890667753611787,42.12021107283771,19.78944110700408
27.504585938121902,67.56872721716086,5.935829214867109,85.69072420137823,69.62507550581492,49.68734573421789,22.46651218964318,17.1835498397756
20.112223776007244,69.39807545005414,7.13624166542438,120.60540931191159,47.76269016549134,36.159090817892015,44.03658078050448,18.568176143151682
25.49666152714613,41.40656570879641,5.719914587435028,120.87237377417928,34.477922548319334,38.624912555692234,18.487020084732897,14.956024787115451
28.756935616858947,37.45694086976416,7.558662072185477,105.74326142033827,26.17033747105015,29.060107940486372,29.03025559423057,18.748194318901565
16.652973594393142,48.810868102865975,6.294369784758258,100.20774163131144,38.417529697030226,23.069271461685904,31.387725325349198,14.396697200957437
27.716800961899676,50.07687836227062,6.572808498413446,72.29712382835822,43.84795607343527,39.68438287367711,22.938944669456788,16.47001719171803
21.686881205270765,71.30129195253646,5.553983213757165,31.550137827382677,62.299987038758886,30.440180838887546,25.030125080542394,14.377898511731866
27.852993342965796,50.78191824463357,6.4689319667653455,66.64447880007913,33.18726098282568,49.27813678572036,36.373043834685326,17.20765311310255
21.183704217287417,47.15477222578194,6.614241088859096,88.29087552664902,73.30627828594453,37.18921756479878,41.53244594008987,17.008163779916096
15.975589496677404,50.82549394958161,6.4569189479502525,132.9226806226812,29.94271683738213,43.08590218949874,13.083117100031828,15.795351560476012
16.862287810584185,76.77948501231317,6.218459461473813,96.90615812945873,84.97229138835255,53.675257539154316,31.441891083674516,17.341453376761876
25.24042473330691,60.19565061565428,6.026717740736093,84.42922843245555,75.88277835131707,25.14704818217892,29.093528771073576,16.52647027806442
26.29861250860741,57.311234619646314,7.065263309768655,73.27043674139709,52.11749374081988,32.75382611450313,30.859170844991603,18.10158499557509
20.478416874477958,58.34991751948422,6.515403567498975,119.7041748552844,25.284596978456115,41.8088362456585,27.465868195070385,17.0476128255101
28.19296229388687,79.38090501489783,7.270376188258386,140.75071499291815,49.16863907026367,43.12524815823261,19.676104243549382,20.0
16.6923996886552,48.76242410095137,6.236758822602538,131.9030716560238,44.19738563020241,51.03497501272326,42.338375824356966,15.549476734116219
24.66960100676342,79.73262436410155,6.282602653313892,118.18449099275408,30.88569165423614,48.67153129040598,39.2746367866456,19.59035735059594
18.944919001187717,63.15744448382255,6.907797122298081,55.7316176085118,54.365144408711636,40.96933625730739,29.16808648882494,16.893806404531023
21.740819460989204,57.593709270369786,5.688512518998218,89.44977271468686,37.64535305216534,43.03404670597255,26.09349430021326,15.048938256674793
25.23699335658207,97.51350746901423,5.893268319923538,158.41912686669025,39.27641229425628,43.3107589099049,25.12447496795296,19.012489869897482
20.69793317358024,44.165407653021056,7.0487424856765815,133.65851475745674,46.944820481414666,25.302876353262445,9.314774201484159,17.99732691786713
23.077222278850872,54.69471360649491,5.914033035388402,53.87490345295825,41.37636756941445,38.43624522645038,32.83056059681929,14.07092049557468
30.0314640460722,41.51353141254,5.590474492348726,98.33228430402185,81.17234925665043,42.484732179970926,36.24258872242275,14.231202159464612
22.115540652384258,74.28692955804254,7.434263594036546,110.89295297983115,41.964280505006755,44.585508587851066,31.103216928878147,19.540040252459875
29.17846056032571,85.33783400477517,5.803091176062897,77.1352461092134,56.61321517091714,30.756365599358407,29.309308523201977,18.050756400747343
19.351465726711908,85.04884172106958,6.592059699164085,30.72387935773454,52.18283738315543,27.312020874711088,31.067068067892677,17.37686279310791
27.649020889576413,78.35923129719006,6.534542596362136,102.96472135049295,55.29125337888308,37.6546740748192,23.174192153939387,18.416667140144
32.207843103289505,57.035692983060514,5.094685841690959,76.36725227138682,56.43632605416398,59.67366111091494,26.00355818103735,14.091228103054037
12.641777499363553,54.521385337652305,6.366341488416095,76.48474782745947,63.22042229909184,31.807524872713312,28.669335774142734,14.25569574613824
21.015523722647615,34.93245341258903,6.724206624739555,89.35958920207726,53.99669113427964,51.739282473548094,35.57341259811916,16.42770065789342
27.8853606359027,90.53810302772689,6.67715469075943,95.98972256035564,53.3734369232948,55.8473964304512,41.03086698636089,20.0
23.984773069785035,67.03467117222702,6.951760341901751,99.7275161771294,50.87715602702209,40.454665262331936,28.16681725621635,19.058476600702875
26.855729366856544,52.620646426957755,6.306254342547283,73.48030303233996,47.92373221490038,33.20152065346549,21.641715699476674,15.499361915071185
21.980074066420897,79.92085333480452,6.856252221046081,93.39371411097768,36.323031775089845,45.128195636582255,30.28517432610744,17.998515363292206
25.4329489373645,45.40853224859999,6.155335465959964,47.27729888791735,49.08697433869698,41.94990292099496,46.091928900711366,15.112647509568378
24.221613823039604,66.0993305133401,5.7947662917936125,109.33117196104234,53.619010628983,31.408960198096917,22.337548518930127,15.69733299701453
30.838910308299038,57.41056298563748,5.8511358121593835,14.311737599765276,56.03246834859193,33.41197173628224,37.0867259770625,14.086965817094608
26.272104216506065,69.58015709820451,5.768944772402293,91.31529758699142,52.704271594853545,44.535798521453316,40.687684448964845,16.506869467537378
26.68801331037601,59.04639691220818,7.004792983945597,127.5755846103086,46.50567479827199,49.33440408168548,27.119881121396112,18.676546325928364
22.940615169387662,38.23608163333164,5.742713245470721,68.2197793817552,49.14380145206153,36.77209798684613,24.394203378247678,14.857699189960913
22.561968879637533,61.13364559005057,6.637019420324652,121.492906109722,41.69530273173812,39.30866435111947,34.59965346266602,17.694123935312643
22.837209060901895,75.73296212813042,6.367037902963784,134.67198136362677,54.69835986509846,46.6863857051108,32.82573418243332,18.50851674735187
26.972260711891483,59.56175391219022,6.448675713274684,0.7630014250783468,46.68307658128817,38.27513115826064,35.558193370567096,15.743302383574202
22.895077595898684,71.6267268238363,7.18180364759985,95.45911289272773,52.70841407296205,37.006730267041156,46.58967545191844,18.265174185346016
26.448874284482063,44.3170577148892,6.280786316392363,13.726797171151745,65.01204565073829,32.446591802727745,31.33637242701251,15.047845880151241
35.37700399322719,59.60608810095222,6.805800780774842,96.45374663287161,39.359616355363706,32.27315376625969,20.462201208351182,18.46288571261387
29.355623517158463,50.63234317367134,6.518781675690556,99.7848636705602,58.95043071365726,66.68882758223256,30.533120017347393,17.639811903761526
23.369882339160796,71.20471260157065,6.423990547183651,25.523680422674847,50.49815269828059,38.03798339920918,31.93245435364305,16.421490716957045
31.006069610819726,60.47237343392994,7.649984562193237,157.74515086239597,80.31790399371133,53.65058321512224,40.13734909670599,20.0
22.959623134892244,70.35110514504919,5.779329127142315,108.58047422903874,46.755495073047356,56.83993337519071,28.425884836578376,17.158965432171446
14.80937732411073,76.31565639236798,7.144565917718722,74.52929703753894,60.427468747266,38.164177105068404,26.72745733043692,18.71914624362924
19.95956844541298,70.37427862682082,6.828203282744986,143.96138282495556,50.23030177633966,43.68429808434769,19.03044803066728,18.37296429412962
15.646040394870722,64.09677651440467,6.260237502684108,46.131603380730496,29.175432375297593,41.02478482033032,34.37930233651304,13.971549087826675
23.242432579793455,45.026816122328924,7.314659258720806,63.12486899445048,42.18966356721283,23.878176493413232,56.7856574843118,17.116101385015615
25.092091895947757,59.95820833999648,5.575944943805732,31.016334289903043,63.207066581425906,24.480269877518378,28.21927212796849,12.830865386868131
33.382186561376415,52.00364396976251,6.239116671350464,154.03135589618003,43.50958309087591,40.48848466904273,33.61563963617559,18.444692493610887
26.634636868820813,54.839040649436605,5.895758897865462,109.9703911441601,16.69615527740579,35.75086461391404,25.617337173480294,15.909524761066145
23.90449735595568,54.38198773874624,6.70604173243573,119.78205369545485,49.52895474613244,58.9158033839359,19.749720640033274,18.25688591747688
29.147027905917447,45.30111637826633,5.943467949406411,109.03003701755428,33.61495553073484,37.634270613053815,33.47388751360425,15.734517816183661
13.944323454960575,30.639921162990152,6.716531973370659,117.21303283433754,51.97726598895078,59.509289970681245,30.225506267497536,15.462671013903076
26.17807279054283,49.977854275083494,6.406781792089223,102.34233141687969,73.26720622097028,35.23608603864456,10.915566855473411,17.34155665637781
28.854325969434836,62.90069177886239,6.260323028671958,108.12764028122324,61.54185966204355,59.122004206089336,42.880229725920955,18.13171587031342
17.607068771100792,39.777344318587645,6.694323623016655,103.22810308668852,73.04983743109966,45.064244969473464,33.32771501069693,15.585855496127158
30.718770216034645,60.235233547074365,6.365689188030968,81.74224583292164,41.57731967833263,45.63291895771197,30.591164400828834,17.388381752617992
26.69248203747207,88.50402636466447,5.955682578470481,98.60125704355993,47.852504995467015,34.8823604326635,26.62418508726153,18.702828537609022
22.923560430495993,75.34584832878359,7.9006864948174895,108.20783719785032,34.33345704788331,45.76917180403689,33.24235288394473,20.0
28.163909330531425,84.65312263680794,6.2564164084854275,103.31647358656393,39.73934832439858,56.92713433081251,33.61116761932828,18.751739730341818
36.35346428902198,65.8669181539909,5.391195459923993,55.66683676740049,36.0967275157073,38.55172505939863,33.2105709898137,15.257746690586208
25.909331275292477,77.51264734479669,6.078950655139305,59.65039994174772,30.39915546182064,36.60603184633382,38.543944356027914,16.214662927616956
26.24110293150168,49.14052904298319,5.866361655813635,132.48524301749174,70.4878493799701,37.53237461139911,40.36216987066676,16.981966368542317
22.70319550229878,50.334895994670234,6.9130728080202575,90.79017862349795,18.620595574603666,56.20111605006437,46.044744508947176,17.030684573873017
20.75077815267604,20.0,6.660826329795793,117.54176041107822,70.55208357206836,48.55351207001086,23.305262540410226,16.495227638159495
29.151679082721227,77.79218211063449,6.699356400895172,67.23640270832811,68.69088387380347,54.476799904711186,25.41262788986226,19.19992824091053
20.719580870455665,83.1048596972983,6.314988767081378,55.8056237006041,57.49689013218497,43.136227104842696,32.8894573363331,16.82920558969777
25.357831186096963,51.70234131979095,6.360324876471539,74.6921016240486,33.282390978588964,40.39319356777832,23.76727313009772,16.047608832115923
22.611712766174417,56.190724404041475,6.314534448196166,93.3230478768576,26.26737332835189,44.23944039070633,25.055879421022233,16.839772340744585
27.39489912873196,48.692068294635575,6.459403407932265,80.04579102146764,41.77394478104654,50.7015853441254,33.80183665205304,15.830353246971422
26.66831052643474,65.73980327216238,6.917666717682418,138.81800569317141,59.37680684509886,37.52881757412135,37.2067388398388,19.398501105331036
30.187699721289498,76.87398817954862,6.668037706252673,105.38569904612385,50.04595456161012,53.68676993356787,40.207423622230905,19.70615240205673
22.449918005726264,33.858420391784385,6.750056414810433,155.46815855685577,34.34750757357864,43.65830557065877,28.459084689939193,17.251910293932884
23.650625323533145,66.14157795963378,6.749779454124601,112.13224462214251,67.22307176984735,15.937218619698218,33.70522370830376,18.44160699562865
20.106181421088465,55.84992342421282,6.942221218690869,27.623475462405672,75.26574992272307,48.83493427105194,31.94206188715016,15.402640833945924
22.778533699619445,61.70091587950034,6.644075020770127,131.68124819375663,46.60101253978104,27.276949867380175,30.141259561439888,17.7118676749728
26.88650246522426,66.88491002511437,6.6794240363394595,54.71345132590136,51.640053553960186,48.59172760673987,23.471926678335862,17.911525677885017
28.78494308322676,57.17696341840768,7.094403120596578,106.91601001634018,27.36726974555756,49.01517998238166,22.454311286379827,18.3167747803383
20.389173379111874,58.44619719891329,6.167477040998444,76.75947827008466,43.784199258364474,43.29892597381208,35.33339823964765,15.0660548635934
29.3480296005283,56.79187248668042,6.072128710024247,164.2813310339256,57.656599670014906,45.436808988766934,23.337444960926383,18.696642475555496
31.778189294024756,74.55474302682423,5.907039200406572,143.18793782290408,55.32284810386666,50.98870787843987,15.784649401383787,18.57775356642435
27.067174516118506,66.28139940191245,6.591457281810128,77.74538074894726,42.3849822618544,35.04372326189272,29.745909413678497,17.111811256605495
34.38397906279033,63.30875306606041,5.573133879390438,96.17926995636665,45.886347372853294,47.93429659702478,41.641922417197996,16.01952097346974
21.131054004482134,40.93572418361576,6.731077048029839,107.33794208947653,43.29183895183172,51.63023302957036,7.641196492782065,16.12671533574924
18.776726483442914,54.32130385180269,6.445403452749724,125.90242214684831,45.82302929422423,57.60082597538479,27.693357814771904,16.903932944907755
16.106398755478608,73.48003740508761,7.067319849910528,100.87455736975038,56.3485220377719,28.942197139402968,35.40171892260986,17.99827585263182
32.480221557445915,60.56544859685884,6.164041344767504,69.253153018574,20.486943719463163,44.08516064987768,15.412028534281589,15.971770640503431
28.27182828177029,69.89297204383708,6.398340857291247,78.47324082399841,48.884757277881164,30.385108009385355,28.293336670391344,17.934618172243493
24.722076645447725,86.49767700491451,7.061101666646684,99.86554610869626,55.24963303438534,29.96077982298502,20.884342043579665,20.0
26.399843131599102,75.57909103813225,7.191567823389076,137.03370936294073,41.44272971538384,43.5902777240598,21.942575087944913,20.0
19.372554763508116,61.397375065496135,6.15992381712409,112.83513581608132,42.81000434052678,40.774558147961386,26.780654338383837,16.544247948014128
37.228759898084135,52.33516244706409,6.59089061629358,76.79755220154952,43.244083387768256,51.45001478521985,21.01481687894264,16.63112364042992
25.646105909876137,21.696756059161526,6.647209488842024,119.4511833312937,42.8142503969426,36.53823550405791,20.3495943747855,16.89633490152486
25.546973973024464,57.474226162907215,6.686826702810574,88.39045483365521,50.0882566677556,38.65948563802989,29.526145987663966,17.540368855632636
28.62883311949346,55.109812562747265,6.368712170342189,126.71224015560524,51.935041370206754,42.11504262338185,47.81711248428549,17.527540907524003
27.405046158683565,65.85549291593064,7.140691699061818,175.81031254985817,18.492285256493005,31.38171148563544,36.06194653958285,20.0
26.119420121395656,57.69142159537969,5.555148258189227,89.23520887169352,59.793205572084325,32.76930154984069,38.08426213630684,15.427657249773748
21.04762772277344,55.19422410844808,6.289434882599458,124.04815479179113,45.650016734795614,51.16098665772553,36.37809950735076,17.23020708630154
27.357341785679978,33.30901604239169,6.723965366386474,77.6382000388681,78.99444763202801,34.51044958718891,24.41989109856626,16.063817415385802
34.410122482375165,45.900482562749005,6.728612405974672,96.63208698426108,32.125271916519374,51.82476566449685,32.48665783292928,18.037771695993815
31.727100230774887,67.14976561200837,7.1763795153073815,100.88686860616303,36.99028236868503,46.073125806682945,38.78155408753867,19.439893005769527
32.965933133196984,85.73861446699041,7.099112696600644,94.18949019866858,46.956365321251084,24.524689745110646,36.62669974225433,20.0
22.443921617844072,58.537119243815646,6.357229187346388,173.89041066325072,56.19838174529053,45.30378691837788,31.55640805894708,18.09268325262224
20.051975898707095,64.91716610361185,7.1499356217653025,90.80220775964852,20.738490089427476,45.224798230941275,34.16037195355115,18.386738962685047
24.37106539950176,74.28717235429208,6.142979128111272,117.60554616354604,37.5634992182584,44.229286085112854,49.702991721353214,17.88162516679052
25.278624561443472,47.836590956996254,6.965443691395919,42.09739392029703,58.869802408607654,38.581232736169895,36.715545737250764,17.336319929233756
30.470957592354743,65.50221064928164,7.405261239210496,112.95989690108831,35.77814080351186,30.59932544608148,27.47872514241881,18.866255101427104
16.537676851425903,48.89264840501762,7.107472053427484,134.2616377705674,70.5503956456434,53.4621276611262,29.407703949883224,17.142465447467224
32.64775159730307,72.97236657736518,6.552885191762061,84.17207972262847,43.19174601726392,38.98420411277164,21.566788827268425,18.21834604447019
24.209960507105052,62.27104571927599,6.334110614113939,24.693335768787612,36.50940197987155,31.165938396646318,48.77628758357037,16.33420317577086
22.8655946502629,64.47677720972159,5.735704351870357,98.84044693518025,59.15366386684279,44.574686860880085,42.83095780354835,16.876607363228636
19.93947812369916,48.26102103872116,6.655269818957102,100.51551551156584,74.1142608023667,32.572200292667425,30.665704290176915,16.36373002867324
16.725716640671152,70.60548539416178,5.94239138601454,121.72225152232913,56.245943881158446,30.509139717148788,47.44656095013421,16.155598384042623
29.115852919809573,91.27069381846525,6.103432668193031,160.327091062403,68.90644098834888,36.24527387797561,35.05920035963982,20.0
25.36658983594202,44.88132456857691,5.904627099631664,88.59839048199079,75.14953010955445,33.346022356819255,26.553228659073458,15.760841309618744
18.55019550129473,54.90361488528714,6.269803833671673,74.31135629019158,36.172119801086325,30.877577480154255,37.25162032415838,15.690776467326726
18.524606139681918,63.474112112521375,6.486015292756509,64.9924659588567,64.0758700108938,48.06411762261759,33.18914777437321,15.818441228785991
23.32107650354936,71.79609317993724,6.636807290582853,105.94235851094798,27.147942360446788,38.861721855376004,36.702854226211194,18.166829616221456
33.34510762644697,51.60680572065797,6.199746682293019,114.38062776455504,56.373537976795774,52.522799455158925,19.04726512275026,16.38861757272113
23.702043243181976,20.0,7.034641853197591,83.63033816912247,48.93023164227771,31.454905222700646,23.517486742421845,16.287584823669796
17.48428523440947,80.38784241246037,6.395897371005017,123.36048237177368,68.64425304563093,22.724389623636647,41.9077666409854,17.692891838374646
23.77128467957028,71.40759179376214,6.10613878336724,113.96152230457527,67.58377269477262,41.48770349249416,43.54509993251246,17.05965325667831
23.63638215126165,33.85578704270002,6.6131461336217185,101.29695068934672,58.54675025801604,58.559789218064154,41.320901815744435,16.836903865145707
11.515566785292142,50.88646812330666,7.481776416771908,72.92755837767623,54.476418492242274,45.30986829362002,47.74917522869486,15.778566046416913
24.72852566741094,83.52273644290989,6.667580283267559,85.5440705354583,57.62553015082926,72.15374196212832,34.618946385710906,19.782239267340827
23.84532734895661,81.71694627686799,6.3185721863131965,27.107341069523653,50.926563070648186,43.320591209490885,34.05666690264344,16.293010681852504
28.48103182406709,74.07960034018417,5.736269321940648,107.07361192594101,49.082063883381444,42.355522112880905,22.6943447902095,17.953189078654834
34.244780474726724,57.35831349060206,6.390293839513965,100.79023866242306,71.63867258378664,18.446373289420826,25.35574847322956,18.110345595905326
30.632825147738785,61.24481128218765,6.617464062544058,105.65436973268461,73.44334729517264,44.27947440588528,14.093912621523588,19.199541086615678
23.655556547225846,58.0361129231081,6.306209554372215,115.12957046693681,47.875112034466895,41.686677600192915,27.428111901058344,16.67289716464197
19.46737045629165,76.92359674903255,5.6673076808795,111.57464459296669,53.56454604516117,35.92578801795463,13.531791289334016,16.716078924843128
37.8667990162493,46.86236390257335,6.074717305248283,96.68850458061894,51.22482837159161,38.632211329409294,38.64772936690955,15.780332850152556
25.29609217007244,47.91300517673693,7.227269230443879,101.46004129488257,25.824523370942085,39.31899425657821,33.10719094840362,17.856165425778826
25.06964645956473,75.15411880254024,7.217000501865231,57.870507499114915,44.953466335819904,38.20070847067936,13.79064602883128,19.15183591872463
24.879374564449982,59.334578167326576,6.056680415397701,82.48838062931722,73.99556301572154,60.89714963125961,28.481090462692144,16.8641730437041
25.990423803839278,80.67701033180712,6.836378393599711,101.51413161050384,38.75336187452284,36.29137972194991,45.741244978788,18.63402509019805
24.278197940380288,49.92731689529182,5.910713607614913,77.92439272262918,81.71815193451953,41.693137238538576,28.99467079331405,16.074657767912036
22.13168996559882,59.178324594917626,7.202158140997476,125.80452387617639,67.58189464384074,35.96098916613793,22.013032450896063,19.12031417279803
22.26570529379804,46.1638052273407,6.622617923947118,80.24103757134908,56.02247225819313,47.8343118664388,15.715981845558074,16.24896560717633
24.836233648920008,60.11044022135351,6.974820749308267,106.48916233744949,58.41264928964631,41.76763699972207,15.95482710044889,17.76628102262076
22.282876144331176,37.82179594501802,5.642453326408731,103.49696970446007,36.24189955497462,37.20089426829519,34.284639742848015,14.192842901545085
21.435771086614178,52.685498685675554,6.838818550962444,122.3883278083123,46.02156871662947,20.740320540928174,26.529019021402043,17.50088814326248
25.532151138459483,38.456192026078234,6.496162968157749,127.02373522084906,71.6209866548264,42.4330822528875,27.192046867204493,17.362057668091623
23.725113912895726,70.40884849786887,6.925964535395421,120.82097832903818,40.782059912396996,36.90423726420249,26.562026692448242,18.17952531331478
32.51996494291344,70.74884009639477,6.957433899048925,36.819813958505996,65.91697635423199,39.39259343112899,28.87808040428205,18.041487897363115
11.745150958034941,34.046059042734825,6.532892344737375,135.8244444403938,29.344397158444117,28.175420527546667,20.182696010375615,14.69635952510783
30.45753425961231,80.0082861825086,6.1995851804520425,145.81924672583793,32.027623812874836,54.33282172720196,32.528839949515024,20.0
31.230425962488145,97.4612268962978,6.889848091089747,85.53627147035591,78.52076998379474,48.56743175843872,18.618350049946443,20.0
14.633048837959253,60.69009580104512,6.469922750297436,107.0994073801855,49.82244280639514,54.30705997640632,23.95326033566997,16.924533478631666
23.286562029598254,50.38328609663033,6.063607523236179,73.27504959607654,41.92250169508489,51.46979300780954,38.08662158132099,15.848668266265596
23.142795670021044,100.0,6.039923884271158,41.54864479803546,70.44111240498444,45.923173021274614,33.00963999780151,17.547602713134868
17.962441526410895,40.21547252546234,5.761417791843809,77.83854203372842,68.68732332445256,28.577174912735572,35.48545476961106,13.010137582214906
21.110916562045624,60.30159700303648,6.244854420218468,83.79582881609169,63.81131847885858,58.433871640718586,47.20310714254309,16.156850604880283
19.447120772670857,62.69433408947885,7.051346023037189,89.35447805944554,41.45153120881841,30.723648491124894,29.52276791756402,17.84118290381889
33.761352217118116,80.17721430678623,6.588914899852717,71.23257729982036,45.69623636093487,37.31592375925038,30.171682080199822,18.317450114233296
29.678391965737305,65.39608462690182,6.23511614703848,77.99724499548283,54.67443235587095,47.06902280626921,27.885432353197274,16.97248249120453
31.357775474970794,52.52049156317323,6.90242796909004,99.66981035114777,60.41599013220856,47.565407871874044,26.45268682086282,18.3987458353831
28.608360320216175,45.732234444180655,6.0837616891383055,76.89319050669575,42.37274638972194,45.722367269445584,21.915273380849708,15.609718544250452
19.354741143913856,54.872672696307966,6.547675137166389,116.30572997650084,52.561056659310445,35.9971151867091,30.67251848956682,17.429419724961438
22.37739866860113,44.896089585822835,6.410184813637242,120.44981954192319,54.01086951196109,33.93068372644525,32.84038885276925,16.464355419214048
27.44687280613959,60.717379796770246,6.8895653127941765,171.41163238493468,69.30154634562881,65.34532568606136,33.28616271354317,20.0
18.889360955540273,51.537057302092705,5.711385814540249,133.77039796370386,61.316987434026785,39.606860615001665,30.514910614936625,15.447978435192857
28.56499215086194,37.58943310065374,6.074901127092672,107.29309174985244,27.39797532747064,38.38228615361164,37.40936643855985,14.885586041571795
23.798373009209325,78.82718682562356,5.680877170452733,81.39207109996964,46.79554537271922,32.86443509061247,30.2354935259391,16.063122866793893
23.125895962252013,52.53491214856441,6.370201639095365,108.81242055021997,36.06824945024876,42.446703490709574,26.725584894128303,15.414899992621944
28.55479984101746,40.97794792537031,7.105713751816215,109.79787879749068,58.521311309175104,41.98022800578071,22.584094544203857,17.735459110878963
27.2213165574302,57.47611298268688,6.247276395173237,84.60060732983017,63.84730025757566,39.837737912957046,17.60819830737657,17.082326191883887
23.1951691709046,61.02557348951488,6.244658030902174,123.51194190258633,51.52333978415367,43.81726646787886,41.68332142349188,17.437964778730738
30.79664901682124,33.802999116314496,6.9358622120920685,58.057059559543745,45.97809454058225,57.63537502442353,24.407562996101355,15.813913297436685
19.594683362000513,64.97471500688644,7.034274779227649,92.66800493387468,51.03754689553975,34.04947293709102,22.594662853701657,17.245564363140662
28.07967803472132,44.292636469646034,6.455714466365605,116.6757537795222,53.133789102166325,40.4308374220212,26.659694173384217,15.983629126526406
27.96550628984192,85.66543213786181,6.842357427024946,91.3724755722371,40.3985052242464,33.52151547449444,27.77288970772963,18.696194186680803
23.452267803430047,67.85940768115103,5.961522729561027,93.79736789712186,31.71933348845952,42.94698360825628,43.10809948722219,16.631969064376396
26.63066511121059,54.00150014836026,7.188987166962707,95.86642416423159,19.247914361669704,34.31530498625581,27.374823175270635,17.801587174172905
18.744432118073483,48.82248344523975,7.574353146968526,74.93196277936764,69.00773197608326,34.7455700856581,51.06706852321315,17.567976077862955
29.620135096034506,58.42548438654564,6.7606078955943625,135.21702794722626,57.44549365452449,25.40476625944374,30.509577637225462,18.956030278008434
24.075489317785056,69.19186112374935,5.4578341893286,69.45886984231555,55.43766517016259,40.97794782819675,46.456225991770054,14.837388170187884
22.386384897404803,59.617588071222,6.220884868801108,109.54477982229656,68.97798331929424,44.29769621904977,37.15143425144577,17.60915585779227
30.245046129184445,56.74261789294715,6.806412660834661,112.40943694847121,31.16797985461374,58.604763531922956,32.8882993587581,18.49886627393194
21.478281547286205,60.87555436226843,6.2892585014168185,71.541342963731,23.96553686217472,44.69502481189845,42.6227850658999,16.471784969637017
17.9576935181822,50.94211603144568,7.136099277125049,102.1931276314223,55.763478747786344,35.503158767026804,38.977838351522394,16.077538582607268
17.216854132380483,54.85191109735443,6.794078632217932,72.71103481765893,54.399070631651455,26.403209123139103,35.07743267348871,16.699653949285388
28.030049756728197,28.71311341642494,6.146762249617102,141.73127425167837,24.030397854908696,27.787129943345217,48.54075207817353,15.37435616129133
18.597853237518585,74.60589346278552,6.516132405385626,65.83651189071361,55.392815932107084,27.043716605280277,26.012858304371015,16.151967257739706
33.77397090992182,64.48196670482643,6.053083389680455,80.38308717304106,43.99665571400648,58.78042035449381,22.04069059230614,16.616209362025614
14.59035296058139,48.39816233949855,6.408707560793779,63.273249749332585,37.89367910393628,42.878104969263696,24.590154065504368,14.888448838928023
33.48228184145019,88.48102472032858,6.222703379783724,59.269038193973444,44.99864437576381,34.170337807381074,44.01818552066844,17.57200553449016
26.05508733601309,61.3052472058858,7.0873809001165196,147.7364587264688,13.377071436222954,30.401403948467358,41.60608016868876,18.940058626386264
24.516434440648037,44.45784642037204,7.558006028415498,116.28324021737686,41.12938664912093,31.438921596060784,25.797904804156918,17.929183817388925
22.275404565955252,72.85106132205688,5.784405833382124,104.20880277101632,39.43558145773693,33.90700605493622,11.162789699249071,16.146863861890786
26.995680571760353,65.97072324763894,5.538391856895124,80.30269109959235,58.35653670404211,53.16255216255152,28.35323970897022,15.827444194829386
24.81182648787576,65.91869978226329,6.377413789074307,127.22835433140305,47.62654795233671,39.700565529422505,21.893885531269824,18.90372438712379
30.51650941008261,53.61366593022614,5.7407921505856585,75.27332681897641,59.583033105183226,25.52533582726051,26.04851222808437,16.460262415764838
25.571138243310198,66.75743585667053,6.523105801835459,123.80917882990309,11.756909828949789,63.10459274730371,21.564727618032656,18.597011904376117
25.75150880730939,56.07362564668358,6.8744680569029635,73.82466170183092,37.41352666143428,28.59838860634103,17.12369538416781,17.459889243683282
23.18193893893072,68.33912177468763,7.247070948633413,80.66476894372984,58.33995577357166,34.091646900761326,45.06563494664721,18.08797736293644
24.715271881394663,31.425833189840418,6.60069727935764,122.74847158353764,45.36703054140267,53.10144387633882,24.53065436845265,17.75569710936005
26.539008844460295,53.49189805531216,6.40342238757521,125.91482032467302,62.68190799461551,44.151496326090665,41.30134242607333,18.01967292013245
16.449158036716874,85.83232646712293,5.510807541713458,117.92418801690283,22.93095635916165,35.300770003757904,28.229032721225142,15.040725625903608
18.259072889471433,48.4939881689955,6.513092574592899,68.50977652729615,60.966662595342115,27.686330739061653,20.95356636358045,15.604764827515325
28.716320470113576,50.942425537602205,6.5356436302747305,86.59819402831513,40.4129117332244,30.333098910749733,34.07254711943202,16.71196151997418
25.854327190639708,53.28057992325037,6.819478407106373,104.7069622359554,38.957043734259884,30.93503880923534,26.871545144536565,16.59231794212336
24.080083318236603,41.77790796167035,6.145755949235454,74.52157114269724,64.86570570391179,40.070317978495495,28.343191154694022,15.688849047038408
25.092169665326967,26.87578835657622,6.28247369988207,141.1288828038788,67.42851694934758,41.91061817281304,31.159247474718143,17.13725463290784
26.737908526808354,56.541204022145806,5.7609988723479075,27.94159168148361,65.52049544130922,38.51345371368657,23.502297314010487,14.729829964260798
22.301201598453193,62.03789136122485,5.354353596557967,76.63781453892541,80.57962887572398,39.60786186075671,17.030909167037127,14.16429769507938
21.108476372988438,59.21242397192022,5.945751454601608,84.71300491390505,69.00205412665001,29.49276804805679,29.5898430821253,15.567449650993488
25.979226275488408,57.826821570781696,5.714837092873491,14.681690056846968,38.06845124401551,42.93136106223889,37.71134162107069,13.984231582141177
20.10813611192484,60.645613062755814,6.6683561477103055,58.11312609291427,52.124571922034754,52.80518636836996,22.787269928705957,16.642306566967846
27.041263778572358,75.34262207326147,6.240932971666571,118.75868537626205,44.59703137272597,38.37208318250431,31.231698130125082,18.22940445818803
16.4870819788108,57.143307211061746,6.230881434962606,100.90850909658892,80.43634789923598,38.17713293570527,42.04405718839357,15.996271877115628
30.145778186628217,51.38876134369096,6.0077934769123935,147.19408066128707,66.57304932048064,40.83001052052848,29.281880901809224,18.28790202962238
27.362987412065216,55.783117726678704,4.883717283743783,146.35679337654457,47.166797949298164,51.18204859759391,30.688754974366866,14.258990453090753
26.28014867156938,68.69020139635164,7.2541553743737754,112.9913913581184,63.16864696629503,31.052770005613592,30.441698828803087,19.685090601304793
29.91345491972757,81.18040317814874,5.999864738611606,109.39714747002135,31.517023005303432,54.50847335732136,24.541244592855524,18.304834876159322
33.32737222231288,50.57784391246233,6.293789965075047,101.97793325736701,53.75392606468209,44.212222394352374,22.05316385253299,17.540357880499855
30.07185032509065,61.48400680543325,5.772553917355345,20.3475394636153,35.931162610953734,40.28680695698868,22.085901045431406,14.985844948877098
15.795628843341774,65.07536162903939,6.985965171720317,58.16321460021774,24.671116990588896,52.1323883666432,32.94546557605818,15.981148960757128
18.602115166321493,45.111329899067655,6.571714468518662,103.02026509296802,61.768043562947504,28.179379261235443,36.06297889546195,15.951901285904937
21.875907111521606,60.306257508193774,6.086817357367066,118.48077126243014,63.62886642781327,45.22045536244708,36.44065790750282,16.475911776921805
25.13045525105417,38.01489213986857,6.3038851943279886,108.69009436414422,56.85818954317979,44.30309564506617,26.9716571699563,16.705879406152267
27.588295102345615,33.46424544390902,7.339089961062435,73.22605096853027,47.25549439150249,30.64544935606207,38.74646832744517,17.520887651179866
21.371280934232672,65.50119611838386,6.463515284059361,128.12218847408488,31.00462017730386,44.60638122953821,32.45891055608341,17.116941789990577
25.93383382238539,54.24187888003826,6.4091332311920475,144.4733208626391,32.579796939241284,42.83305179380486,30.56593777432815,18.10709867561364
21.22308533823339,63.03420611431829,6.029309256930367,128.1396880087402,35.46080030391804,38.21261880310066,3.285146699171321,17.15260766245771
21.942410985040258,59.73157534487475,5.552709424763848,129.6879798877141,46.494900624126146,48.628175552303325,23.460723107148937,15.335442401079904
17.96669451575889,45.35399927004304,6.419980663210328,83.22322606134367,66.14268100407372,34.28245747642335,17.831216782101798,15.568650891100793
20.383833769445477,59.32118547053495,6.662742556162309,132.27802368102397,65.90606316617979,42.70321245843369,35.01658805651287,18.482119261223623
18.24157697191833,41.50348042477717,7.049792232163835,104.37275917982971,25.271486005806846,38.683262175446814,30.76026665544026,15.839923903338963
20.120633735113337,80.864585370021,5.375751732750173,115.34666585566015,39.60149994924579,33.85303176992333,21.42410890891913,15.280381206916081
30.268208983039198,39.66044482710054,5.937451836488486,110.96295528474127,39.19758470642242,45.028846851187716,32.43490046774129,16.447502483536326
20.253005555840286,57.06322093547128,6.2096294547217745,96.35538683678767,12.026253072481317,37.92264252650848,18.61206107034922,15.365945793449463
38.161910324186955,44.36592617929128,6.498259575713399,74.19992574633095,58.49181420424862,25.26993541290453,21.649895213859324,17.010924119658874
27.466589504404446,68.55631760041193,6.427483154235788,97.53590009337861,46.307602635222175,21.989338952820155,24.318229353080476,17.765250841639595
25.92418061847437,55.02852943077746,6.439155657156365,129.60284852448467,48.30286195053536,47.89057468083202,34.32109057475892,17.604378750203512
20.708211099093933,52.219999205681845,6.704048029284972,86.75572584061271,70.18806587563458,27.793998927731693,41.195533433631226,16.849660626393057
28.501549397044954,72.79802317577332,6.048353444610445,126.80041787824437,51.32463519926536,42.79384493400606,25.31193241324852,17.764155300237427
22.12181086881113,60.441458875163285,6.967070721116848,122.11212011853016,43.539043025509734,40.5495189362815,40.579669132866215,18.05976742700761
25.610049073226808,67.74966668903951,6.716726220849741,91.0318780894051,58.58116431507415,36.314682230291005,30.37922840489168,18.150914539753163
37.800422691343975,45.280110952238026,6.34008386793596,141.6640031085873,65.88307769863343,59.5666845721534,31.889105287401787,18.173611230095375
24.51970050137675,38.92774584108739,7.300453995944458,89.33359986427882,54.447013490738385,41.79674018460446,29.489563538180448,17.49127875668282
30.74636663142838,61.608119430602,7.278208017785883,145.28640587837896,60.33784398047223,47.55633482682065,28.421489972911477,20.0
21.48411787437056,55.21730466757903,6.966447677596904,113.02380944622918,47.81648525385673,42.84816215339809,33.5144002939114,18.11927112838493
24.82505754751519,69.39652008680916,4.9907216147161035,99.5240224463946,48.77213380460506,37.684605768825186,35.92256948945636,14.095025021673194
33.85400317817755,58.801373210061755,7.289472546358987,73.36595858987039,51.69531065448243,39.809112497640584,22.923109570913173,18.125745093668993
21.865164711061162,63.07613008851945,6.897379261235967,97.35219309594876,38.703185743510076,54.585427656604836,28.48559624344395,17.90315044037696
34.062242789984644,35.64926205088134,7.5032043188564685,93.88721459516739,41.479075784455986,50.8810529260043,43.35420077778612,17.312611472546145
28.538759677277376,88.32655409421385,7.118732295866769,62.251108442472834,70.6681946272771,59.51986431688601,31.417509234548184,19.87653796187679
22.18766612052866,57.53637022451952,7.289171338748643,93.47153731846998,80.11934143793482,42.21642092972884,32.29355083543319,18.652506637835867
28.162038695277605,70.46380455508799,6.939327425090189,75.88590459708743,73.8829687105727,31.230629342992522,39.33814831173942,19.121987030811006
29.86277224813365,47.458624946705605,7.174346599322756,117.57975306936345,30.151139648471787,35.59483055640188,25.990044005722705,18.578354619811755
28.10904981108598,64.62014853326012,7.49706187036722,139.18841427184609,28.70213698122541,28.122218082014086,29.728315024789985,20.0
17.148876400547717,40.45732854712882,6.608277369189103,63.19252971114278,32.13935852082258,47.67044128875277,36.53475917278864,14.917480981597969
21.364314120875658,66.78101757389507,5.713884727960935,151.36923185100767,52.01581162819221,34.14083683922752,39.911217850226734,16.278920099033588
23.762406822242475,54.66038873421251,6.346269549992429,96.14346896844611,7.869131114635046,9.446820536804896,11.078853651956692,15.37578008887006
24.62783285449977,60.43785755903351,6.694972799691718,70.74935845184457,41.16797650070749,64.6377569832993,24.106649672837015,17.316998423151208
28.10336048775339,70.46961045195147,6.537443792185779,122.7326434062455,71.1064893374167,34.293988615116845,22.013077549205804,18.595433839065894
25.888505004666268,41.5118953316958,5.876719016920287,86.60636565234856,64.73658246093362,34.234090745141906,29.009399172863617,15.026717986897557
18.323278206449494,49.73262404080805,5.684466187402511,97.54789971905518,42.36358024139739,56.71611692660367,22.618617787252255,13.941360181456778
26.900989255029817,66.85986421630149,6.129418665682586,87.87165267363763,43.49966838244043,27.917485492024845,35.31284399607927,17.062904722752123
28.052928726419115,91.47332211820121,6.9038697779920755,75.497862044053,58.508625602103564,51.36605886533167,31.37928272839121,19.848619278131448
27.7989522396552,57.92876498007777,7.290169885411485,121.71991097205711,64.02903132866298,34.12557556575979,37.11352135483332,19.73057741497559
30.403903627773108,68.86704176885898,6.958283806888851,91.41095791317439,42.0029409839036,26.762045554031413,37.62406365898855,19.074468872653455
29.16961077274452,58.3954279521228,7.028713643557068,56.90044623462262,46.48450967420844,57.05717761378136,35.432688147326786,17.928215150022872
27.295900396142184,89.1336839213445,6.4595922134182215,116.53180372647799,41.50985407219965,49.230969470625276,27.313675591119804,19.39373099021739
24.649171442706766,33.79167499552116,5.628958771147018,63.83252946928734,30.029758379371792,49.200009845150426,30.834220310052984,13.50636823911877
16.695195332420045,61.41931567004037,6.272389709558647,65.40219481974223,46.70384377967279,43.676555467887745,26.313008757441587,16.480895008865353
27.14809109566293,35.616839496569085,6.3706177940638105,135.77818614931948,45.561086896868545,45.9910163307768,19.08211748824168,16.437375087375838
26.038438435815557,22.40142644194925,6.2514737565821585,64.10980302369364,31.090338260170164,27.678419752519567,37.63030277670172,14.269499158563754
26.357894185976868,64.46193079676725,6.527347432687313,30.5066542921753,59.69121406456594,41.116108572446606,29.327482981845623,16.070977053182673
18.616257120898453,62.092466942211885,6.720709879946475,118.68584454884487,57.24981017938834,30.71236999549155,17.979104287003096,17.512329567189752
19.594717297958688,55.72744593386698,6.926507594121749,90.88409711556609,60.435795512676144,26.110594809369452,34.29559656870081,16.879412821914116
30.26576426666452,58.407088649403704,6.360940067816833,93.47034636585651,38.47894466803448,44.10953330708031,28.208408659018016,17.29688134067779
24.802224230716725,100.0,5.548120297177704,90.564988199494,20.24636482828029,51.58149555659544,13.521568219032968,16.7980713327377
28.40750348686312,56.127372929528484,6.258561140354432,106.9500981705618,57.009966944684734,36.16631175771936,19.010165820282573,16.998159537657916
25.141591880652296,67.65186541875113,6.521855198495992,77.41842274290796,40.0383092805543,37.87987107665458,24.39511073071123,16.4977702638309
25.148780697478717,50.25952770579178,7.111403961066705,144.28344623697294,36.63997800131448,28.618493549169596,31.684096467551086,19.47308625804559
29.691419029879988,64.42848862560905,6.216096078907947,55.713085590718045,31.144203880348364,40.07217146087898,36.304159880404484,16.899995465837335
22.41977635891313,56.42649487416574,6.756271814199701,113.3462475003137,45.870162078692694,47.60076112388414,36.03015144558045,17.826225941236796
25.480603884704916,53.84222275905405,6.645043949817716,119.26363011629752,73.6599094557571,47.91527736727773,34.82290363944242,17.846358141547526
22.688623556474788,87.28347798300487,6.521950266561694,77.21044717499866,42.41825717966728,45.451761756309324,29.725101026464166,18.264030508635205
22.82751886283842,77.65777444776508,6.965266659662296,69.28796664166545,33.65295433749599,33.81568832805464,43.77785848478574,18.42416848867687
23.454139382656802,62.05119971098846,6.16957940162371,130.5152264251047,59.779001015450426,33.49870956572848,35.59896995199909,17.826677807859273
26.110668858168562,25.4368209608405,6.212406775178242,70.27417737949855,52.59218419656926,47.954044732409336,31.776842953938317,15.261139760020994
22.606256891682616,54.584861651211455,6.494049588452886,81.800081777483,18.21047948467689,48.119989322167314,34.532704845842886,16.94660821509597
31.278780627867604,100.0,6.17992674745315,126.6192688737924,59.9351947962993,38.280050145681074,26.807719974755177,19.017539265352607
20.52696348890248,56.54007500040438,6.7540061455273,101.04223700617072,81.927016527524,35.738280924343144,29.54205119172037,17.448298914424306
24.065641779193204,76.54826358080487,6.143403847816934,46.08568997112686,10.991961088564645,51.672470934456996,13.344367683587507,16.564469886670107
22.801344708629124,81.62913602928901,6.613152103872567,152.41177433660542,31.464409639668144,36.40051335186753,26.90601870017918,18.956922314145114
32.23488942176866,63.28445873783963,6.449913615606622,84.09967723660101,7.272093670225905,47.459322245237814,44.07910412613419,18.083903675713355
25.982773882557872,47.37267552197772,6.607462982388353,87.91728130280748,48.87043368888748,38.63156825141901,31.18700221829677,17.865723224438128
30.159222697343175,23.470315023256674,6.27012930246848,107.67352756979096,64.85579354917029,29.52467218963,30.853918218892893,16.417360422446258
17.57219813481514,70.26244812913431,6.330455852736587,118.75230391012218,51.582511246944186,56.123121400237025,37.988832761194246,17.61386188576538
26.335251329346296,47.77865995764678,6.548004633998525,158.833128738744,70.87993547169005,41.20063895731476,32.86260332497902,18.346428917817146
29.448153978117187,62.642256778315385,6.601037253080657,50.19795551782911,62.45825435495201,32.89256020111917,23.708129565947242,17.391793416189525
25.41141994637712,41.25269490615954,6.497899042304422,124.77856626777837,75.53220985253266,26.09194332224796,30.189260097522588,16.588438118912205
30.327401875326757,56.021436892946966,7.352681178256542,122.29029082150231,67.40316152160642,27.099992017631664,20.91824700257188,19.138608993649857
22.41355774949814,60.5057858235158,6.004631540629358,95.8850526737765,43.95585397085743,36.270885959053984,31.46889736496227,15.641675972882517
32.0467372009279,64.02890371566447,6.467898102523643,123.61821084448667,51.0008968435226,59.25128883533593,23.29800038076847,18.815479681682934
36.49449061809625,43.27766718971379,5.713185488941508,128.02822052909642,36.96984626778541,34.153381213257575,37.42635689626995,15.532388126084275
23.185807197801704,77.95366423142029,6.686040739333693,58.541116450389865,46.54015746697927,54.474548323462045,25.918075025829374,17.99594309440631
22.77248739299614,51.04657822902043,5.942376731811593,152.4929951764249,50.9274750802718,38.69236331396916,23.40236872692364,17.03603374123361
32.26692238558851,34.882958093201324,6.360844872061712,53.237132405855746,48.72639014696969,28.18849608898318,29.09734409350817,15.043321467244299
32.89786072865356,58.364648700548045,6.313967837334337,65.9405115628368,70.13380289455415,35.26788811549604,32.923134553037706,17.11851253993331
22.385699864233658,60.5156296353969,6.640445563300585,92.14636979127711,45.047479062397535,27.19012076262557,20.341344025281266,16.960232909962844
22.899065914520712,62.4088414975764,6.22360454122741,157.7482153956117,36.01870379663964,31.44031548036146,25.829867221411305,17.851075987430907
23.591076955697464,80.43198605527618,6.202347151153009,90.75230110739841,36.955834476452196,31.142519381240824,30.841298445547224,17.724499722760918
18.277747444828616,56.45326744896211,7.217928232042949,99.04198329847569,59.82650407433796,20.96196132518734,40.70694839629222,18.0555176681245
20.40674026757901,58.20570563446843,6.642283395237263,142.9623581171369,28.952923878665004,55.12796068814726,9.7702738856498,18.203973078913954
19.97929616623966,43.4522342815036,6.219474573988866,90.99045572303582,46.98220744773624,42.11017030222281,34.921305629465905,15.53643812099797
21.161012174479357,72.30830254331846,6.374583164094385,64.64689861207972,69.91250368183131,33.13721594381898,26.93147548475114,16.14711475322795
24.826575563066093,62.76463596117156,7.322677476135373,87.48295494285057,54.38897668611246,42.21757746433389,26.043117224834656,18.233002073301776
26.171073662682602,53.69958409058756,6.382417560874451,141.12375501417333,48.880919163218685,31.645196063579384,24.550984318913933,17.39155384417981
32.75250246407038,31.429879598018044,6.155361688423806,102.12594991165409,49.46134394542355,13.289380346302444,27.08883533092595,15.782353869184156
20.008229796306047,81.6661829258263,6.1575019249368035,157.91974777168778,34.55653111659241,69.56691633226549,34.966537607295955,17.944854323015644
29.921611992382918,41.58480053315914,6.225436759505211,122.13804778786465,37.14297934348188,41.895998766770596,25.7057082307578,16.893911377470868
23.930055778872454,51.130829859454415,6.202751138786639,80.6557319081955,47.07227490628134,34.10986960685235,43.26873612650898,16.078661394999422
24.752681451737836,65.37516766614004,5.860176075825379,101.53228913395235,54.0690954516394,20.660851883225668,34.99093427433924,15.24444089547642
28.374097460833017,42.0516310707497,5.937899951526511,74.40345645574361,64.22225017703165,25.0585020485744,31.583777001222963,14.595884427544133
19.386389892188507,37.59735332620285,6.085339812819315,79.9470090805369,51.388409257571524,56.54491929554906,28.671551057467013,15.089220663396299
26.912048730920255,28.140786259490028,6.7957855092265484,234.37252753077271,70.29161263631372,55.01938548798467,39.51883363062482,20.0
25.83226104106528,70.81495429358453,6.309381356363564,130.55873530101434,74.07797022814289,47.53215035998948,40.68815749406652,18.326625206434084
27.462256320040744,51.82220632910517,6.39641915545298,125.8329396702002,61.92900818723306,28.849229615901862,20.708942821966044,17.105051625596815
26.44584321953909,100.0,7.135044012627448,81.30459054075808,68.37472112083827,55.099739879770105,24.384815156807278,19.46016673921038
37.27650069955447,45.0846740155369,7.147503574969209,147.08752198843237,35.139297179178584,44.49782617944353,35.07704165113622,19.962853859212156
21.81130007874342,46.17823464856618,6.358937528431133,132.98246805378812,32.76201597967906,46.549244483515345,37.49344755555218,16.80788483848424
22.345015224990913,51.51910544571898,6.184568244658296,156.44863868073313,57.76960064435248,44.461709444432465,27.597275613525852,18.325734247427746
21.88429736787618,63.64701982707734,6.067784843163231,154.99342445195347,29.88185282199429,24.93012815373896,24.060441122299977,17.036862390030887
22.222614404198726,52.94694991822033,6.846387884854119,55.627321357074344,45.644422339761,28.018390492531122,30.628901007732356,16.607436778861313
21.81306436346741,69.18498321003769,6.397646383238856,66.70481532190279,61.56787857994609,34.897818335916384,41.81354744596787,17.333297686678108
30.94508265553776,45.32117415017019,6.306752554838605,69.8863655360909,71.2005938702781,46.43639707533113,30.32827408041714,17.32383968997336
32.102521239949276,39.27612422304628,6.093167712431224,71.68178070002689,46.18676524567902,26.19567917756854,19.888473841398948,15.532821721768032
22.14626853125262,33.026778908863385,6.115166795494305,109.70357092781171,40.250835570384645,38.2465358505581,30.876665820619365,15.116164246271289
20.838222134478855,26.64638748094205,6.660029095746622,82.99589643712547,54.80692432267374,38.23390489836949,36.26198456983883,15.4224081225956
27.35707778193202,52.22896470787415,5.842280867056369,162.17795622287557,33.896848347141656,47.92739689327578,29.188981509201934,16.472470123733427
22.238884778595143,55.48529531410167,6.99743434689397,157.14039646244913,47.40082027559859,46.74671535607662,40.065334499871284,18.92485121092052
28.164659088777555,50.52844458775225,6.233077678092541,99.8061521776288,49.87999927585578,29.897740709478672,36.926792284139886,16.727488542877467
26.0146151042565,78.65108695780742,6.425182027874103,158.6597864844937,49.580240109938075,54.46686169487302,29.50592861042916,20.0
17.42127942501384,78.42045314412202,5.831511020929723,144.64403881720605,51.327552107268225,28.3676017124971,30.345152157123692,16.44208533481585
32.737526006650306,54.97795518833247,6.493817030878818,86.47880322468224,37.48227716641787,50.9223944190075,15.26592235853421,17.932198478645223
33.97938836547761,33.091183302120555,6.33583952865472,39.723539679233156,39.09510511072374,34.49855101651602,39.6818137992973,14.99545306991832
21.93605654757807,51.4994233791742,6.474959700571767,93.46094845117813,38.793256084510695,41.63925953433372,27.363861210637513,17.103386680220538
23.061492200320078,51.002679091244076,7.235854449180945,80.6613360676458,25.698584912074143,42.259874601043045,26.800346085789208,17.803636419218815
26.429326953624525,50.14297556582913,6.58884902289512,106.1951687543749,55.12745482769159,41.977074407087954,25.60117114778066,17.841169771907524
26.672283949935125,49.534216441526326,6.102670407927098,102.67684860624247,63.41986177538008,46.7449919843457,33.65358049992077,17.06922870472904
28.29272136336415,50.19805656412789,6.144340044726716,101.89052976697685,61.94465124280304,43.91459497933533,20.970455993898725,17.128233275393367
35.05102269383175,54.20187576153361,6.797565592956884,115.71054224137494,46.06254709308868,47.83649129870538,22.126617746299647,19.156680331686974
24.11526386252975,50.466883517766654,7.149346645496712,63.624341587489646,37.83492140804169,44.64619960345136,29.579799186405175,18.329903547378116
21.00851377730773,63.12483762938388,6.640959010375525,112.34080832709124,61.16471963544034,27.35544741074156,24.987893347321055,18.514821406733
18.103403859927365,65.40553073857292,6.844356372277384,86.81151540948981,59.58384533561828,42.69799074557988,32.681868586984656,17.62789394933499
21.345349800290403,46.34032369226265,6.804868861668353,105.99946599591061,53.26130963654444,34.361300974946666,25.280885765070536,16.849780461666864
24.834365135631014,79.0659798901055,7.209532206678761,128.7222953569657,76.1646687863491,28.907375220927165,42.76029011500469,20.0
33.97278931758894,45.299065472390794,5.525204913636983,63.26800680336911,49.60361717949406,37.101601073227,35.547660054275234,13.182027317801177
22.411943504819142,35.73299079276994,6.833609469652264,91.56119041991292,46.14665024112667,41.832355990350905,35.44708969903159,16.908667633651568
26.118939758194493,65.71167107047577,6.991868021951782,96.44397297913407,44.002740033881,42.496750279877844,25.160305969429537,18.143645662105694
24.91788551963624,47.7388779837849,5.8306381469322135,84.57193085288077,26.58683440278789,50.56024745140268,49.24543739551559,15.586329646471054
30.94196636724042,64.81937206136082,6.057165907996792,126.99488488398872,59.92009946213439,53.073091189715775,26.487911885805378,18.967324898191098
37.63466212936811,23.944970983492045,6.074608625685923,78.38834923598586,48.41771949263335,43.36280830757356,24.28951778167907,14.102832347484133
22.345656135398396,80.88683912224602,6.135604901811308,83.33798801672984,57.64896862035193,45.171063770094094,35.65394077564278,17.296575362738523
22.55280278740889,70.08440112060603,6.259141474532237,78.70242601143806,77.6281700313686,40.95309033175655,31.561825063522647,16.604296821047754
30.22080438534536,37.49285176255498,6.621301406527471,132.76166234316403,44.13872345143074,47.67225463649584,23.45292552607058,16.8221375053589
28.40945744813156,37.818343142305714,6.932837325583685,85.2266766276335,14.92986924812673,44.86988138837064,47.56677729670865,16.93294557723274
34.23353662868017,85.08398856146292,7.040658478884268,113.80136172650668,57.216055542661586,39.45511906142196,37.804795985542704,20.0
27.91964092662982,48.93930144753062,6.081088469416109,159.27115303690223,52.50289084839014,61.519825670043005,30.03204241014351,18.123751805574017
23.203539546064704,47.48722726901064,6.077648500648508,97.75544738948244,39.0131918604302,34.53816636558181,49.208881048666086,15.758315415614797
27.953274153461546,26.00921858776076,7.157910920008112,133.36182040099473,55.95899503432247,54.54456956708337,36.48624115430602,17.274164885788633
30.543517902914537,54.738326915976685,6.823371967709322,150.14062252279385,61.791444801565625,26.45707073673063,29.904792241656853,19.32858535133294
29.102410905986822,56.58420577746371,6.541432420934498,130.8157468012124,35.80085134682679,48.13616536451455,48.25150116141542,17.68797762320279
27.53637015553649,70.73239645154229,6.736668337777483,99.4959605206678,45.48002207894926,54.36568351726837,35.27187786779365,18.154663221488644
30.33337344794577,39.01382357723287,6.48509810907428,119.2632327699584,72.15130594773392,20.927809289920802,34.92196209856296,16.804145021092186
30.846477952228362,37.19569811639086,6.762292341523807,61.378642205939634,39.17566713155952,41.389505730550944,26.90921898271598,16.956388488992197
31.910794955187637,66.76443952164715,6.33196665174713,76.59870525550144,51.000046331206775,47.15414041244044,30.395307885597177,17.878441922284868
28.243549437948214,75.10095106840598,6.634402467219616,81.85974455104243,10.63383250934173,42.51963604128066,26.71445603308628,18.250169560908724
24.164409598415727,36.432714733231755,5.744726974815252,167.21836360522846,27.772317483780576,43.78155935606963,41.51788596833162,15.275009298178016
25.733568432166614,76.22271129449612,6.156107852587285,75.62246457234198,52.362762459992,41.36223162376663,17.124686852660297,16.976321570138648
31.032544832541785,60.563127622302325,6.161494411604828,75.17569746214511,68.41981714378402,29.05752173638408,40.926963464518785,16.21300958739708
20.91532164506382,76.37708008611969,6.312804983396543,68.6823705925305,29.569554769984986,63.68045592155442,22.98125977041645,17.538256643232586
26.843366544364507,58.94669457723575,6.036743372610126,116.79435285792283,51.118460930907446,34.96462136684201,29.536630374691903,18.02389481181832
23.033305938363196,22.165831237680745,6.233228187088459,104.27864178006648,44.36423136419425,44.34161238778905,27.63826889740616,15.212277326799587
25.143724114674086,57.72048926525942,5.74279296880094,132.60276931079696,64.2963208248874,33.53160322914573,25.838780108038346,16.724603917979557
31.392259313036494,75.90215728006905,6.77435023819745,120.13778998232063,31.732950420161224,17.241368099793014,35.51827318508394,19.231705630642686
25.955495340099517,46.593809713744285,6.458743240544303,58.58830459827797,56.45116472551228,30.75487126251031,29.95848629336953,15.221203285444068
25.232182740780743,54.18052546638822,5.647396196111991,75.78166689968887,40.194639695056146,25.52393307724862,24.65840991880891,14.037429492291006
18.200719295100402,57.357997446735325,6.082585044726663,140.95986244827463,53.34557037239713,50.91567539224489,31.23196424142235,16.320150431689385
28.731267830136105,20.0,6.6683007137810835,93.90105266269585,51.03396578462709,33.93131983955545,24.43130618666792,15.783156282517828
28.227420905705376,85.07021363156214,6.228489026807106,135.6277545405404,46.22331388786073,34.85908660820037,25.697796007988625,18.78846175449408
35.8162736165273,46.47936480154238,6.151529269930951,95.50957156254049,57.16717769404077,29.356692873962636,18.021895287689556,16.452395609651475
23.461108825234998,67.58603148709199,6.462703661495961,70.97030715134436,50.654791014544415,40.94035398715103,26.397528052121896,16.68054403023671
26.095751638319694,58.69948295777687,6.671798767589108,90.90217666999882,48.00790546884958,32.835414836387194,33.95363621115627,18.747493058179998
26.246918418553776,78.8642858453904,5.78182377148042,70.95850613350912,44.65375198965886,49.92354731246788,30.2969993436643,15.699632206679434
32.887266398817374,66.09084183642122,6.775064240608939,83.0334171279273,51.16397584618005,43.02039323089161,44.52050935178514,19.063291540559685
24.523522338065238,56.47613592718538,6.099853359196311,106.02777119695737,53.33065322219108,34.28174214275552,50.902539789770444,16.514936648130085
26.395107628851697,46.5972736122108,6.491036015875101,115.34815271107061,35.16286879879068,48.502330518370194,26.286252829434215,17.44812003143093
28.039482548582697,71.96776052073209,6.482289929654245,52.29426030237106,44.75793143123935,40.07940523023238,23.33345793836569,17.585550342034622
25.93304561578179,31.89838044068075,6.2364669408801126,99.47895977472706,34.17221083053241,40.21496905689951,39.03853237087155,15.6292450294258
22.767831927247357,69.68835630413838,5.988170126934643,82.40152793320743,49.402318658288216,25.373650962680742,32.681665936260366,15.574156691550138
25.97044996449154,43.51432872667691,6.357156725953868,80.54755573123563,41.11501692718958,39.28913867214686,39.086994216119784,15.916571685066348
30.36815874929886,78.7842549293496,7.312665154537598,103.9805385739923,61.56174721971884,43.21544639317998,33.19064584963608,20.0
19.8674235029447,62.41949313994043,5.819162484768184,83.48644381932363,60.09090466635035,53.335668221983454,28.445137226593804,15.381992617308558
25.66484837073438,69.66185651775163,7.346156509552438,141.4641398454002,36.15877154653445,32.48106370096677,28.49051961424977,19.528257906019824
21.499395925304135,61.22983220737079,6.370139414461733,135.6418562875318,49.965389819022874,62.78108623385511,33.4622142269284,18.535226188480205
30.975233144624212,33.71434357288505,6.517685708544319,135.45484881826118,59.57774868872546,45.56868316828986,28.311088834281122,16.29526848853682
17.384065476081126,47.08906254906992,5.956644594307637,85.15269413529094,47.370375197539566,24.805881239661925,39.75600994558296,14.06705307478966
22.205390763642058,70.08584006417074,6.11436529166126,71.12503495242034,39.07673712791683,31.548018859144438,19.581302083990433,15.606150786583983
26.886059375322603,62.49983726039766,6.248545174980991,102.46089788164346,33.613947079328064,54.20999164216819,39.71314908848878,17.478393084635112
32.827620146171704,77.71484857958508,5.977152514561044,95.48954901141198,62.81401342367543,52.432291429623945,15.012794016671707,18.325447467286633
24.67124869463506,66.04911844555758,6.395541021314564,81.73530512729904,63.540697224274545,40.18093481560503,31.160818290889775,16.6789086169633
22.22400236653401,45.499471639460104,6.296492054096614,64.72796659999116,46.88078601688927,41.49917703057852,27.35165815501161,16.523039239885467
34.40578534720295,48.05903793419049,7.425390571217867,98.75446092195786,61.49206376790016,28.353897262740286,17.869154370790554,18.887612648306252
17.75993049791878,61.54376085784856,5.917012907159769,87.8779164924258,5.521842051719887,53.21442740235342,13.519844666570101,14.858559142589694
14.005970216899591,25.289339009998418,6.551345258374294,120.65041111114058,69.91331976063854,30.122329132255327,21.21988263915865,13.961679823475052
27.20007225026666,85.10162828434477,6.623923140950913,119.95318154564438,47.64582792084232,48.447411111234175,30.365474612482714,19.67959465931152
22.489728878236946,66.62620104566336,5.964839725674081,133.0239941626815,52.126648411992335,53.52042368665138,25.182526969762254,17.663957476170765
19.893835914346433,78.40551895573309,6.843413747726419,62.22113344359885,45.19223414501046,40.48155554219509,21.672408790630577,17.721639371068818
28.541782236496765,36.29094088786246,6.300836493559186,112.03174923080898,70.93561222801259,49.67611366122198,40.81824866337908,16.908785370647337
26.219003568855996,78.66847740532883,5.253805174208466,78.17602881298984,34.089025640666996,58.476397080256945,20.14252257657151,14.842961587162458
22.179606846316357,93.47248366541623,6.829924806052283,63.38757367566746,72.11690489910254,42.67968799210738,35.43293865239557,18.361118253331686
18.59847800664553,40.18682466934024,5.941529557948818,87.1419328915387,55.944063814176666,38.246981835680536,22.888023932942364,13.498741012012106
29.362286641400722,71.5710269235565,5.97611252693045,132.06114940403853,59.33996323877237,39.33147142448483,21.017552534731507,18.55231695895784
28.251005889793305,60.0166491703094,6.843951041446199,88.83044939288547,45.061931550066255,32.57012097327912,25.16929098461687,18.52175809543968
24.504120681103085,36.83349227627634,6.326419258790775,146.96363979877336,30.37671203155444,32.34416207263127,34.959328377632886,17.185044346290887
34.23318498023833,67.39325957777805,6.95888607527575,116.46635546561001,63.95766148304152,44.42406763825703,19.02827394721536,19.276082636385702
19.649576168369236,72.50404807256022,7.105083047682659,88.17728563058269,54.67112526783996,38.36050177850716,32.29964208405361,18.25070450555431
17.372374145376305,50.9831017099673,6.177535769838851,134.80145286719227,70.42435187463226,43.27569176851266,22.31392001862891,16.859068255825377
21.540459650593778,77.48874780382835,6.896631247977515,113.36190316342856,47.09335519676453,25.100638501474286,23.753865038031588,18.17686524368517
24.77206991822251,34.998548898162035,6.122269599303559,72.02321834659884,43.71152931651628,39.0738117481286,33.20513271232852,15.399358391838131
26.21669724661346,37.57865780325534,7.616557958566088,155.76407906741545,70.82132354960453,50.30117850090463,47.38786263955582,19.373152052327306
23.79381971071835,62.04896093383129,6.153521497734393,107.7843646925943,78.67841246746165,28.81075723023982,22.711864080099208,16.638096643526964
26.760276982571483,60.38077916958407,7.0130437204800025,100.56388575956476,50.14020764548595,40.16526414134551,35.75904466925601,18.651223799360157
18.742302879047777,49.25139767363842,6.921895012940787,74.33401990283153,38.70863754714341,21.453906891015894,27.49830098213632,15.563095023001258
32.2188230203663,72.14391653957829,6.658043911054467,135.38614802823216,62.157961441843234,26.945379777268265,26.202052361625626,18.653439820532288
24.589244108037157,67.96341471323925,6.1647284192916585,115.5182628208392,46.18969150743988,48.0766088767805,38.57100807800123,17.613403010593224
30.58647915794064,72.87208606401023,6.424301254029295,118.87714540885723,58.988942381011974,36.907157066870504,23.251817513120876,19.111841705484142
26.71362673188852,58.15295346971599,5.423205943527724,84.77405969422695,46.1108603843187,58.22072865538542,20.76709418564196,15.281274572350442
27.283766095768918,69.03870401967511,6.612210019191125,125.02301715730205,73.4602102731772,44.324431104243125,33.681406361752686,19.522559512153293
27.84883640116102,53.31524545455008,6.674807665514193,127.35440780712405,39.507657424239504,45.30595664889324,42.75827037189398,19.33611728085746
27.238542800086574,90.80728035129894,6.5667497095306855,79.93665283656632,57.2079449378294,29.23517950105101,35.999957642329214,19.69413616263468
28.21361379933772,47.81181344817021,5.013346914353721,57.49029580957027,42.66947044651814,36.14894623155547,18.74386095410773,12.482689377848443
31.645762650662157,91.57946144187467,5.8671817774550945,117.44119178016773,45.77740157868846,32.67363817952388,25.077335648248656,18.549882958737726
25.98260584850735,60.52331920634113,6.125954508575669,52.799591511827806,43.81916517859135,29.345582604494144,37.836785932614475,16.393427305491187
28.54501878794256,39.36733665646886,6.645829466594523,104.56047333513338,61.07912099140123,46.63893126096135,42.6488817432688,16.31618207938717
24.551321528563868,80.52119025732901,6.644669452821493,86.58264685638079,63.77544672400806,48.64515865768679,31.829690602195374,18.534038307546407
32.200586077247365,61.88852082592439,6.414888104014411,136.55995632366762,58.36608243398557,43.989371941674484,25.366619727137653,17.833742885736687
21.61803848970365,72.76686147570356,6.8176227683019786,88.21468327698378,48.38024799882094,31.71932806774013,43.16815071494895,18.440441025575048
34.004702164554075,78.3578387781389,5.98687881234855,133.21818916011412,52.102700465023894,43.30730035097463,29.403251318758656,18.149147907340023
24.799210246778284,65.06933331217537,6.805117502846998,84.57371666910922,63.46582352689137,20.873215985343435,25.153531406765115,19.467331724791187
17.84612448940976,51.11638732780778,6.737371052419945,129.99973015178833,63.93967380811408,53.2300926870804,23.800539694599735,17.16284380517799
25.640522074553946,74.63570066503875,6.688777366418956,161.81024631510496,9.645865529696975,27.018498243625636,20.43985322408916,19.411751596466285
21.594741712625595,60.011332611818936,6.408979784457172,67.95858584901279,45.916667423409564,28.795410175615366,52.6686434356528,16.084381553985395
29.203217744943622,70.28786727912629,7.4153719124156305,108.76107165192724,46.636118128407716,41.152922695701925,41.36766292368472,19.773705434031296
21.736880103488044,27.694041393128078,6.746597844244939,182.46347247730193,60.03878846189243,42.04159560242046,24.749653471597778,17.138501378438406
22.769082833926102,66.70472575514778,6.0158320683732205,101.99766480708765,48.998437734338815,39.27251401548215,43.854607413775334,16.003575603617502
15.552296345272346,50.42121262282455,6.624152737867992,101.85364810688945,60.78775071423931,28.89872059017704,34.26641738722521,14.886116529488202
22.738468403754617,84.79964455767796,6.876241688537109,123.6549684205306,33.82008843454172,51.33347993603292,33.79286401055318,19.936291439003718
12.880603366855217,69.34631021833643,6.205945700537845,101.23242592284262,53.9008177319117,23.140507989307494,24.25666375907177,15.093656120604953
17.080485882571384,63.59786618773945,7.0446361234655495,48.783220162883424,63.50308480175741,25.167310095515553,25.886982574832434,17.47392374992855
28.802073280721487,67.29464990025332,6.691016852858005,133.96862124516815,27.884256960227777,38.93017228045519,29.660607723334074,18.410200667496294
28.92900079325416,45.02338720684923,5.328760831167326,39.911547584044214,87.70465202313355,27.357660181556124,14.275608044479018,13.796894644559291
27.127287808924823,84.34885035792081,6.649835988668963,87.49625046584974,67.8632889929978,52.22625276275925,26.105438852807445,20.0
20.165119284353935,89.87055627625357,6.296985422793642,136.22277247469944,50.02029953698463,28.217853645870854,30.035917049867415,19.26206092070571
24.7614432192901,65.89370265822325,6.768589907270868,89.30372714071643,37.573878391418475,55.57027152210312,40.476151251737896,18.3089499069909
24.981987304547157,83.85605352860458,6.972107420125907,79.18910522606787,47.37372274589441,50.35122165771573,25.067619631451432,19.041038700886816
19.208176554037287,51.46277701991199,6.597581023570909,126.37791715499682,51.25703539417011,52.350557355075836,36.497104888915786,17.90078507482017
32.51699150883575,48.04329650662529,7.332626116972348,74.4665563949684,56.60993835218071,58.871059829532456,13.516049439430653,18.005947063602576
29.38681145287836,60.613871230933846,6.410646557718252,63.33322841224139,72.50991274190046,40.81227924095766,39.336241403781884,17.422376722646884
23.89517913085168,66.52411557551848,6.812408911526938,108.2354196247985,42.85852295835731,29.870254041800422,22.797224263105885,18.26974701595173
25.134429194972654,54.09019978135319,6.902471286818674,94.51230104762227,58.44064756358842,38.96992124231358,31.04218375259808,17.51566775422967
26.04191403973776,68.06652285552725,6.451327015553634,62.68980657433474,30.613562560998304,34.33334394591037,33.25074495343375,17.11210153128404
14.791325657878547,64.59584223110122,6.889387153988891,119.1085761998461,43.79598928512099,32.90808727486278,31.681436458846875,17.569341246044964
23.764113087397014,45.02539837063418,6.202663506418916,113.93462816731702,55.65075271804038,41.508534368068325,29.145761930768277,15.91176680173976
21.590078760011007,67.78189526177582,6.288715790489391,89.20734950183105,60.36893736513207,36.882957857922534,20.067869717013686,17.132141281569936
19.991899950525422,72.95292363782282,5.843755654831844,91.2600398162516,38.7015128500307,32.47790315683004,22.88367265368406,14.530513061759196
23.594498535570224,62.57203976385586,6.6207045581850235,114.1117822602747,43.38812455982129,37.54597607412742,37.971455545772834,17.4691552498477
33.988432634247616,77.28972154892539,6.662625837927172,135.710842592562,71.90834953375318,45.48978464203705,25.22098032965269,19.95702806286101
28.20421430633505,41.73894309754572,7.089631579289614,91.51620369672025,67.42862929442067,49.56417206592696,29.173635253092062,18.186252980124024
22.144105051086015,67.01925633197777,6.895570002177942,119.64065479024434,53.12685825578549,23.970760868090103,18.063309943275343,18.92625804453273
27.862913906780793,42.44578940404838,6.3576022216762835,116.95600651253798,16.450322701689267,36.96798913671458,36.8685868921994,16.67172298908682
31.99677718293001,43.28877962650369,5.910910156332862,126.37921878126929,87.66698821535013,38.58656794525295,19.444135678879277,16.938287618460983
29.623168414563843,50.53603749393315,6.716425201259987,101.17927596230396,49.70102657514133,28.17479977772368,37.32770246881686,17.7003720973398
25.29815184960087,45.869097246386325,7.055376586207321,72.63023457800927,45.3114941296801,38.80294266959301,21.498305914852516,17.38297183139462
21.76531611147213,51.78006271888293,6.877592486901972,86.12502540400092,42.16460111218828,41.47995609540028,38.1160642426222,17.322596713202756
28.49111656806795,56.78774533933217,7.042238762428644,110.28560397344944,55.64550555798663,45.188345452809905,30.081543322450607,18.674973529803502
26.967426927108747,72.55731729497077,6.394055234400879,154.5539313514478,55.798738837563945,40.7715802563167,25.52994082842328,19.094494619850924
29.47596610013866,55.18261441941446,6.2666905159121775,85.47941130411165,64.25941809689769,31.190505900024444,42.80321404358499,17.290887464923323
28.175859008409848,36.21561439845611,6.131549323884101,124.14362330582198,36.109067534764804,60.12030027571847,29.449160057454137,17.271612764789616
30.247763576596675,77.10101769742741,6.472051766693202,90.1583064796972,45.31257682788108,48.291267716215984,27.105501653952167,19.163986485225017
22.32382394219716,47.443647995774406,6.46070460201559,103.31406267658407,80.45818584836303,45.52719744649867,37.272943420784074,16.437334117951977
31.586970328171628,59.119193593430566,6.6033388142695575,145.46190247790778,53.36885949874988,50.04831257010936,18.15634310784003,18.57045461141242
25.987998023461998,66.69804760411067,6.435351271482246,122.928777442613,47.4121344000988,42.44609171810477,9.782675167867254,17.935689807484422
35.37630436312633,62.99415627604174,6.433186135136614,62.761021817771294,35.87573351624447,52.86300885521955,39.263839789095016,17.401527740892117
21.55406090955216,76.41269321282213,6.111652973513928,82.82574928565228,57.589014587311276,40.56871950285764,23.309583370783745,16.843335883014323
33.67981901582625,67.18504715089138,6.970809506775746,137.68664033324077,65.46527325563666,40.01747460274184,36.91697940309199,20.0
25.989553917313238,47.08035630454338,6.538259031121855,104.25634127885486,63.11881468714711,46.35228478791204,30.369298974224165,18.003104275816856
21.74290998192776,92.67843260987493,6.412778032857359,65.5347964115241,46.11798704586625,55.76357546290923,20.688084286980175,18.012706448656886
22.58057082972839,62.915001950073496,6.1262853733753975,75.43142665078837,55.41878425045304,55.12048615289307,34.85825935739357,16.23174267425668
23.3982634590284,57.78989660067741,5.834043444804457,121.10480568133515,75.07489154972917,45.928475982599956,26.71863847815138,16.686927396592797
27.120829732009582,74.45888134583356,7.153982096274672,129.8323084365289,66.06323438257203,45.166118585768,21.381277309547905,20.0
27.6141774401775,63.74176418895108,6.777319354065904,100.53565904446523,38.237558867100205,46.96042411096486,21.589629022425978,18.677381591854544
22.131499980307105,65.98842289408991,5.688041078715017,174.25941402808306,11.809924030677957,49.85620913336597,16.13728996662617,16.484636353763086
24.878227038695087,97.3827599790103,6.881571150354828,124.72457090366916,54.45158760626352,52.98731939413242,33.2241990574619,20.0
35.71135179305932,55.8731785761743,6.961240585116554,92.69556791101299,61.97852190122649,37.634159159961506,22.51679404443846,18.01455883331652
33.637715850503554,55.23358658973906,6.562188061150465,75.52881855701968,33.66163262190106,53.180612898373916,29.72222297836116,17.499196048825784
27.18161834837016,61.74867768018696,7.29905544787588,70.75347086082876,49.86815716815833,43.42995114071306,28.546220043901013,18.863006166802972
25.190017390841,76.07273903371558,6.608359821061441,110.06263961441108,46.04451401190382,46.5093162249995,22.467546550562634,19.139858298413216
25.600156633591308,37.40198954714401,5.791588236025405,85.3366886525978,51.56429483348298,53.819493215339946,17.816802286889434,15.186102909026207
28.067589863652085,30.51666162785242,6.68258450052416,150.21231261950274,41.82955569320431,47.470622500906785,50.26968663304103,18.522793248859756
19.88603717400797,51.193270940697786,6.622448650856365,143.9893540875358,69.3576649644199,49.159955631528405,29.61173979217401,17.180443814004402
23.713117312883274,35.491155614110696,6.198351575610922,118.99199642491682,52.21953320949144,36.105814667175785,44.58706362208238,16.17720638408658
16.65707963061205,53.62752978711542,6.786779418438712,64.63011481129313,36.81474670752875,54.98311543749681,39.31949426981432,16.158308604140164
26.996115613026397,67.53749544193936,5.666167366904569,79.83343382342785,63.7619323039058,46.95686711076125,27.430677588076733,15.845297103845086
28.235979698513706,46.63876704671605,6.995283413721395,137.670325772233,31.037186060124423,41.260657178404976,31.44771709871847,18.190543744981643
22.58406768850313,38.597601348279866,6.060939148197273,83.10801400614695,69.267415663027,51.01074386893102,31.215326255737185,15.927927696286902
32.869933816450164,61.04005742573022,6.007526937441484,133.66425201758574,64.86589136333846,65.87830497760498,44.75360551145952,17.833300753559815
18.871171684988294,72.93815226922756,6.443087613846261,114.23811769104283,70.84662942981178,28.310754981780654,36.6386695331473,16.594012933115472
17.6781255989509,34.575398422250814,6.716486464021818,101.55153654439562,47.62630441337576,31.96267377076718,23.541818031789834,15.592738736218648
26.122259092799858,72.30348597458976,6.5819620317967145,78.91501561193677,42.55829030324935,66.85305308835885,32.812950692437795,18.099214723092047
30.235491513060772,72.25959305607489,6.128670417113811,97.17268469425746,51.260326413996395,44.26694842304374,36.43451473136202,18.697622604176665
33.419638457289345,74.31127653234942,6.246955354404056,105.68943864624694,48.73344820466703,41.90869678631568,20.597447608759403,18.53301546404024
22.7055786856553,78.27720322307529,5.933478826311269,130.97616694903365,40.208955716547315,38.84614258337835,33.95319475844281,17.291789638740937
30.39340416715648,93.03020886989424,6.387660049185065,73.42793198098735,41.69565028811536,52.0843600097144,40.76391164964096,18.826167539404153
24.807457652496463,54.65861927071417,7.037510607255455,92.11549472421655,44.504407291003034,66.11247308810287,23.140218786998833,18.104031792353798
24.136863500295902,61.643573701167874,6.497868531178062,101.34469395796854,32.44994470340206,33.34811459266655,24.245451459323924,18.402543219477202
29.41829968743336,53.75342350127962,6.929707127379727,119.88035073058494,60.16944934399002,39.03123272810666,39.283780042778716,19.222759099881916
28.2616143920671,60.02965267133716,7.227700668863096,72.74606987431669,49.2155429364349,36.49272871432134,27.16610949674806,17.70933521189579
17.118039215078753,82.99310033454468,6.205990740481517,60.50290621338355,45.3743229614953,47.32864976819278,22.14393269264721,16.045180708758956
32.38270174862948,39.82478274103997,6.406713373472318,120.2189545513015,33.34468758587484,52.223934376505746,37.058184344272604,17.199603444339985
31.900456770737257,47.08425491751637,7.585596430531248,54.4615265515989,32.594405334988025,56.20932785333117,34.61483389380672,17.484667891448943
21.872186492452354,80.65771404756842,7.222171705989973,138.54939144286504,79.03871076083618,47.667182826202804,30.755151259968624,19.655110482851367
26.979017667187044,75.30054760353134,5.663797737093824,95.32221707551275,40.591138057076456,65.19332791243617,38.99666102758963,16.878378951439775
27.470150931413695,54.55302529774383,6.6935741580304535,53.57406753176661,59.1579259131399,34.25247016792587,39.56508194555644,16.61366519194587
26.303368829119535,72.8160300168108,6.500279996169848,85.58739341789517,52.43951704850266,31.65459447567296,29.33741672941776,18.586966361896398
22.2484742307729,65.1182376373805,6.9132265554293815,111.37370899207713,8.372173083378465,54.69344293316209,45.794611100421626,18.275180464268434
21.641883160309742,82.50411913501482,6.127510616257473,84.01896737335066,76.88676234707889,41.22832319596337,42.667119627415985,17.25638798215481
24.872229645042772,61.117643907401586,6.080195813979664,100.60089246473042,60.26125968164174,26.24059676584719,14.125612400875127,15.354595034916635
30.863645096296825,75.38448170808874,6.161964642353195,122.2023509711586,38.48494768542787,36.839370283625506,21.759060612534547,18.867716686144522
27.71800077297216,99.63017865738931,6.214035726900784,93.9342899383714,49.57450243355607,42.55658654097274,11.95766544286209,19.110103472263962
23.14692833956947,68.97148732571199,6.9076620834045075,71.88826970601599,32.76224948894502,33.53751762092645,27.402280042201966,17.49200491305662
28.858493553241722,60.73992248692265,5.90939941342556,91.03048007884477,77.393307176917,29.853393129054112,20.310254413599495,16.042282100502852
10.757286896849623,70.8367047783147,6.1886930500203405,142.4452040937778,36.38513437637803,37.92370863474124,23.485452810082602,16.441185017948094
30.743828501860516,54.52078712694173,5.60549380474928,150.5519303599955,42.15374004958011,29.354665796382886,38.72454517426298,15.834016861261238
16.3014311061095,95.81951558287098,7.003558911706187,39.40221478173174,39.056583827786135,46.35131038980232,15.961367522119358,17.460731766648507
23.18779529298434,62.70106556543972,7.13551504971557,132.7308372757443,51.20569100313755,20.561951531071536,31.037885928246503,19.31885793982016
19.401650526869282,55.906000196617306,6.336463284568107,107.50443148106069,70.55474750208971,40.90424927965422,30.989411539843317,17.383320894039926
18.526592621395473,47.464664924699456,6.351025317593389,127.7194803736045,76.84061673642736,45.19509888108303,29.34088569958285,16.520612738741583
30.804133936892597,76.45830287409657,6.726610951141448,83.48535219197112,44.01505783666555,39.094587602516235,31.046229455838183,18.451060482695592
22.661493993440544,73.00781119241609,7.237241003689128,46.95209471495542,55.67388473476883,50.93222897070873,12.14174631667391,18.104358924528857
26.73251940865358,52.539684428788604,6.704305373781959,117.53466365942386,51.228581189061096,26.294387657958644,23.523563873618464,18.368744561989242
24.76539710560408,68.64677017683634,6.151229028762443,71.7706821615185,35.275861033339126,32.98910498623886,42.344006922059116,17.044721269815867
27.385204136115608,37.37166047680715,5.69058871400678,58.35122705545443,86.33833361893916,36.6996535374911,20.425031315922553,13.444211551394476
25.384109455301278,62.774558626097345,5.942436868668256,60.44795852579601,70.44139343444384,47.12724569409306,43.332886508513596,16.064616645625378
18.58503887905715,66.79134528115041,6.536609725156232,118.02741347246004,52.836737745665516,42.185075860461204,18.74542070577275,16.75222263993028
29.9813340972357,85.60994714338834,6.172336238399603,104.18357398087592,73.72814140248481,61.43365982742418,17.78367494070143,19.411869478526473
22.531217084193436,48.43771795906966,6.59748385299538,123.47398065624022,68.18160069076707,31.94214103026107,22.38576946188723,17.62858714407538
17.217090506701243,40.824710567965134,6.223537991881883,120.07225763489095,51.227920116226336,26.050111014193487,39.03266374629535,14.777732508219525
22.859424195170437,46.56858058612438,5.970926784352795,87.37199306248702,54.8894540799199,57.89088982933061,25.631033362004978,16.16382671206796
32.503798953171554,39.9514724952762,5.911484184273465,97.88579278367632,72.68189213564982,25.69141416067617,32.76325590751314,15.888983400477715
29.251108710567465,80.04986036638475,7.2811772546866145,84.65687413652381,35.807696283054796,46.83062711399045,30.58909537613763,19.87954225459898
23.256739327960705,83.22958942536054,6.944493874591822,93.69016681403528,75.10536045982009,30.21329957978031,29.564302538157445,19.247414670314033
23.253711478407855,64.80324866923243,7.365258975913979,70.98235786056802,46.62331158972326,19.30681649152314,40.19294474086059,18.18236156198809
23.391824743913087,78.31942418527723,6.769975450377552,111.71452881623006,72.87015114271351,36.25216206186768,36.17214352789631,19.061363249534043
35.383739917804206,62.00937570870353,6.2850042956925805,132.2536224694527,49.921601038057695,48.9949996247716,20.85677442270099,18.01454759878516
26.909677261157768,58.57332528448851,7.161670461244969,75.5016091053704,55.064093337094576,27.782289115269265,27.795433731266687,18.797875146069238
27.150208235955347,55.004435714193576,6.483465999319116,138.43808936204027,49.48537465141312,45.76094728144831,43.94751856024666,18.10351224860215
30.15141727015921,55.344135129336514,6.610420885145176,103.40564489433825,42.022345657831586,47.62863561186452,32.556494313343485,17.72860953166309
26.193945795132567,36.78297665536453,6.4785878104622405,107.2323692921744,45.94917652783532,27.28309858480696,17.93723228726944,16.31037151279881
23.704789270896484,63.96382145411008,5.0265478903579925,49.01711441177446,70.6866710475285,37.7223871128763,18.503688780985676,13.397055920814841
24.01825075457511,59.39499134678935,7.3023675061474265,45.782130713027975,15.287540259912973,55.77074822327164,37.12116246852979,18.027007948010457
24.641993702929682,71.18041086116814,6.745501972978877,104.32349088339046,31.41551082792744,46.50592619963743,35.61949853740851,18.329804903243918
24.813888817450792,61.402852446579146,6.664911530434255,123.69196373896023,39.11792435962847,37.385075354239795,22.629075398901346,18.832990833337846
28.6381477181849,57.559444476463625,6.46911196886472,79.85858669065142,33.82482811345968,44.15295481253919,35.98104143179477,17.224268159486893
25.259729429036497,46.932104549885544,6.5817139101930655,150.10281701749267,72.64969415623233,33.14736691529552,42.79513709375399,17.884620114872888
28.663200386077897,61.08229855232642,6.201360532076876,122.04807922762946,68.86515466779807,51.13695678385025,41.66287071728481,17.82270045778815
24.59641709945709,71.07355846224243,6.808289676153636,72.74976244876045,58.88047714091923,51.132600646021395,42.834224294579656,19.03748741032497
25.393175951580453,42.84991513374209,5.8464508278004335,100.92546001160521,40.43293898783697,41.20905915086055,34.44391020050244,16.20895017496629
15.008996577339461,61.31210630521109,6.5930342162352735,174.30787401170235,70.02577800191204,42.307061564576934,28.5787214469609,18.161432838322067
29.58163837351241,63.49564427294226,6.780786735285552,62.723079916008835,26.17805111006684,30.012031249943274,26.78015935626531,17.21713651314519
26.732442379489964,49.229028245726035,6.400665433088548,115.84809816745316,82.12973960221905,26.479635729321707,29.860904891097253,17.405987562612374
29.99005054929826,51.18215542638,6.685433896235512,90.31766341829973,39.73055304233674,36.23395256058469,22.991813564345073,17.087020032608027
10.518723109031553,63.459162731493215,6.004332803882875,121.20688872755537,46.06947167237843,39.12598290308822,27.125610203847756,14.165454850489164
35.44187352390364,42.99868472561066,6.017086614552018,138.01820938955146,43.559842242579286,50.62627497387989,40.20095798638081,16.612234786395632
24.302051859224132,65.24885572874089,6.6183585605131965,88.41288733865898,33.90338878851985,49.22427750618311,17.127431932500052,17.565424756559793
30.540914083687582,46.569684395112,6.8392748273105255,133.56736815121522,78.8766968590538,41.84832888359093,17.674642194468653,18.877374283760133
19.800470364372345,75.94280539549824,5.562567172249144,166.63610182815881,61.833419461767306,51.90538984372787,36.64424483534743,16.907006738733074
28.06386952531285,95.0674161808245,6.7610103175553835,101.98824212032704,68.23205813119681,30.565138211855967,27.1986166025322,20.0
19.73292218413172,47.08864797447271,6.228399249811831,123.54666062482556,31.644960919088433,50.7733688727837,14.594855803533331,16.35726569060277
21.881155196520975,68.01311793562012,6.403596956346294,82.28677689390176,52.71406740505999,32.09571285650532,29.509326749276475,16.86945810294925
34.570156769333934,49.09887142676971,5.830241038217482,100.57777927093638,57.81543033997106,52.39694530064243,28.36702732149114,16.063219861430152
24.046587996183266,75.61431260696685,6.074191379906646,94.69974721875272,54.06134785324765,39.86653535230019,26.55132418806933,17.116305988919773
26.087164365898616,41.02112386372177,6.983062662765155,123.90807776975787,32.59439823398,20.017133234622627,35.485648211851874,18.456662533051063
29.35033865344377,67.20880137641569,6.516431686990106,136.14027807270776,66.13250031695955,47.30157164031442,19.334435449667225,18.941786221840825
27.47840943986302,46.90516549665971,6.308610799145221,96.71035452647622,51.823251241777314,48.0954575950078,30.103883318876758,17.043354986212332
25.752094525717883,56.89523116352447,6.441755823684483,146.0086853719877,35.67553946535496,35.43419945511418,28.312220043100503,17.697601585092784
26.824805012331126,44.53462087279039,6.74460591233215,145.90142324684888,22.171241906710048,36.287404216059834,30.30260182329363,18.18095812769164
37.01707792619138,72.3352570634363,6.720247248081669,125.40561229539702,59.0999977023482,38.40454720115396,16.14251073490624,19.8496467519014
24.711906014832074,47.445294683406196,6.462486499801599,84.51920404834816,86.75683601197252,20.748481873737287,25.81880889487993,17.20397066088653
26.005495233574837,68.27946388997741,7.046479555448334,81.64513549780291,34.77118589980578,16.352718269048566,30.15815352829782,18.05590520780762
30.25327198003806,54.83852957606501,6.985231318453333,75.62855935929883,52.55670575619449,53.01625638130389,34.32927709038317,17.664973176628763
30.52762966478992,58.282914423017054,6.706686014565198,128.47498210714483,66.65745918637366,31.759323325894233,44.7711720433,18.591678379748277
30.9351515278019,62.21633861100193,6.527305891455035,63.64695377531907,30.95521600848048,58.55264109576364,36.44758710991216,17.914967310763156
28.19365111014592,48.57262992511727,6.828660547559769,120.30512962333022,42.800648463724634,53.70401801138914,33.68924160506732,19.380783059048586
19.284975436347583,63.1555067031133,6.657133710900592,67.56671956527661,37.09761831107897,55.67195314269739,40.171798338243015,17.12200307376603
33.16715766150548,82.95501846531617,7.030400035902974,124.7063835952592,64.77015042236819,33.49701047532845,27.569420427654126,20.0
19.26827303490656,48.328578212509285,6.949780688369154,100.51658748191682,69.88283854031089,23.91598813069419,42.43142530907884,17.53820637047782
26.513177326195166,77.57715214910768,5.990873049291135,140.0091568557948,52.38554397097602,29.13117693405645,38.954182320496926,17.709093496843494
21.22862074990321,82.47146450231676,5.957018414629147,134.24363734963813,37.373988965088486,35.53545272847089,26.432977674860304,17.313501864835263
24.679308267035037,47.75767516457934,6.149375227797962,143.05196236006336,43.35813593108228,16.267702671493602,45.391641405866324,16.87045333783857
26.643812051517404,38.17418092364172,6.988069345033461,143.8245615486734,40.542522286298706,35.245743108758326,33.57548251925343,18.39654823357227
26.606786077251364,64.52941350257647,5.711845501614377,104.30892501964593,35.3409670756549,37.98321972488889,47.54375180849391,16.07719789670616
27.109603771176424,51.788887158496905,6.697378694553997,65.23620800726187,48.46942698772303,27.055790284133053,32.42545803426645,16.57497835877209
33.06855634529324,88.02904828744504,6.681271545546481,68.42430835007865,58.62239726692793,29.595149017541676,25.50456112391491,19.637077013699287
27.2676715075699,60.52211310749748,7.081324029343096,37.39454412052187,57.35386166642779,37.79401478819198,23.859706853172746,17.275725359714855
23.779216823546758,47.96700887947231,6.590169345331944,67.49002499715719,49.87651453145734,43.56286548310301,27.154052362136486,16.992314938334253
29.82043584144179,42.792607334824325,5.8283953047080495,102.06470973113947,50.855807552380455,31.091773319997557,25.42964046376267,14.744983378695665
30.947352444623203,76.34857438636246,6.020322519675939,83.21037457524514,48.77673807365332,42.92252609576269,40.171108455669554,17.550729601514092
18.86196092431504,51.432240388737206,5.9090022390510875,94.59593186770446,30.5418269125059,41.36846007987855,29.768206043597985,14.059582850654207
27.98700034924929,60.65743199190642,6.23102801683343,114.78146258384203,52.40202345474309,40.468858590183906,17.087818619500727,17.105579698118046
28.505863711554493,74.33704117668721,6.408549216288036,90.87804225802726,41.24561621818025,33.47985876143423,31.70403452697351,17.785729500949994
23.51218248320004,52.73612472103755,5.917279236889471,66.34513598762247,29.789851712608435,26.66620403964617,31.00410434488229,15.448519735819175
31.8785340665581,59.31106756889759,7.235330995326144,98.40298997309704,55.56058350673376,56.9645197990074,26.251139030647916,19.99572064560906
24.249722064837364,59.7514738526622,5.83735931402378,73.04528539681465,40.82404945372183,46.30305916457426,32.14073617587417,15.794908459186152
25.627882267357712,70.24986767274137,7.17305171193124,91.87640509062811,53.416308818882534,50.05731653060738,29.64712453496882,19.230057403150955
24.13464087858065,68.86116503265488,7.0925815157196705,140.2833089326901,62.71456722604141,39.163703151610775,35.070122939012535,19.95619368430978
25.077895237907338,56.698294031177575,6.9491512748445174,91.88484087711475,35.746419182821526,38.35974557739862,34.599831509465766,18.52510520645848
19.51862456552399,60.95473592244777,6.153116696251625,153.12872660043234,51.381819231094575,44.90659680725388,32.91922285119257,17.636148698451453
17.79974558702853,54.42331482714767,6.671225439588451,142.9490796081391,22.84365677404458,21.653116495477544,19.609152769839483,16.980713085991013
32.97252531612486,37.83581389620833,5.861314433224691,82.6208407426287,72.98799635913915,28.853565306468553,46.952133825138496,16.03883555732996
20.76519325840836,63.86401286097194,6.955453517516874,66.66628700752673,29.61400254666827,32.02225121971627,17.552114373341514,17.431953727683627
20.043038252718464,88.38287641249602,6.463007609231865,98.42337514239419,42.27770506403938,35.454335774582376,28.970326585479278,18.237770774133953
14.233049431981426,46.744212889634056,6.295339892706657,134.59983290190667,70.07569855645936,31.20304320529846,21.244533189209577,15.332134722141241
21.805191261552487,48.404554355959455,5.888127576671866,85.29427281313936,46.48215610878521,43.32807125250746,33.170705293281,14.633994181401542
18.384551032962506,46.93908342534388,5.261246940685492,127.24270894786417,32.039034705495496,40.814472344628356,31.107245798458468,12.98266556062719
33.21007580068184,70.86887668084684,5.980729571482122,136.25319967408265,60.69609848429803,53.92864689751377,28.64987132303833,18.59711919163945
30.04908544671317,66.7272818129466,7.0563990978064535,76.77923048912183,60.35798693226777,64.73759157112562,42.14218227150282,19.58695724781087
21.559248274111383,57.62193461375315,6.298583285762598,79.71846735134238,40.5022049095215,27.37149759851567,38.86796733741693,15.300010207059657
36.26217902672154,46.22971407541552,6.415335571442476,121.3798609638102,42.12610218829401,41.473052139684455,27.383077255267754,16.557812144453475
29.90882743495797,61.385651874598864,6.827777179144227,104.55542648924711,43.468865440728706,41.45525878206974,36.43307713533003,18.18828807639285
23.37584308245689,36.53066808996294,7.402834439058132,79.41815420368964,46.89464058970953,39.85801930235338,42.51744206270763,17.013680736841668
12.502971425632136,62.1513985028624,7.1625023274728195,89.43458655641238,21.6054338461729,29.151754290344986,38.8107603163437,16.77082945415893
36.454712862953706,73.07286579131902,6.013832498091906,97.88441341817743,47.278642083228505,30.828025543574498,28.910251316259966,17.295645035447052
18.05213766618202,41.232012950494834,5.528714714281297,53.05436725133618,76.75871297274723,42.40405611916119,17.277592788563865,12.677672008904848
16.773006265215542,37.012225847555044,7.679807129550052,122.96929319448085,36.56045049144944,30.546499266927633,32.597183239358884,17.35553015063395
30.112852160048202,83.69156837542289,7.634495805829727,85.63923433182427,41.24759609795354,41.59271972167008,35.34888268315192,19.896755421823215
37.19876203169636,50.823605407431224,6.594226798214641,16.488513286057035,32.24573505205406,37.540502154543944,23.843064797731827,16.57781412740472
31.92136409255259,77.03921768915733,5.864755877209089,99.28387095071642,59.18242889593031,41.41657903121282,30.180362136464332,17.142481461830847
27.819545600261797,57.690035022032525,6.98161326694697,77.75286223319478,68.04796037213565,30.466995295655657,29.336897529871806,18.940745005586606
27.97377170832643,57.57067774588009,6.446008156993695,150.6646657690803,67.70476758766438,41.57469242334537,41.10168508644195,18.77076156188427
29.26707779390154,66.57619049244967,6.443509438446695,82.43664937240095,31.279841166595098,31.190474165234097,44.830529404720714,17.37873796362105
28.794642948933827,46.74001714880339,6.9472294215525645,67.07069909264168,57.4968759574544,41.606956086569184,39.401715762405615,16.91298663141504
26.405957119846878,61.987457152434686,6.667187373436649,115.23798009886048,71.50625051321353,53.393961224391575,29.31555453459112,18.849466068072662
25.52100551975938,54.277658777638614,5.907092544492527,80.1865789597725,57.64494661565185,42.609838500160706,39.181729975582535,16.832420997936108
24.687034360502388,40.192598348924534,6.337629032459013,76.61631396243303,57.17614525015665,43.21870382383057,35.19030564664216,16.05893995882961
21.23017705566662,65.06223112089599,6.830576464330673,115.28504148473218,42.92536132047262,48.17206517497548,29.400803388946077,18.410481513298315
23.59662461566613,56.05038289683126,6.755126111202509,68.78598076331302,53.30164735690495,25.96441655526737,46.739122312026396,16.698815903211305
16.535215929023074,57.64462757332938,6.631008287179238,56.281790254016414,68.54477269559608,57.18921573723012,24.095852480939996,16.23037193955029
24.50830186602625,41.84758584878763,6.966711477237932,151.77994006283012,54.92313452643146,29.4441000738763,34.83127180487634,18.498750206595833
20.05704446424541,83.87100551644207,6.319141506091368,117.38496212801934,31.275878659554103,48.79660997368937,36.71648516443139,17.999608107221942
19.482053413921143,73.15071279579175,6.589334887609536,92.07372145016905,43.15937488571043,47.46909987256323,27.700009283810132,17.761838337863995
25.899470755767393,74.46233826257968,4.8122104499112,99.89568370894192,68.1391930833349,30.978336384952396,34.47310550303473,12.762654374598181
31.960011431722997,55.41832946337477,6.275174903078593,115.17593074348468,54.87114980526643,50.088861367667626,37.56397800176916,17.74046183515708
29.591583030011567,34.0622566574487,6.881951454287822,129.20012348840262,51.78593117364615,44.97812766413309,31.957075364223314,17.360731926533106
17.147496981884114,89.29376073734267,6.304802766441429,77.32074126054964,41.6897670012995,58.899786444022574,33.77996450674225,17.197342701054243
20.051859317148313,59.08353737991198,6.266886304141444,110.98439577897047,67.82898770801653,41.93378751341293,30.843448983592168,16.45297715520343
29.70385593994108,48.7680030596992,5.979273524112591,84.79887471369285,74.93618896733386,38.91456668477402,36.38016089221368,15.809589390315994
20.087563032308452,66.2520236172467,7.001682946364573,94.33056266462128,68.9478368452705,34.852374720817956,28.168170646449553,17.476953883470806
23.876834250014877,77.50681182004946,6.774231636770286,104.82078602394714,71.63887432168059,22.566447286488266,27.50561773285716,19.50140779858031
27.75026049512276,59.65424165871801,6.912707298911543,99.79964280841983,44.6194063885075,36.817724352488405,30.164481230793207,18.082482729627046
20.158277725681824,79.17862751909063,5.6368930190210556,122.06700694907715,42.49746353939145,37.24101605741123,39.46935099358648,15.882809361450013
25.5268775307298,76.24499907775304,6.419774978367183,114.61259677346781,47.65482239751221,42.62058182557435,16.02109481063213,19.240300624324657
18.329872525408977,43.85428218896912,6.359944496124997,54.75492371883467,50.57859862964381,25.768968891175344,22.725045466313464,14.76950767281978
21.99316178024393,49.89314841510785,6.359714146700724,59.26530378803674,71.46529670187883,37.60987788813121,48.20616038628353,14.858125456050612
26.598909670712686,74.36305744919652,6.191986228141022,88.90849945722121,67.48830109202625,45.76251392022115,32.201507334194396,18.466163255109024
17.035031332341653,20.0,6.326947864109992,154.85875787325475,58.077040808817415,46.75509675492517,26.743711624298385,16.128382123275873
27.202373689801995,57.75816460252517,6.924822391353326,74.45224502495194,28.532198512296688,21.401848238626727,36.358814683906296,18.29066858592385
24.901811005366593,38.537531975629925,5.5435743233260855,93.75331871161741,24.67967233104687,47.06406608653224,23.719783998383797,14.091980402982038
27.76244977208574,52.85169297849713,7.3886473840152265,83.90961919130434,53.60694117202555,37.53426086878508,13.1776887024401,17.86775963166974
26.119570670323306,55.51769866456194,6.741920562513231,83.3786684773576,63.20394808401075,38.14989122501446,32.83839958197911,17.65684416044749
31.82070214986922,54.62633433138738,6.478834052169893,105.34719231715167,48.80649426520794,16.354846301441622,24.153729327641372,16.793324395592368
25.626122513239537,51.71608121831087,6.953417073186463,142.02331828586955,78.72356757467608,54.9357116255788,30.8111182250392,18.848603511570104
22.852972294373735,43.54284525556779,5.774082627415782,113.67905199641767,33.76338434329347,41.76798885011295,32.63520631870775,14.360705532768502
25.611487515161418,94.37866900228029,6.167649547424493,75.89407115718723,31.874720757566017,24.685395734772932,31.136929356526217,17.483935307164586
27.71649014518194,88.01193006242026,6.439462283804723,182.5968853240962,40.03578538288519,43.75201574916466,16.32803670310414,20.0
25.24430035162852,42.569012696155745,7.182780185216089,102.35719662883378,39.46554180213146,43.44478440847024,30.210246740699265,17.58989069023536
25.202958456019413,83.73175126955351,6.476751709436721,82.68337130853659,57.89428803022969,52.22544152932989,33.55681553091526,18.33862854754757
21.490041560966223,54.008017642907205,6.725027335592573,142.36289124032768,43.674322222347456,36.90311230709122,18.79952589420604,17.814124594536693
21.68549541224526,61.93781209997566,6.205210502031936,85.92788146168544,26.78239308082008,40.11996068938586,17.84661152922773,16.80403158727766
17.986973641001534,59.050890601546264,6.743421034483745,149.8874096496233,63.373676850426754,33.57192199762092,21.447803313164826,19.118865318784522
33.7478837159347,50.103770381190515,7.338619796487229,73.880716271,23.600721108918055,45.97948613992738,35.974117910081894,17.950886452109003
18.780683823043574,74.7577851540922,6.997763345837057,142.90091166764108,33.93172665483936,32.16509658324951,14.013474028099434,19.05129162603156
21.53547401102046,61.888297958649865,6.4592720061110604,106.03142992845083,25.659401438841968,31.070094829197703,36.638190809154835,16.556137758888845
21.40796367215401,52.851728651711376,6.837745423632735,138.731566981073,53.1068191560631,39.32202462220079,33.13644598632184,18.585751696335148
29.474621884722207,40.43115834299291,6.788758477303606,157.05297126104634,52.79071568226818,27.741362286961714,27.939984395744684,18.252590221993636
23.52525160853986,46.596074794213195,6.753293835848638,66.02178128436239,78.7468148152453,56.02131218539234,18.1549627007967,16.549302552184603
31.238710363368668,35.37929826596855,7.055976680430204,138.27315462274967,63.70739984218325,59.272667277418755,23.628259640870255,19.769825435677802
21.63254687878066,60.183353226227545,7.052238851918733,57.732882867237855,71.62469275013301,35.464099145781844,36.25523241608508,16.796504592513127
26.39497081111901,42.05001611573406,6.436420701562557,68.58446934255315,54.329144769477395,26.13404993442835,40.05380161474689,14.753265073229318
20.823264733701212,56.01659231222188,6.820939530738885,75.89771620622689,35.34602268364155,43.365920389020616,21.74909745886989,17.167542837059827
35.72574563886694,80.55152780415557,6.308452539420103,115.10909908533583,51.92161402990244,35.178974820310756,39.13490808227023,18.80855092570264
19.062007904852436,77.98949359382378,6.038463801842211,100.99047630804579,58.886315110809605,51.74681132528032,35.48700186166503,16.580374002348886
26.549103551135136,59.51584658846073,6.365253122148006,94.98591747511492,60.55711073377363,32.12853404470096,29.945302417881724,18.682262768823207
28.168884404660492,58.693729107852754,6.4618609241302085,104.38705837067083,42.91381783837487,45.44513222428443,24.097158962876783,18.08129005686024
27.068995487257492,88.19811824131511,5.669209505411004,117.73868767880418,57.33179710673599,41.139935893916935,25.34887982976008,17.525692771011023
24.073561705611457,67.81134180538066,6.93016627970836,120.04744371824059,36.00458043738103,33.2373848938659,44.583380929234394,18.523762479040894
24.35089650133287,55.08290310185215,5.1163372886988014,132.82500506845392,34.35083608833924,42.400498284919415,31.42753451370446,14.266586498626927
25.219057359895547,38.60972824319322,7.857408469743161,154.60104438302318,33.26322932921773,48.78532558474849,40.63894673608727,18.49496513601907
24.264989991857558,65.90809827247115,7.250939566898159,99.3591288267557,50.369389828351956,40.86848519055397,31.932463866305127,18.740299658048485
29.819395583974547,72.43985658874294,6.369495637913843,84.36733113607251,32.332454673855445,40.972846651262586,26.378416595268536,17.752017334476438
36.05261500795676,50.52522713229534,6.504713180281887,118.40608387555565,43.62883415193488,31.272165721463253,34.67272144348109,17.927377817680444
22.212541074960832,64.36804132707049,6.651485936793642,65.67235551206139,63.54374827120937,51.44204797904136,47.26268057663914,17.320707223849737
18.15098510210461,54.54640057627456,6.205419806005529,79.63887603665165,34.56305482882542,50.445465781431835,24.847066716111225,14.895816818882084
24.558589758243727,57.23951401201496,6.5963095737934685,129.9814283917837,42.435319497435245,35.894408113135036,37.31095122757882,18.53465351491232
37.898546688271594,22.682669136565032,6.4280000111491695,96.27614875546888,51.074469151642546,38.75711540517004,31.52407185830101,15.101166013278325
20.981627160151348,56.673278944257966,6.452863641384517,63.75422624925883,53.703303522984,54.14220672690327,18.4038558690215,16.062303397266746
33.195584027220335,74.54053953612082,6.590730531740319,55.30590803904477,42.510641137916586,28.664291789525446,18.225009257280668,17.53811969575885
33.388504070382204,50.52896166650163,5.8432361008230025,101.46150038181422,61.80290103102735,46.042883913587815,26.38413002449163,16.729796336910358
22.232058791460027,60.78789552322974,6.519784862066824,134.2568961090403,58.85678451177087,34.41386226868872,32.77990867312735,17.815969552574323
27.844915395926378,48.66073939962119,6.581723873308738,133.8563733259356,67.09784906542555,57.78077876751641,37.026983757508106,18.667049584431314
33.14198311564269,65.4066251443916,6.5644248106779575,103.32641508678512,48.7759711347941,40.63446728665337,17.432695568150123,18.5941640286179
23.104361295062564,56.7521520369574,6.3920846222819225,160.26728257288383,42.30771785815485,52.603785181400426,35.221580161257094,17.32143229265162
23.982098199488192,45.9113768897699,7.068928887984686,96.85538902178612,39.76051966981817,32.386726515388716,29.05295795575836,17.43563711984929
22.09159543025678,79.98827201497691,6.323173722559225,95.84297129807767,54.60541276894044,27.514713176757322,30.026510252260387,16.81381806278213
19.926216346535664,73.93398020298322,6.613662953411595,22.976922707830006,44.34266325783091,37.65740542798888,34.708894768262766,16.41019673940921
21.753612274669965,50.926398541077376,7.148648766962773,86.57911152516353,41.46245333478816,42.626834579468365,43.96884256093859,17.183069466151323
18.880298666188718,67.46682464126665,6.460311929989844,125.56045104725483,43.27569103632017,34.89268317983586,32.42913440324878,18.042326888683668
25.17041734129613,68.06118004230571,6.607231633733775,146.91884010579113,39.744642723136224,47.583074262749676,19.146104138327676,18.94566992445211
21.150133844706794,69.63451852516764,6.451807681842552,75.09296098998146,52.98531669144098,37.900464321895704,28.503259896566206,16.593291255894815
26.16892955895374,34.58616156007383,7.1186848967818,113.86756987879146,28.811252261839087,19.185628382333945,36.81707218517185,17.92668834318161
17.220521768981865,75.09909811548943,6.371137719206852,131.40637096969863,54.54524438712444,45.52811979193001,37.08034717533238,17.286696084353338
26.654401161072286,51.45451555611403,7.141677288644103,100.33624459587698,60.14823140604426,31.174629408528425,35.32659499272246,18.845894389512228
29.167644808044624,54.632580998380995,6.4482060526764675,31.50158627418309,41.286812927340534,36.384026183234816,25.91975075728745,16.22672122074158
15.031321787142723,99.568226283903,6.070270138275991,107.41869998722757,78.8305540940982,55.531312035393555,19.057397619061646,17.437441003710237
26.87028284923786,64.52810071081518,6.83968658528706,122.84291872182679,50.2643196646528,57.7281172412109,34.71606204659143,18.559997364217217
31.13834496236646,54.20516286829237,6.347666083122172,71.57731314944624,26.57985525350167,34.24506564907188,20.286105123216547,17.0814828689343
18.951794906543974,26.92058440866141,6.8102504495495815,92.3753640737684,45.78135640494994,45.7778663063184,35.544088131401466,15.821729993125972
33.362861934188516,80.84646200919533,5.135297807538133,65.33511873613708,50.93984217403695,34.47725509577355,35.54631486955707,14.32094248463682
27.095095046830227,39.82185493787096,6.502602630947473,22.89557354258942,56.73451333355321,37.13127021101397,26.258456506151756,15.334021441476846
21.474940721207957,44.94841644750745,6.27019735062126,130.81013235362968,46.1385421383373,33.942245851014476,29.100293680126782,16.912367697045944
24.72115461171147,55.02971551368226,5.968370656734361,99.88754398594445,34.82644586443414,22.756563196035152,31.589422936956424,15.806176379367415
27.79163456260861,81.24617687550439,6.2233794990801,147.9302499011495,33.57529072831576,40.95055223733709,25.081482613431128,19.15947598684916
25.380026957062057,71.59859979998639,6.213148427853675,125.71966575718531,40.196010722274934,42.881653869461665,18.946559727119574,18.458270158349677
27.693779962231847,57.6324373523961,6.47600710257471,89.37370715003654,41.633369562218554,33.289982546888616,29.686245783624763,18.020214267165883
20.39663203460317,64.62438095458232,5.816336769357522,97.50458019686774,32.975387526511135,50.87791711437109,30.520260883838766,15.445329467598484
25.84680412018039,50.99421460693341,6.658136890129857,116.98532172310517,39.007802583444516,35.6391978290478,40.888378909224414,17.056472798993624
17.9314275154751,62.09480534348026,7.183107392602894,129.0065025026723,59.89187786659032,33.62788175140985,23.744063426977128,17.76371617074835
24.4438696932565,61.10005117167205,6.640464248473913,109.68011892226035,74.7261891154173,45.26503118108106,38.54796939024889,18.009664539658502
20.480461792676053,74.5315484352203,6.904494304614505,133.16779435868452,61.331925708064446,24.57318010027471,20.823444168588512,18.558751663878066
21.32235028705117,74.50767183658424,7.047281227306898,91.09993789976585,69.58791629280219,49.06679031702806,19.243182402409836,17.998324455266417
31.180465876052185,67.40966073308468,7.118244756092088,70.08569359642941,64.61177702350547,35.97830842605637,27.5931004423258,19.81240778520233
30.456550602971344,54.56478663680846,7.4350693464106525,98.05572239316609,62.49695492597517,49.892860763940895,22.472727915122224,19.519411896722772
28.045690604535885,71.1273344158519,6.250399000862035,106.15554672208549,44.933056054140074,52.881305258291555,19.13107354097245,17.71921341414552
19.538436176637106,58.6204730069543,6.140758007419442,63.9539381578214,52.113663175804206,46.40153442357141,45.55464252651819,15.428458011837137
23.41795775152599,43.771284469303005,6.891732824162367,59.89833747560134,43.69070986315968,31.880267072716887,26.386818909152463,15.416995125464421
31.065488499895917,53.95068312133592,6.8541331098287,113.42158889420283,46.713392564995594,27.491682935155954,48.490428694049996,19.09728896757366
25.708584568199523,61.26790475676487,6.887837649807844,87.8092944588873,51.022506505798795,25.65927336664764,22.04212960881139,16.990618652692604
36.59664769990847,73.65323675497118,7.444641227125126,95.02477283013994,60.7034922736854,51.02910701701311,16.331627466936013,20.0
26.96658919697186,57.24707741764271,6.505684954399247,89.2092200289753,56.349850722726856,38.65199887799817,40.33031775142659,16.567672582646065
25.96024558245016,41.86201933140591,6.713078279823092,145.61802705289637,47.57256105478466,34.00778205469151,24.18674694191801,17.73006420920489
23.454417678987493,60.85112524945229,6.009805874258262,137.85283481185002,50.833081113374995,38.679178484611086,31.110926385590556,17.70459887515716
25.66770452391141,61.701840600848286,7.567660561987979,62.87938929882496,56.5019551129029,50.80621208954168,19.154932119896937,17.824472994720562
24.237650818097283,62.7875644335413,6.331727539395445,84.01620360758659,60.01091657086753,47.7873978535955,29.69509486455965,17.04196293101283
28.54054338344295,73.79807273931645,6.345892035919585,125.5001280390878,27.21507255114196,44.38506155708855,19.02699144114326,18.796214374535943
29.78351158397292,75.28384860134848,6.326625054495879,118.05808711309726,33.839165541515946,46.37886057426405,29.408740818312285,18.808824803905676
21.070052697460252,51.086836914275004,6.177552070677831,98.75626113010644,66.60965800909014,41.801723554969485,26.20853968409216,16.11261723080203
18.34383523221111,50.757848129265845,6.135281475576175,65.87199385107294,49.086956451034126,43.021130572964246,31.84214184308883,15.00041964537402
15.818973134483517,44.397019335667906,6.238147858555237,79.52379861539363,43.63885109949532,42.21025231151047,35.005530968870495,14.140887137286079
27.539956634562717,70.48223505420714,5.817102035974528,84.4969729736113,46.047507906109416,39.99938754372446,31.928639993593762,17.323329316558354
19.483166969130632,81.73230162506573,6.1073410398683805,108.30982993357301,46.04442041635169,47.533738838312814,33.60837233729719,16.485057221423503
14.235547035237586,55.27377108136615,7.474481555723809,151.11181464091712,58.369066722865604,43.612821062003945,29.12773859680381,18.850761215479267
26.942893022654822,56.3785415291251,6.867827571820684,79.39359295635616,33.37975409028849,31.19284968893042,26.517450387474902,17.623281211828395
37.46499758716395,82.00173835348464,6.962952088363859,69.2189425733428,50.37166619745142,45.288743855226535,33.760949462316546,19.7067900258055
24.969645442300532,67.58336779822511,7.088604393708457,96.74240569516171,53.69176594175607,42.47247066379305,29.108417472974526,19.31941512453138
29.19245387225821,66.54353557201583,7.417067282181195,130.95216941542176,55.94401874848255,46.114134689150994,29.41352174308685,20.0
25.409146792737825,42.1362524103941,5.614288724278078,56.5935109971789,53.3429599431544,38.95793086384971,33.18195972357489,13.298503557241137
24.505551734044285,70.18092103919129,5.88505844235673,143.60902452624842,57.738593454710426,48.11740313767158,21.734275215819856,17.43569614276405
29.595382414938843,46.06295489235362,6.098138169552658,94.83905913652991,41.40955773412531,39.38591449133843,41.43688875275546,15.458753677353585
23.548627279056742,42.98969721097563,6.2651351017552015,77.97039993059879,35.872959015125666,47.23879686600545,28.005147355549898,15.377808049070921
26.336961570359513,54.79842634849932,6.3497153047073756,51.99432139713522,86.8550666487577,35.435284840494894,30.99345292776057,16.63183471273123
26.608489030980067,51.213109148269645,6.276511223596979,121.19562320261882,45.48102973138646,36.127459459010474,29.643844416555375,17.428397722019945
21.659547731784755,56.67600458422441,6.609654456566027,94.86486414275396,47.23318294018148,46.02052523210125,35.22194523121696,17.358920022049354
29.960211747682614,38.38527548212621,6.517647695372608,105.12116448263521,60.167601465768264,36.68226606255256,32.71345336776672,16.184350477194243
24.125201216522957,74.38224459701509,6.138582602410875,72.97564776965909,73.94133938291361,62.057826947481615,29.60060842504404,17.02608061873888
21.221274202535778,76.91529441774644,5.412225611506215,90.42711897246929,41.83207824597956,45.66444986779027,41.590032929094974,14.689656041308503
27.682549217852017,30.789862887887786,6.003565647310651,85.40256260935786,35.01777097715711,40.24923486154201,4.373235126362516,13.983178995589137
20.507660091044812,74.67686708499825,6.225380673343713,96.98220683865377,31.367699738125847,48.19900776758849,39.941395043735575,16.613808719964304
25.140905786845643,47.84207055267561,6.37646028159614,79.91343020872569,73.89659332254388,35.193195900234834,37.36172324152768,16.527999069089834
24.95440501677898,72.8546330547418,5.935166270344731,53.97457117938336,34.428395203084484,49.23014819233018,15.313466937580426,16.548514182132763
30.42947782915789,58.97330261000376,6.25459676675179,181.85499235889822,49.5866609522665,48.95235216663532,37.43426574173802,18.656428068459807
27.373491164399763,60.43163346121498,5.934506305757207,59.097872579874576,35.34072751935547,52.5353405777955,38.46773956447631,15.12850915325207
24.87486520627428,57.22353525868172,6.437090324225833,105.44377020827616,28.27466123062544,35.591904686514226,34.49410791904845,16.84106220588706
29.088831496001436,78.18193806350229,5.963454335818692,46.839165147278734,45.61436970359471,27.772667458622553,17.52730045054866,16.44437875488684
31.951037745086566,41.40617981212458,6.075547671814768,40.088576901460755,35.93320000488259,33.89845360797452,35.46122174051381,15.374091718665024
27.789051531759313,69.11760508102513,5.8456579345054305,102.93479475556802,39.62557361865031,37.18369484027253,38.05757484801543,16.64694746476184
25.051763099216902,76.51995247334325,6.423249652215108,105.2310276330491,80.09157646126106,56.67211600851755,25.422348041753022,18.051144377575845
18.440818838249204,70.74510120810616,6.066776115023801,137.84496972407152,56.373441562586045,61.950120291277486,33.529070847888455,16.69717237257705
19.674431684623137,94.87048371485126,6.953392133337715,111.98640523047118,63.97204279330983,43.446623046439825,27.174336835844386,19.917088159701432
23.47387647822666,52.06579855912952,6.70292513334645,95.50567843762627,62.36989344273879,40.093906080185995,37.08301592413474,17.942087113522135
21.952438989203586,74.35957233890296,6.465074065908179,71.51199267804988,48.48708615381463,36.50092169525789,27.491946518178054,18.121773223736394
24.06514348507277,58.4086404698787,6.101257251328105,144.97036204700646,43.40422460933564,48.24690350210867,25.3590602972319,16.797106607420066
25.283249624485535,78.50109114529005,6.690260152658151,127.86553738150671,53.73401917791675,61.88581391991518,29.685627658642247,19.747223617979575
27.648463771783653,59.88466506417946,6.8453504446743185,62.61011566754726,52.526761548987416,57.858508911882716,19.26678303613314,17.292541667683057
24.647506109704544,54.181863272062955,6.571344206100815,101.13891184631906,41.46791874252038,51.379766126058335,28.891344134141107,16.95976439768024
27.43250821913101,79.59108305807443,7.301850927733465,104.3215669457949,51.94771745700291,51.23302531113856,32.896741898865905,19.766505503903762
25.3223720740506,52.62657091471605,6.729818659037408,89.63039030182992,39.40505439955562,48.323098862541144,36.95967415493081,17.283832271469116
15.122667168230643,38.80911361649166,6.956803608784017,123.15551457420385,47.428131040387406,39.52709354291465,31.991653909105594,15.825667591245274
20.303323030906228,52.24729675239257,6.566782707767989,124.95199415044532,44.97074788223995,32.63451777459204,18.539186903308817,18.270950221018243
24.279562221391924,69.28549419882799,6.837832226628488,94.28542906584683,30.966911110913315,39.79185910672059,40.8181691058381,18.075784163078588
18.95152628579446,80.88058127380637,6.101609383665412,91.57392262607024,14.73262680331745,44.22339602131353,41.489268050993914,17.002496823104117
27.99964364998102,61.66694062944768,6.270800818393603,144.96875388002596,35.914051250904514,25.46366101281705,30.900538042166257,17.69154864382998
32.65375416171849,79.77295600851038,6.67468177674119,127.98516677086711,77.06156996879452,38.470492706337915,23.984467030810762,20.0
31.093809258486584,39.627376177836105,6.671049740778691,102.17081169725154,45.35477326944908,31.740676454087264,25.747056508307637,17.34518615742488
23.93278564534896,53.35104802773146,6.753805911471623,51.12372882759839,61.639522413446066,50.138411610681416,28.37182081825532,17.23111822177041
32.45363068424976,55.67137324268848,7.050196446139364,110.32000318915108,18.133322853599626,34.502915978432895,32.22934764958128,18.298553941828274
25.743337286010558,58.281608587912196,5.787514414092294,120.94250394753004,34.87570898053509,43.282203319809874,27.564117747922083,16.63333247275911
23.314570144409803,61.261415823752955,6.012773726194852,17.36435114804881,29.682655739564744,32.999797070644235,23.132899728790594,14.544397730700712
21.9329866822953,70.3636643608829,6.614786320537126,107.55608344954076,46.96549984869328,55.97699325960916,38.184079073731496,18.06941194670671
23.487651567559357,53.32789742744264,6.137818184098269,87.49924039612795,86.32933220802865,22.992430634654145,32.05828710459281,15.677320727191676
23.059115907293855,62.085430304296885,8.188884120644682,93.37437159611345,56.903584148418766,44.75840376843967,21.581023820512414,19.21619208015274
25.85208111187744,59.32315664513923,6.757859809585068,72.77857141710038,75.4341879991713,27.227423315600674,32.330483650286325,17.512477731239052
25.802869905249324,46.11165144163275,6.460834575534921,95.55432128789074,46.18344908471505,34.906673495151495,31.294966630232654,17.116525371016724
25.015230100767074,58.29499966377847,6.2422653634580705,141.75974728543994,70.47304060782608,42.06186703684505,24.255576704444874,17.833286461844132
27.184690848731748,57.84510705154323,6.259918858403478,86.60804503553453,81.09885060024337,42.55357031316838,39.56039807688789,16.283593555046494
30.953231373931708,57.523791524954305,6.515070330657589,128.96720676379553,48.35946400384313,42.29266841095413,31.079113651418524,18.788686050497745
29.747770677206617,60.47639184872176,6.555990966310629,75.81006343361169,41.911029331589525,41.517491409755,28.267026863342657,18.134709367978637
17.575510157750482,61.13510310920079,6.271650427653244,122.76268577968116,30.23283594514771,33.581557381265576,29.332146015396628,15.462944652278289
12.230394325490225,53.515572313390045,6.3634238767400495,100.04967566865854,45.364096121345455,38.35946676911189,33.55133436683861,15.709376258373867
29.67159955619637,79.09072100956897,7.172142287617298,110.56074486367842,51.228450128011865,40.31634016178915,29.422532683759165,20.0
18.165606507922895,42.45779056195475,7.192252481325517,100.21459768292462,80.46430426023723,41.953603967588826,29.355650615688997,16.910612677016378
23.87617299053658,49.185448372951555,6.626016989967439,119.24875697323625,30.575390388558706,39.343195271930114,38.527720546603035,16.802888416413698
19.149434869703203,100.0,5.829370136381631,22.972446461987257,50.89492840545467,47.295904209844544,18.652765380101876,16.238775801781816
15.9900978120999,44.43012967516155,6.769251578319522,57.40524059627291,22.785378179155742,40.93386970150942,19.98757488324031,14.117290103594977
27.70731364102394,39.693679879353624,7.277141220805513,112.51241494025933,43.59855756742148,42.01325967621614,36.215706879935496,17.92435054192173
28.795775801513233,71.01715117501827,7.184890550981189,38.693849383112926,54.67093036118028,36.17347651688483,49.32679829666907,17.765029314949302
22.1174479963664,28.84320219339189,6.867212926404833,84.08258933058372,57.68874729032837,29.47558073385578,37.011963601216415,16.020671354788295
12.044788539275451,56.47089135041342,7.211211477642911,98.36977476890051,58.835346194628826,41.540289307324706,44.9136703685818,17.286660747734604
22.268777758737585,92.18737387614733,6.526692136239511,75.1557958716131,55.96106049330268,52.07446043962938,26.52502709027418,18.755531311824416
26.959020027012734,36.82596116769899,6.8140514849168525,79.25315791918679,58.706329101443615,44.43861230730413,24.90335057329746,17.346866640698618
17.605442156129357,30.2705327139193,6.1596122168374094,108.14746600460776,50.68608693503995,31.825060587852082,33.65226538596841,14.242386819472381
25.91679959889578,37.512281970634525,6.646132728077856,130.27884867339426,34.282005410165425,48.147400258186046,37.629191678616245,17.41134792317201
24.923450754135022,73.47539352520478,7.164767121985262,71.24651856235576,22.225145544799158,36.648829322060436,19.50759278974116,17.77265123501242
27.896457498005443,76.87165079978719,6.205288294256555,82.7482541143789,41.799682673941746,47.14653980480287,28.294253017361335,17.595885661255824
25.597901842070765,52.31116804532237,6.069278285267857,78.06217080018865,47.980768504051554,36.31204135103839,29.78386265884757,15.39946289919489
20.13465529559222,70.24818606001604,6.548744469511848,27.35860744368164,68.80897695763221,43.533064398273694,24.569038274517006,16.217120469083323
30.982857508322457,80.85382991267984,6.386668898138001,104.25135370952526,48.4909748726572,34.81502663375653,25.50222538763405,18.66001233347699
24.20735213486515,86.81019621644738,6.82457386053521,128.04153237485477,47.051464486749616,35.069475035296655,36.74455440847355,19.763120072470347
24.86347730245034,56.30497078230228,6.273370237026479,130.49929621947646,55.78290690262669,24.337346329042603,33.757475848726585,18.456317362360597
20.33366020463402,25.477924234950198,7.359219807801357,73.87700870677784,45.94982018823197,45.1207481916116,36.38761137487563,17.00165511448978
22.783588744042447,47.6868161638547,5.855161951019472,62.449058544395726,62.15812998420407,43.70169634820337,32.69499752298219,15.31967874824951
20.575986429865495,53.59793707597114,7.126867393109867,100.64816642775054,79.69000427575817,44.26442716260942,23.013946585179696,18.9619962980022
24.135269700382885,56.115918051324144,6.1175753858459485,124.87821059699402,82.86178271316051,42.75330561131811,33.38482441471337,18.007901100982743
33.558542400711715,57.18210898486921,5.602008632707989,104.64551344931152,51.455609408667335,32.377499666766965,22.38325678097993,15.681508443331607
18.14049428534322,76.78341896896004,6.6189375781744335,108.67913907621283,55.05338547043172,49.6589926449358,27.505973287725265,17.944539992930107
16.932193010616295,79.11642640031373,6.372696006993058,134.254927832087,73.68284180560225,49.9277930009227,21.7100107614542,18.208337017430484
32.35585163746804,57.42489519112825,5.945195316048484,77.8259032230789,47.75056965655593,32.117625348294176,25.112897663433063,15.948195713640251
23.95338161424067,76.47727314077729,5.659311554142368,93.4008973998091,60.18788212886269,45.32123991349958,30.723830778836124,15.735674976619121
21.654636306700418,65.36492049946634,6.495819606364272,149.03816535283605,32.97259805471262,48.74991185367977,26.34007516403743,18.447374249058534
30.19952343698038,60.96758959293857,6.987918445811909,94.09566630707118,45.33741277587503,35.299017266562785,22.93470071980417,17.809851878616644
21.97192230131568,73.59816235664945,6.7924767465432225,61.97989102100286,67.34171924967961,37.03964310755648,39.10237977265664,17.921180407753766
34.13004856773468,61.08378072356874,6.528353324419633,79.91931711249116,39.22706549318565,45.34113408211786,29.043266260977123,17.198607878812055
28.389629356696346,90.86716765646644,6.739423786608867,71.85460446336273,48.07923231905483,24.896702305856987,25.776575628536605,19.030273959508445
22.560442959271487,38.423832498081616,6.4863929338110715,110.71487757103812,26.38685531596821,29.11482778466,21.34080711438419,16.091792158821928
35.786541066327516,52.27243651361973,5.785137878484814,73.12158989233664,80.08652441764455,30.102249921304384,15.02404091885481,15.388303432146007
21.97142538498331,58.102216545690744,5.789553007388278,108.13102758583733,68.94542104725355,22.036836351745045,28.22362389015103,14.776436408632446
28.710476860046533,66.59179035686986,6.398415735507661,77.9180434437805,52.821493492291225,50.8493977418748,18.974250371840228,17.01940241717425
26.49646290203246,79.01940730654633,6.419673356816963,36.29864384805316,57.61269308123492,20.118681858083328,35.696291674887625,17.336430073844873
31.50870644699399,59.63402149145765,6.925491339253383,109.19859360945766,55.93847160415053,43.431106634313664,30.235929556788232,18.73134286525782
32.807555983634266,38.6665552574069,6.878652111887374,104.45391044640667,70.7646762954618,48.1168339475522,42.466886233105086,18.36556184081822
25.160020745328833,72.63770844682506,6.802566507879475,115.53273447126521,42.21799936442941,37.06404045586733,31.784594185897053,18.974367937966765
21.232910648269083,71.32438149212946,6.3598586434614095,79.8103834250423,60.984014298923476,33.316323752687545,24.186737621922806,16.88968160710167
27.299860714695583,30.87212010930891,5.809673914944931,76.6136657392187,66.1612474827826,42.32842450736639,14.959939181052405,14.494009583088026
21.61142315123947,59.942937994938006,6.706035568533012,112.04400575444637,68.22988955714685,40.01833000594481,36.452350909934054,17.65989828820884
35.066936237633115,36.14787253979553,6.762584656631084,145.57058717592943,16.109436742524533,50.035048624164155,19.60841391571688,18.169161312803972
25.682676655413687,50.03023353746906,5.305734268761157,100.33504028518983,41.01088282602283,13.71478859602043,26.734843818481906,13.443660522228633
23.173392243439455,46.457866095558,6.0828309067086686,112.73755288141435,34.71244068047144,30.812925238518723,43.39270597243931,17.097307863058894
25.923401529324543,72.13897047362978,6.154472811303052,90.35236946722878,52.243824283560286,45.61576883916055,34.887866792389815,16.837391274199536
18.264368552351517,61.75245261258276,6.559175100561718,53.691084343789456,19.759546707285914,40.504474427744604,33.118923636279526,15.467247387107196
20.141929807446743,40.71613498865958,6.098319783617153,129.02288257462175,19.315656635815955,47.52034159196867,37.55457954496087,15.32609860233521
31.002069539722125,73.20098944436013,6.48093271558768,127.25242717258486,82.5514248781439,42.620199762396624,37.256398551244224,18.848929884982738
21.71552860514302,38.49291264107379,6.394732529823504,121.32322075525582,59.265340823950105,38.652629367586876,42.64757145563336,16.80797243920606
19.7654450865903,64.95170685706415,6.420425264231136,94.54163684972744,51.815138647982174,36.977115569064956,25.18256519624905,16.615117549586635
27.683263762636432,47.78983996062666,6.141802853149627,117.91168299215622,55.455089717584734,63.250550158755864,26.98652677255388,15.8316055421207
30.928520773314986,54.514843762042204,6.180507472966661,126.81285392163493,52.1951138562377,55.34946274031511,22.620922967506502,18.025206426162143
28.594766553325332,67.56406122057577,5.959866470109653,148.60476054870122,64.96025984827288,44.95505098095222,29.738418908928214,17.848784831794685
29.980238429029082,67.82174098589293,6.690033720286916,129.65578313942325,40.51333711904032,40.78463893448415,28.942138166638447,19.125463453995472
21.216024557152696,80.0545361033394,6.7855513142956845,101.91463675100917,52.79922239110354,45.38132549353434,15.960382101315409,19.021381176466324
17.89094666629078,58.7661945049282,6.114691024937331,60.752402337268855,53.41131901906573,48.26834717872908,24.76879394324363,14.803197128039102
32.506668259777435,64.59676294445012,7.260320048008523,104.66974893015224,34.297130623124936,44.18826685704509,41.51293227359173,19.32971673477311
23.38660080578932,53.433940163935134,6.342699276278975,107.69732187547923,69.15474588594579,32.486198766134414,31.953668759096683,18.232843817679612
23.745834917724764,62.72984823934196,7.26509281189828,121.27089325954913,43.31484890147886,57.8451076772451,35.7231889446937,18.279473873493167
31.64097070924529,66.59229072012768,6.178936413084198,140.61675577970277,65.26132504713351,42.46208227754019,29.03564265719455,17.971295718684466
27.7811500470033,58.52535228818436,5.4867111117002825,97.14548463829662,51.723690895572204,60.139300303898146,14.903251806417266,14.71577907534454
27.27943886040804,32.943742738612556,6.7010989124561755,163.02961569439333,74.50377248613587,41.87147486877334,28.970912625363685,19.194839975014844
35.82501172450542,64.97206344496342,6.624272552559494,47.221389398782684,34.37931367217714,37.54346647874466,38.33357246016783,17.01904002074416
21.782408848099283,65.46842216033185,6.5171968976537915,112.58025617384875,33.72861797734325,53.841401240464634,20.514529670048724,17.78412585881383
29.639200640406187,49.79739785478073,6.178883760778005,76.04438823447916,36.41456613493537,43.01186958077767,35.9763114139491,15.910383323335198
25.285065624485423,40.73419445891229,6.48271388725709,42.783340009335916,51.99943325771561,41.334226345092894,16.385346645658586,15.702618643618681
26.342961394316287,82.13818725755948,6.244370271065236,93.94676871102524,73.12202593667308,27.996357943574058,30.161529905858647,18.222825127445848
32.64234213206266,67.37168266341604,6.348825216834125,56.2848190473713,73.89640427247876,46.60217805135828,34.356147601173035,17.656027446486636
27.53917878144812,56.56378453617435,6.920816127882538,95.1571630590155,15.350470993423402,35.06689617044091,27.50309980584486,18.491414727054565
27.691480395248163,42.94450675278769,6.5921086147650465,101.0430774428337,53.74560741833808,35.52208790926026,49.7797723236268,17.44270046182258
30.36253668654901,47.67277757367981,6.804975693665988,133.5562422800785,1.8056958422746594,35.09451154594828,26.05447650329118,17.642420462506546
23.175236352285573,79.53885595179348,6.384065746687105,54.77244595708187,61.92547690677552,44.39033834695302,25.372670098574382,17.480732685512812
20.803951663304968,62.06492911302069,6.328991327097612,127.25335496937318,66.7725412234281,24.6462372642431,31.635936334840036,18.56572912496575
19.775954029894834,51.7411939949894,5.923258734555678,102.94241350839383,49.39633587961722,37.89154657274193,23.96021491330233,15.442417450488149
15.16821705311999,67.64533846836984,6.314981693715901,130.86547460828783,51.25972366242132,49.80278991109378,18.46929924947751,16.82485230139717
35.28103564970161,47.784027188305146,4.839442722205431,87.04746474906617,51.10458339410359,27.543311306599925,21.218641800622265,11.637211636836968
19.483958171391585,82.51264545420567,6.204889016847183,60.03266239709664,38.2333712188813,41.72878960934585,36.063894076383164,16.830930882018908
23.89373188207114,80.29200802345088,6.4590629114045806,63.47502021352401,56.4755867798222,33.68600579729166,27.56048352899716,18.06017453161122
23.615933500555396,53.00138893195835,6.781836827135078,61.24577638998652,46.52887997520114,35.96306880534367,43.61616760401541,16.95031967900331
26.537033489045502,50.5699462945371,6.365661061237521,114.33442458761965,63.95437563934428,56.551522603899066,26.47011003941972,17.57383203506912
29.078686062696484,20.728002019615815,6.6738367711225,144.307660666441,48.29559598221155,23.495108164549915,35.684082837858384,18.39240474758081
29.302367441798726,37.77628842672948,5.410105669304877,83.05145420034339,37.08465340267612,47.656303381716164,34.08673583569497,14.059362055655635
22.084612807155306,39.90795337563366,6.471581573896525,118.8740589477335,26.962029937017345,35.220717312227876,26.35079354255983,16.855197631479555
24.164391431067944,62.02785511481079,5.660248603543298,54.2967382559314,22.03902762416432,34.72336014854333,22.969528566672725,14.284094056496057
26.412899752441497,55.1064944333796,5.8958482421703335,105.40963747531897,69.68764015931653,28.88437657511733,16.14557040859242,16.104673639331867
23.756544369082263,39.81996768877138,6.406417226068069,120.0568784901138,43.133159707114714,47.53899637273636,34.42496623744074,16.963410996803294
33.03672788009996,55.78253936303164,7.138131993936777,56.55625674169394,55.07861285122473,38.085953837159835,39.58607786040116,18.036942308016652
27.454874758191256,67.58005721471022,6.68560338173503,93.88349593060437,76.74844837616779,36.82330586205348,17.280554625966126,18.522913983762013
28.674388930249087,67.9175902487338,6.509115498568558,121.47751421456695,41.55793503053163,41.09836929204074,27.036440520026606,18.83690055744233
28.314406343337062,31.50494578711678,6.490234805266449,11.986880583115687,40.587837734282694,38.297128742582,24.66465335845801,14.227689028079173
30.867369287426627,58.076047792742536,6.143185553397767,140.06359185105228,48.01757371467014,19.993121202464756,34.410953202561664,17.80476019848312
25.905107793518535,39.249888345425845,6.228008293313658,110.61038127673145,50.44149050629989,35.09175817022641,27.37077849637866,16.212372016452758
18.515840260220767,73.52593045710411,6.713688022735399,121.50182943152028,78.3132702538377,48.95440890948324,40.58384456334253,19.111349092970276
26.998439758763208,71.76219624530248,5.807319740777753,87.61842162415707,73.4873089114117,24.933835358876916,26.924854472265203,16.20826847006314
21.743215531040853,46.52959160513312,6.79652702514151,48.31832555303934,59.31313123860121,29.10062100143645,20.108932323712764,14.947940562378854
22.356916591251217,48.509321963994005,6.305746466440573,116.02188868950854,71.74120653495302,35.73208604601474,26.249557398313502,16.589955049547875
27.931820093775467,53.08099424252539,6.912778537434782,97.52229023750463,47.32671481148216,32.74376581362858,27.13108319872997,18.23006692893588
31.19141535716818,26.20809907902991,6.980546728616042,100.96346366296962,54.48746850782718,39.72114517858392,34.20879956395729,17.697962383607127
25.106357883680307,65.03952260160865,5.66345799374713,132.6282095559686,45.47729533191958,29.06923248321259,27.011847557076123,15.926237287502996
26.544165062994818,55.907331804898035,6.2092096183863905,122.86191621587794,30.644474261305408,36.12145476190627,33.52077210720302,17.377551986495934
33.511074723176186,74.55262623851789,6.072236156029688,157.6371225126884,68.05812112690393,39.52005468400666,23.676125823287848,19.68401019876965
26.203765897442842,43.52386173056171,5.593636017463428,104.61562686620496,57.97548100984791,46.48940416207971,27.64258656164275,15.21664826850455
38.008415570901974,50.71315577625103,5.983733361895295,79.26362686626648,50.271102101354955,52.44789386099596,23.71972578629983,15.66034964471441
27.82754822815772,37.402121129413274,7.72062792263267,94.34749459273822,49.96298226031737,37.3845284614656,23.226867282590895,17.844121464950582
16.19618620422091,44.9356415475862,6.80475494810622,112.46990117615817,27.406776936402373,58.88060241245826,40.198668458272095,16.572704002202933
28.766708105522664,42.27027005897672,7.458643984302877,130.4756955697893,35.337870002709266,38.16095419455476,24.27896342832585,19.65559981459836
26.90579192441389,74.93960518269668,6.914549220009167,55.98898145683844,55.04229755171037,48.28875148256531,27.219161742817878,18.458840657278472
31.44876377041373,49.526072268729116,6.129078419495762,100.25612845537506,42.063309990882416,59.31507734726779,38.356835679595434,16.730639410416664
28.365906756349794,61.862635271169204,6.3091144016629785,148.28624971115107,46.73430438173765,41.39308409235935,36.000011170172236,17.815276147489346
24.307720080081133,54.288548942072936,6.794218090120154,92.7937338699244,48.430159028313476,26.264733784224646,43.12965773329228,17.32428568991571
18.878508818553172,40.95802100980781,6.718753101736518,127.93035564607314,39.76296846474334,40.90903857207631,33.86241491603342,16.338988585547344
23.954883713569874,57.47549365242536,6.211328992145833,114.79352581648016,35.48122519963924,33.88357111795089,25.196804882511536,16.773896413630858
20.7473977289535,68.98654997795391,5.745003414710396,128.6758181957494,25.814635536119397,37.25567973027548,46.4571571916472,15.318734355005397
22.097382750976386,41.883609111849715,8.14388059369437,75.70718375200202,47.80222581482689,59.84976882495215,34.65664595644215,17.79803390446793
27.94289202210305,72.13669186097069,6.429425163828597,75.83794989803258,59.279128214154255,27.772365767761244,28.76243728958667,17.240799603244085
33.34952252175703,47.254186177834555,6.33713055340869,100.60815676366865,25.345487866700747,43.00466822305859,30.459724397604163,17.328164778940103
26.973357649114906,52.75524110890739,6.556667231952651,54.033346382790654,49.63928262350261,31.222787196782754,31.434252635605723,16.04422870471543
19.020584689824076,67.96024684515072,6.378635705344485,91.90778180165027,54.21714879037341,36.923420587990854,28.1055050016854,16.47512477466267
27.223013341100703,50.04845764170768,6.561364453852742,107.58629972547001,35.15629394406283,47.448423352044834,18.993155184662662,17.534663590600157
30.983157433228257,60.56362289003798,7.1434736430582095,153.53906820849318,71.33212717322132,43.18163943473023,43.013768417972656,20.0
21.95108547840309,55.279637568178615,6.4377257601567885,112.08154567809466,44.21426946442388,37.74967731038411,29.825327390601835,18.176246836794913
24.32991416663541,61.94052010055728,5.91864478033612,118.75685412619306,48.48110467315233,33.50199674735372,31.467972101621147,17.013640497404786
25.073440973645987,24.28891341714754,6.419178102760695,134.93427541150018,47.58095749103032,43.16078192153614,46.625152475155836,16.404684870212186
21.0755084345888,32.55477277187875,6.267799109295044,71.0602723331483,23.43838366113416,57.076867171533706,24.53371789425932,14.699998140770344
28.241402169219295,69.23950509070258,7.211949468623426,95.04752012887043,65.13128107526066,30.986480573763764,35.24388259771283,18.264680783892647
24.395259256961094,75.55772108473576,7.085559532368785,172.76237775411678,35.667218473711436,59.11663885457772,23.661610531440132,20.0
27.097662219535138,46.34269944702718,6.5537625002154,97.62633332846474,46.452192268913954,51.99497450725151,32.56816930036351,17.466767573300995
20.562539110989498,56.33957471743298,5.860632072590372,133.49292246346621,58.96491501916993,53.69353367577767,31.612045970010865,16.209570077748957
22.812708498382946,64.42078879353453,5.887053868280027,128.9121363151932,71.913551392168,43.084323809296016,36.32480877712253,17.257415688895936
28.611906789138857,70.39826402488056,6.507561630792277,55.65658856836932,33.80101577154741,51.71129775509895,39.66534974152267,17.84147547660808
23.135834239541165,29.58484092493727,6.66816148466064,109.314378310178,43.30274621608359,29.91168717549374,25.363831270402628,15.934698524951514
33.63481925616703,46.709396295324346,6.312688590336973,104.40242416615678,70.7362794501073,33.319560921514885,41.33339872579135,17.459340522277717
23.001819071926988,55.011309302251874,6.259915207896383,109.89876363521306,56.955708189131705,47.65813813920392,41.8998475084905,17.49976904356519
26.12342362875943,70.54710295854073,6.203600383410676,77.3766256062682,60.067570385774125,42.95845055223816,28.000116922451923,17.441903685737763
29.662954159365448,97.47645725582242,6.4883030198780265,66.49241464263523,34.23302396335748,38.51620741502231,29.947339348774964,18.788714511111728
17.908171335334842,56.579914097854235,5.308618823963467,85.71969999937446,44.311857051101626,14.97391109392578,26.045199040404487,12.861688821469926
16.19595594009612,38.89533806844017,5.949336685615145,97.06615008747391,47.48246851429354,35.645259519618286,27.556470289250896,14.525367032059776
17.371718427149528,66.03402115801947,6.186474577276325,135.54953342800948,37.13157863985539,28.259462197017346,20.372194757999456,16.930469582274732
31.31292051713591,79.81493684311064,7.10375159747596,154.5193245917682,24.881455614891394,44.935343113115024,36.22028617863352,20.0
22.240709270537767,61.62021181469251,6.093093179035535,141.89793538669534,42.342521618546066,38.088314714327645,13.597648859801826,17.374010091205154
37.79099642834126,46.40027182268561,6.590234070915603,125.80555632345532,70.31432299376645,33.71699455833495,24.423241193898512,18.363081794428957
22.178762006713058,74.36990912220028,6.613271375465498,69.8697921310123,50.88760198340744,66.42910482624305,29.63070359144346,18.417475476918316
25.922756515985185,69.95318427747652,7.148958252830381,87.73311475031514,70.61436370360065,50.38174476694235,40.39837864342351,19.356045595629556
32.71054976283938,44.608787337065635,7.131288703482075,106.29778157238994,52.685313713442795,50.5587214135606,25.63804344558475,18.36946220254963
35.03046444079561,65.72138426301512,6.471248515602542,81.02682885771475,38.52938405618056,62.02215144682173,33.42281336882062,17.337231871817497
35.30751788318199,74.95898351488309,6.262257629405279,117.31616957583853,69.16428519847582,48.02191782683109,29.352127084398155,18.561379734620516
31.041831152965713,77.7283506383834,6.168083448587155,121.61458324762863,53.18489211001848,32.29045990527134,37.56095120377867,19.167987353434928
30.120312629057313,59.00326537035816,6.379468388767109,116.08870187696405,64.42758248641096,31.121036483082637,33.00468599165897,18.12404126775035
27.962634746005914,54.628808307310216,6.2829833228382,130.75403813672744,33.97507743319143,49.64902758754235,36.64167510431778,17.610872675118106
28.89180538083319,78.40910733121895,6.776813704679116,72.86226358860779,65.58134434421754,19.406457202248234,25.59492067876328,19.332129436768906
22.244071418357333,41.847592455286716,6.710154908742602,127.98486112276593,66.03333913316297,39.22220368990434,21.887800846733313,17.943531216108042
20.909005582888465,66.57868936381509,6.795900595572508,79.13063649639412,54.34650716534803,18.288756224435517,32.9370265524269,16.989954179564194
24.98312771294524,39.44960058953356,7.129641855718084,71.77192142071344,37.89616871285326,40.98843508389506,26.098175847685912,17.487124168034313
24.149076887375358,75.98064408389403,7.4314345607000885,115.96348402559146,49.309867569310825,48.54070250711953,30.242590974799775,19.259101313991703
22.733859753363625,56.129317265832576,6.562331696703779,136.47620686596943,59.16936720857366,42.79415534603632,32.53819952211272,18.3185184851677
28.481937237283578,79.02874853471204,7.049731885697827,114.6404045912803,53.518550299048,49.381093589705976,39.9352602452378,20.0
29.776526042852556,67.3711913453329,6.324169908082893,100.62412071317632,59.01624107161646,59.64826941659915,36.292565147119994,18.820499173116165
25.442034431459238,41.65169654907105,7.092503491791508,109.30461478304521,65.18368861479358,38.564615627379915,24.551922617808238,18.172128877391387
32.38765040527631,81.36941598115865,7.030754578587922,104.0928075420184,40.27330019942118,68.0765078327888,20.839822097939546,20.0
19.291554429332475,83.26867899641594,7.0042079849714955,66.22147311593818,32.67386568559791,42.12669956170155,43.65904883803558,18.01890975093305
24.03170270360141,73.23429738898824,6.547034920595762,62.72139565165254,49.43691797941637,49.49165062690359,17.33872262420524,18.830192546441204
21.415888396985974,48.5761820244567,6.165820918004556,97.63522361579636,45.053852616951986,33.889372854349325,26.37997721847159,15.697329504706683
15.6673169146347,55.409790684638864,5.802735781067262,102.39570507307911,61.78769619734225,56.193139796306816,35.161958562576935,14.966179324653416
24.586596570786504,62.18140826108639,6.479981396239451,100.33997135103202,33.88252415511788,50.41710198542629,43.11008997560026,16.581403236708503
24.39126245808358,49.4443440100285,7.266506271124592,120.2830484094974,65.3057281126652,54.71451302567998,28.48270779900644,18.483335719238706
32.567248716210656,85.38519858694806,6.345077549317963,93.5356985150698,70.30418164320149,40.545044217739544,30.21874395416715,19.307507122073975
28.154058422773886,62.16489707589055,6.892563292730027,116.88937545714568,50.00457446393435,27.445824356167105,22.9997806272206,18.002013028180432
19.879065878353977,20.0,6.921975700259465,95.66239698020657,50.91104188371957,44.60397439625406,31.012928897081636,15.909868574881305
34.27046283167094,65.09033719134331,6.358156889536414,154.70076886109396,38.486802481547706,23.029801866764842,20.798768165592964,18.408722366571237
31.105168477626766,54.7776390477403,7.15817241875976,102.4214118017934,41.860086515389,36.63814196378048,23.997720374250775,18.199256228281218
27.91048851734308,58.876101658223284,5.045669627759748,170.22167834577033,43.874949790314744,41.91080436632251,36.11112443310785,14.80472866114001
23.86757950575084,54.4707095132145,5.888624860630912,110.56034773272593,71.64410101756897,63.772242925107676,26.531385465104595,17.15603823657836
20.202803816382602,72.10569624910032,6.04218385182077,93.58968488235352,48.92193821283839,43.18548611941941,37.33799137642456,16.63633648744433
23.138966119644735,76.79531667830072,6.090142488566305,73.01656071220977,30.167405650399875,41.39537469083039,28.771942986807115,16.09723914136873
30.44374309852093,64.2457974338798,6.668131475592948,56.713342778269194,53.83031513168005,39.36967575964707,19.049279257033483,17.97980442849385
34.42293152967304,54.91033219292761,6.645018901526951,70.25673146811529,62.39435186933414,26.579090952349823,39.346922205690404,17.929846972356547
32.71621764136094,59.37994192786245,6.696995286087504,73.6118107250803,49.61882946017607,40.858258400130076,19.477391319584893,17.601245787190898
22.55575289106863,60.293994248664426,6.798040747066244,111.8446006123653,72.03820159590484,41.028826761367725,25.18569992911508,18.76514824058234
19.401912833554945,47.963549402027446,6.024947715427175,84.21503886819437,61.66263000898847,30.313915045462828,28.402407344494854,15.368187030586697
25.70443123455602,68.68392972856853,5.890911966596341,105.60781157663493,34.263069051682194,28.132543855716353,38.046628965273655,16.950499799144268
16.15780317218574,66.900634857907,6.698159841003932,138.4593508713006,41.72850781405397,35.18429317232267,25.788121418478053,17.276955474882033
26.615838570923906,83.1066185966501,6.18488396317678,97.3657494509544,53.393394221369135,40.649329785726934,22.586262700239327,17.53512657971378
24.261987068506656,78.83024670432712,5.714762477316015,162.3747009540041,25.00716142960089,35.42445818618542,31.30138457248317,16.648097173748234
22.66981749065879,49.714876236148044,6.985672142270741,64.72567058982406,55.04535106205922,29.491245503484787,28.288274214187048,16.532545806840723
17.02648466366602,72.30447561763447,7.197550953251149,95.48249354875216,23.576263591180275,42.89272252004306,26.26087520768671,17.673539382406958
27.568000532848583,45.73569925358292,7.27858044484933,83.82061229167064,65.35150183346765,45.38866824169229,31.731882851902764,18.063934335213908
22.336495801690443,70.43898151411274,6.59350386073736,128.09519818171023,63.60910527187563,41.21297709222235,20.371230276854945,18.591142796574637
19.15041582144856,52.25078701859838,6.812966047986452,32.80625108901637,57.57172041372606,34.370172861230664,16.225275672274556,16.45661558763807
10.638688933591753,44.651201649366236,7.184934111680955,56.706541324665665,39.86182453471533,45.948410212322585,47.10984085814606,14.458487344425244
24.862425474746818,64.20068014046106,6.179292104988283,96.77959532647111,52.553042369203084,38.094627102730186,30.83348874689262,16.975188340451265
33.86125798334872,20.0,7.055338842027046,146.5413316302848,42.299337687280264,28.109162926548507,31.393447055698157,16.833076356967375
33.30629607273935,33.73536638392158,6.637698117071604,106.77525502111922,34.537770838249,50.362443550013985,23.74408495458338,18.155554403997616
22.71451871706864,57.33762174338575,6.956855826171296,59.45357637207299,44.91885482342884,43.5350801926649,37.181590747952086,16.52313399578687
21.988939698191096,61.236626499522636,6.593046510437968,64.08500221929309,60.47398304738143,38.80709694304261,25.73211791883323,16.446901150052774
27.34387128037512,54.46021844762717,7.148128354874001,150.18969108534858,50.657212892476416,24.28947795165275,7.710818497755724,19.65582676114832
20.008072804058543,36.30845551923602,6.611761881270769,81.36595603611278,71.76064886201635,32.551397208647884,25.46373327593095,15.829766241126343
26.50895949909733,47.73162236792242,5.758010470266291,71.71109882650708,61.48670809220412,60.18565712382927,27.7486953766044,15.878121224594663
28.830401391923452,65.8681399085609,7.225963316157361,144.32117681892584,59.88036220858428,24.916579381193028,28.6393311653239,20.0
31.13466611942154,68.72672655942544,6.026234629513944,130.33291016760973,25.866101758315942,37.48650720358307,28.40790669804334,17.643456544663998
24.499229617600236,59.756653236060885,7.126529105121957,138.22178929800387,45.722622047670825,39.8366423764638,24.840683064189783,19.75956439908963
23.98163124911517,77.35250671555484,6.454878559279839,71.4987435920255,34.03441384348701,43.20476789411555,24.067831522373055,18.0727020522413
20.610087066217194,65.96095535188851,7.088005492598853,54.24683076956918,47.25495680564144,25.02829064173586,27.616170665663756,16.88160611442208
20.8655982298007,48.78816519062681,7.067384307433382,103.99499468088116,39.60085814115265,41.741762564046006,16.83619130371268,17.8733295815005
23.867605540492367,55.79246919882574,6.715071487157686,110.05378399220992,44.33592570413092,23.138945375283203,14.339229649515662,17.413377487488884
26.83682753408089,38.95700764188218,6.754267658813565,110.93805411114495,65.91744098560775,40.97428796195511,30.78444391935711,17.480734392522837
29.567923131166246,58.37791514412875,6.7113143085962825,144.34551806917005,57.12874893508751,33.47602080990418,30.917878994119924,19.190674305664015
20.984105246598276,76.68150928832007,5.493087621859461,47.98698729975255,65.10671643472452,31.341307330821902,37.03520464043198,14.250093481498736
32.46344284479761,70.27935127066452,6.5591651094491015,125.79085153893298,25.989753364760215,48.348171586675875,27.955477517033824,18.780055010300508
23.644381994787157,81.03013988878683,5.941967911964053,67.10124867558046,50.86962044923495,37.64393756636118,20.450982295139767,16.956768500594613
24.89316352825782,55.456721343015104,6.585593571872831,125.67205962582523,64.50057472094902,44.737108049075715,14.482825478416268,17.34338205872455
21.263941604260882,80.19149691771386,5.928528726808392,85.75129886435867,72.59443872330733,45.06826911377818,22.87843139234507,16.235177830095243
12.878798698635292,57.10043660328045,5.907524029386963,75.58084612328466,26.778674154612602,52.69953488955102,33.38015795246015,13.858485060208396
29.42022698180525,82.0737762385484,7.302467250876951,81.70291879152393,44.72774545758245,27.91742258378975,41.53159122727138,19.762695417444423
28.684219485462165,59.67214878836815,7.0347236940620945,56.631693976703126,65.51340011007144,49.19015662519757,30.432683302172112,18.638233884916815
23.593362214408934,70.60847060706415,6.497928707527922,101.21286819500402,47.11582530782832,40.16461622438047,20.291280877311106,18.053206195094884
25.33495358612436,82.12668546464784,6.592384325124512,76.81979828018629,36.34373488745415,36.21875419630406,22.96063517995944,17.52974158362449
27.579696088520496,57.098585571281916,6.376041987128495,123.58894692700835,26.750012322559886,28.507494808097174,23.210352607485458,17.495848890172926
17.187270715567287,63.27583481316261,6.784938187989761,119.20168243098752,35.769476980052495,46.06590861542861,26.752091187481515,17.710028469404353
22.354736613268525,79.33295137809453,6.161972816725598,150.64471158708372,24.666474971544066,30.77775478666115,38.96716339995896,18.313140759030833
28.971323398109135,58.00495254104904,6.996870131433979,110.98982450623231,50.87690685251039,45.17806586977143,39.59127560125425,18.73298872685388
18.728552884153753,40.186615762407584,6.373456579492944,115.6203330124022,63.444652786679896,59.27830772967132,28.62195284180091,15.970213241811011
26.467789660833148,92.14510581877364,6.290076502084386,142.0029943548344,31.08537861637094,49.799770403593286,31.46456088090878,19.327572895080458
18.217090976882975,52.95353303494295,6.510856509242421,81.17011911919911,53.86594611816579,53.91434325150649,23.619536857012275,15.417704981509587
27.332149912167633,62.38134076406314,6.2044265850371945,55.352253615309024,62.679065441688,32.80995222774968,16.32073244517035,15.602427890416344
24.821792588512583,77.3401000417669,6.664341174748241,106.0028217738518,49.95937509727476,47.62733046131995,44.306706827701966,19.1766713134184
16.924340920472453,50.872591444031976,6.2313187053433,57.32099592356788,25.83958557624132,28.557850448636096,11.420103595251685,13.648290521974404
30.823696772285857,44.88198130166805,6.734261801409418,173.6181601877617,55.793173319937544,37.66517097425386,15.313277458683581,19.369288076569962
21.327042116009753,63.806059451622495,7.108003269455738,143.66494876236828,49.18029582853295,57.4127205621912,44.37124684127717,19.15027826680654
20.948737814928098,33.10385403131416,6.140339156595913,164.91928999904738,47.65243027098717,33.92157793573516,30.132923237363574,15.492219413527819
26.002845986154714,55.6814088469812,6.4347122713524145,101.87340929989388,41.79744131359303,51.113561841730935,20.992680743295658,17.11418964320897
30.743186747143575,63.675579964731085,6.730665356517711,116.51720781104794,51.30181139411062,50.15646732999715,35.46162904871449,20.0
19.920890905108017,55.950721547622535,6.282071322509297,86.21573704142068,57.6472686267044,50.74741250220838,36.18442644836782,16.14241290745289
25.30839924923986,36.84823585221379,6.732160280413332,126.48774416760256,85.85972201503773,27.32998023878727,19.338514838818043,17.891425344226388
27.144082501652864,83.91266934306019,6.77769943032587,63.53370363846829,51.68498102580807,45.2520096601568,25.737236988243403,18.85702871183118
28.46552803631572,61.55307230923763,7.041630888147152,23.707204315756634,72.6671174001901,38.43401434083137,37.00996690964577,16.868342983228114
25.882207776386124,81.46728176642611,6.197004976957544,76.278681415343,55.36632625140315,50.88496857529112,23.464754029036072,18.435692344807745
23.164860804583387,56.09945624729333,6.028612379884763,56.33579573148053,48.5070750852837,23.44999600273155,32.257309908910656,14.934404099203153
20.862048896756402,46.79982027463854,6.346211305218128,144.33780208478606,52.22821291566939,43.67787889065603,41.39849749093018,16.418733000712578
25.430719415231874,64.0377138038274,6.01612383022645,154.4703236524095,31.673954454612357,42.26375202840067,10.860121347671054,17.286177012651816
19.639304940071966,56.76319310507671,6.782249102023749,57.912127827606675,54.58790406128057,20.098832627510646,27.2700134453699,16.121408761064036
10.393247582526964,42.33357813012963,5.919124349911795,138.75146822563718,20.119024027679412,31.14579643905023,32.093087988539914,13.58164079409665
27.182799020788337,82.04676388181244,7.666508209126344,128.5415495050231,37.06000463167202,21.69847786883149,15.663604912452735,20.0
29.519674205430977,50.66594665659006,7.147963930786875,52.90669945843371,51.64764639700716,32.736446980770936,25.763108877980255,18.810089979858095
13.185337822290808,32.39600422806648,6.506287884800157,88.29197407205146,67.90973409768266,45.492170846651476,38.35598915313451,13.876012768013865
19.95134647645031,79.92249080935999,6.933697246498988,82.59508833626441,71.45936595497591,41.95365575648608,24.365478810048884,18.851019377302016
28.095771305025988,52.43552976281065,5.681599067844604,122.439861958816,46.45180130538598,41.69400080593549,18.12538851291393,14.845638543739117
35.2874773485585,50.88264161076564,7.761686665699779,63.13661947284959,52.335759792956615,29.602518910686175,39.046654585298086,18.486664690896113
25.10396853837704,33.51918619455039,6.2048926938997555,97.03382123021552,64.76543704373042,51.204504915105325,33.556013548243456,16.004316394617945
21.35998529385433,86.11412229895487,6.43975129305032,79.42196488151147,30.057596417106218,39.8118032163866,29.449149667963034,17.127731157178143
24.0855177944758,40.657791191854685,5.572033356405782,114.2002355015543,56.07121257973255,40.33703812257509,29.212865383135824,15.29443990200969
31.874382095740923,60.87674221058475,6.743143652370447,93.49623904936212,37.58160698951286,49.403995689461304,38.22625976883953,18.599867993222258
21.770179104377323,73.68930483810661,5.946827921461446,83.94262888178814,47.42262432984922,30.086542523074613,32.35622660007383,16.00688575268177
21.00403996674873,66.32575399504645,6.5508278807830145,93.60110273103766,43.11465124258527,42.285477698719234,35.164897170148336,17.5509038190226
22.58628238908984,59.10518532011712,6.227862783537731,161.08128498520335,56.53037190572221,44.2346249160142,24.45946884154332,17.658369507333056
20.233356958706437,34.47501212568876,5.961128032534829,87.49301091641833,58.25455511013635,34.54431849706152,14.661159929546042,14.787391144401148
25.613351579973976,47.85412746349074,6.097819249118691,68.7698434514864,63.36618016096096,46.523733807597765,34.97530960166764,16.22374620805105
33.1233922923478,62.81700507063783,6.612894017042761,117.50300707467896,55.22298242696672,44.77123170629567,38.807423373329456,19.073391908879884
26.615396365580146,48.19238895019505,5.859254513565587,95.6942599173113,52.57480654953345,38.98823287722575,28.20350425862013,15.847722332572136
23.738232489368563,63.05039189998151,6.125594164488211,57.54298207400582,77.81035700657903,38.67849109865138,37.10205267034811,15.46214130265884
23.54094365542228,70.22615113222713,6.831636690632239,166.94489005607397,27.134613947042343,45.235476578713055,27.318297654584665,20.0
17.184045956516716,74.43754328700153,7.801239937437156,89.42563163240057,75.43414790193859,47.8847104001319,29.274406709452222,19.009097598019444
29.415548885735795,41.60730963280975,6.738794409776502,88.66391638115947,45.65267136697405,40.6289991740664,44.01943030709818,17.74222745416734
24.61081401493599,92.94969082468431,6.041369178911356,104.79506055724292,58.563373795524576,51.20189460406847,27.667839570348555,18.792190061624332
24.09760043204687,71.51219016831196,6.316442914963845,151.90350307626517,45.11510479109599,46.585259624305834,27.195444859572845,19.193245468662397
40.965537839224304,59.97428769496404,6.515794503076289,49.60764020443013,39.46187555672561,22.11536050273185,15.040163814341486,16.01148495780639
26.49376454182843,76.3430487461496,6.325287524682146,108.2795754826162,57.26865789191343,25.951033024578575,35.520585279847936,17.805826727865178
21.24104474952408,95.48111657999961,6.951529083368467,162.61816485380882,65.63192462921664,51.82235219021661,24.321269076365546,20.0
22.868212018972283,38.41919848414696,6.608736741507112,103.86186042218945,57.095119324511074,37.53226868529102,31.17780008810154,15.816349221897879
30.742228545983775,56.6210603626297,6.953926192454935,62.9399806208956,41.86826319975677,41.64175822797474,27.479687300538256,17.22773090661343
25.56635205268882,24.323525101900074,6.3427781048511855,81.44809441118042,100.0,51.39290517659145,26.433658276064456,15.741085764340168
17.808610108413166,62.88977298972037,7.162750109860628,106.20647589270372,67.97860506299378,39.935887826281586,29.058164081106852,18.14370571394104
29.59614467287602,65.4809136288771,6.416757207859227,139.92411746919586,64.00013456310879,40.37267609589349,29.673181283524734,18.67865447778351
21.65927957230503,59.41256826835861,6.014405065431005,89.81992466751818,44.70553653886694,31.312707672082713,39.408632477081795,16.053326750195723
34.366488881087726,50.181996435025354,7.588660190521111,124.79955392297295,40.62251317566441,43.699945072275206,42.16169485354063,20.0
30.400240328573243,29.25728225717512,5.587511126519441,56.93893518859333,45.80241386235591,45.865122189668234,35.2057208195327,13.338178300545682
22.763390521706246,65.60300525117653,6.1306306373475365,56.68844891214836,66.22109816588724,34.22118162997144,40.17244730776685,15.929330699495603
31.405081808675565,81.83151725872987,6.186486074084803,85.5159793394515,35.14093494386258,30.779786216941332,36.833179765973725,17.893346938642505
25.339277552637018,51.13472316399852,7.754153136528282,143.14086165619787,33.97694252818525,66.26289255195229,33.95691281548656,19.59826434731527
29.2638683756111,66.60089893534717,7.403429442073255,102.06623918541308,58.093213000415275,39.07091530151717,41.64114348234756,18.9363487354948
27.423664086472375,36.47783529869924,7.246964071821099,108.69433586699857,54.78794666963181,33.163076603907086,19.532202952597412,18.053358100250456
20.768216725045633,66.85819595538771,6.334670668811834,108.34238786720582,38.44529693163656,47.06586445292262,24.524302390006106,17.513364705604896
21.78225083841269,54.09926553383014,7.7130890019208875,133.27623947760193,33.63194632377163,39.49205964772108,23.432787785151255,18.958769501780132
30.149804087905807,48.56373074095628,6.684176001920486,81.69337922386438,71.56845490052648,29.14233676737897,27.58889666688433,16.30833703265658
23.326123339467294,48.59454538175804,6.988631685151561,120.64855325464697,55.35506637949343,44.830535716514454,35.48720286467436,17.912618773812856
22.981757683790015,54.09582626950485,6.589847690553103,75.0735200843461,29.54696204407951,31.468790309241815,21.079172382506016,16.828144472043512
20.224387103253235,65.73649973538804,6.475266714338375,159.4981796776228,30.595616958765593,55.76458002155634,34.022393574488845,17.65001214032351
27.117995327967304,40.317551982067236,6.37411066303681,75.98826687109931,44.57732041324296,44.94504629752402,25.303512652766095,16.334993453192087
35.31262459621573,54.043270026482205,6.3951800032904185,73.52832090764137,60.9926271049645,37.23119575473916,27.223487574504453,16.852755241796554
19.662335428728635,59.377923330012784,6.80424582433904,116.49009440464148,58.9251320316242,41.09347018022113,31.60332530747085,17.833502243271855
25.12109728336379,43.51441163202211,6.683599899387694,102.39365294296971,66.97517805501826,49.032881210981934,43.449985112491994,17.120356146115018
32.061102777077146,86.94997802512526,6.484264314898158,109.80557218782803,27.64475288808804,41.85961253560799,24.30122358196698,18.717588101819626
24.601793043771423,47.19756779907988,7.254761996349427,106.81941386476954,53.35770034669485,61.22109457233548,29.359252852052514,19.190051732444505
27.261858981248672,49.958446295497644,5.0166234656296345,67.28823403577684,71.38865498482042,51.35867516395525,21.374198195223553,13.21960063200858
19.688032359265602,45.32538075266253,6.754943623960598,148.4007678723845,69.99202595714148,44.87607367561122,24.224418269242225,18.131555354573198
27.141535486038244,86.97720130707177,6.8588693533294895,126.80626617667328,55.38364972119029,30.63014126491516,21.301268520604204,20.0
24.064278674977256,68.29357842899222,7.073481434127585,140.7684985380135,85.22027762980814,38.53111896098009,31.958280703732573,20.0
29.928649978399314,45.95111990634537,6.4675642794733195,84.15007332668728,59.1392767462379,44.78874970052453,33.40247015591023,17.464925270743954
30.936930257823754,76.59347338289953,6.603960033691979,112.49570634145515,65.64119949262015,31.771385842418617,35.49639477379061,19.019218794635613
37.94781821009307,63.01048041433317,6.9929741916573604,105.92105386704073,50.6667187816326,52.934268749629496,23.97080231274927,19.934640874069192
27.898165866067878,63.858801316672526,7.24558320214009,133.84007878604524,38.28537060733569,30.258426582219595,34.063544628360205,20.0
26.628981582910832,54.8328418687132,6.349732007410616,134.80744395488856,36.871861988318805,33.62774301954098,30.904800625984144,17.8253560428275
25.97192150788668,48.7587601956454,6.63348789156378,105.79152408874344,52.7242282219163,34.377008151051186,29.537980021989377,17.27900874968593
23.23416853594656,65.06649148581901,7.339286982174379,54.46146604470245,46.8274698972469,47.43824460633133,20.06861737993832,17.407988212718124
26.692419217308455,51.823691550066144,5.437986462060574,153.38985661263067,23.47121495129778,31.95063632829227,31.22602799454492,15.450616304059754
23.522992949304854,87.25133444362658,6.1549937000927075,116.67962301070416,34.61309622611388,22.000234295809452,31.479652959289318,18.854012614734145
25.84230488134807,40.960633421353435,7.232917989301481,81.74688875826574,45.223946389188605,50.88038835761713,30.81382755633787,16.99559803445843
31.5879876780398,83.04235159282418,7.046268916804151,112.19626414800085,60.90919063905739,35.55613714894438,33.20040605821767,20.0
19.967287173601793,58.33021726803299,6.761222605463347,54.6671935464243,49.75889170756888,29.31492367848063,35.556765272555445,16.101071589119506
30.69939280564523,64.48628601031659,6.27570156344544,131.66059202413132,48.91903684249229,32.4514144679746,21.215813528338245,18.018032950706967
31.585575336699325,72.49736649944153,6.05909075050729,55.86364767162541,35.196310594950255,57.167627491843504,28.266431308573182,16.18207285914764
24.409657365044605,50.546260574933456,6.2043921903788135,93.37496523888753,50.34749120093148,33.42956302727089,34.12614081251395,15.831282723159873
14.390725504957027,72.96372577047954,7.274004110409346,107.3336334881665,69.78651541168982,38.76631894623098,27.852841432999977,18.467798615105355
21.960890064527838,20.0,6.185778655422327,131.1651913594628,52.333626691378356,35.53081637713984,37.67538845649476,15.547986829139207
31.484972732805545,49.20015700167091,6.550711482119829,103.19634029303123,27.390296277772073,27.673374565662435,30.72142797354052,17.384467598369184
24.88565968850559,46.13905788988402,6.123146177569127,119.0488862083765,31.227158085432034,32.572814377530364,14.360618871011592,15.811110558980758
20.003488838525445,41.19740981442357,6.921387015049514,99.15499274651346,58.831833158347294,26.98891592993505,36.71543135358155,16.162490178977762
22.47612539385891,56.77567742881573,6.230636859826779,99.03442147167158,46.6352678716607,49.55881275680714,29.063174185157358,16.59836650474964
29.203100132522763,65.78624952272543,6.451203054922793,102.56431751044892,48.88129654844729,41.00879064613596,15.842313334997709,17.869429411411126
27.733667841006895,70.53989997748958,5.658308933478587,94.32826237442876,40.808987374778646,64.82677762174322,27.98168111770562,16.41381503913762
23.805339504151526,63.613151358006114,5.69331588189753,49.40289270755693,57.551183182998685,32.910892750094106,19.853084971083092,14.446642768836753
23.16587794092656,50.01459802659679,6.503836596660753,76.95029518910115,45.48623430131976,31.411397538543806,36.02505028475323,16.14843859063083
23.04120925478089,65.53524656737751,5.837421422401119,107.34324523335096,47.20080167407093,55.33759768355329,29.713272158830677,16.417332209078594
20.387949077507486,61.86428542276276,7.552543319667251,92.52636989533843,37.2316491250531,50.57977032068135,22.610037081585872,18.594605039870892
33.07687844734721,74.04084251904024,5.469238443943875,95.3257275345428,63.825369472141546,43.84765021771022,36.48678445570288,16.868431653503507
23.3883976539433,71.65405054397274,6.099912350667948,90.29938991683854,46.68300812575368,28.863084849117286,33.668205327969986,16.58964120743375
31.085792604127484,60.457146208809434,6.508350433633775,74.09204821804546,59.1182049967964,57.44996267727934,28.113882103797135,18.023757525294364
32.60658025961226,46.54120490758115,6.3174335311021075,85.20701617071119,32.09612653948973,39.27896840229652,20.035220483709114,17.33649816429863
29.9915544907398,50.20574766251879,5.947927271668041,90.79504766834216,76.00824707567912,35.69324871504964,23.260209651707253,16.463582267328377
22.841898436409757,51.7531596054295,6.021036080252366,100.15429421625548,69.16061057769834,51.4295973691828,23.14033672235169,16.682744898601488
27.018650451683047,55.27100499125616,6.004672961250381,111.80135033409138,21.3530349551161,39.777048787462704,35.971977626115105,16.04858609394707
24.879021968045418,64.0207564138463,6.356639152589969,94.58349127342782,37.970937874044274,28.343299143681172,16.552821714846182,16.669267462016524
20.481490696349358,70.72761585192087,7.475964544758712,69.11034232922742,57.164515865148275,40.40302599498582,29.622121467495337,18.384426732130372
26.621796408608017,59.23321960476934,6.538968648279105,58.057538802436504,30.20407015776494,32.18651198429236,27.997724873823305,16.58644280115981
19.104801044200986,60.241871818507086,7.091450244693762,177.92311622125672,48.026088767550114,9.906588573168262,38.28431214220333,19.621423552217866
30.93839694230782,62.149594575000066,6.7534881729140706,66.10554909206311,56.399476789651956,31.18289807849868,31.86189246140256,17.49224706892232
22.676913513508033,52.2614203030149,7.05693119899111,84.44124996206851,47.22911132030775,34.722644291321494,34.28168228114935,17.447991941824938
26.005798279364196,46.11911613535566,5.1000178487032075,115.51000907541805,58.08258055305644,28.44354890706952,25.79711997015985,13.963397868708984
26.41643935773071,33.668431540339355,6.347770989425885,110.82581828697043,39.600051430971774,45.75246532114038,20.152014499957907,16.27756255100064
23.705475131479613,49.57275962884692,7.153567711575357,115.62597077684718,16.337276867478167,32.22552242671218,27.39619219298806,17.864086452049506
27.933469007376374,67.09718179901681,6.214132088625333,86.71848791403474,64.7317296824759,44.78426200834456,36.21729908741146,17.62244871583552
22.62548171688738,49.45632842940649,7.381236582434806,107.15674211918642,64.63721980403795,27.666802636316852,36.199125049214146,17.764751556811717
29.356486487286222,56.4328944386109,7.241945076883881,101.8403099272259,87.55454963432499,49.09218921082538,26.555299431074427,18.83522093033169
18.270101598766257,66.99646931118475,6.2654346419362685,90.63605897376138,16.89220223098528,27.235174733335082,23.114049562811537,15.02919311436766
25.63189789773206,67.81034244634003,6.248418240476822,107.3622922531402,61.26248164020223,16.58469590608927,21.546567000742506,17.553691576629905
34.694644995291426,43.807007217509415,5.9931970788227655,131.6609664025212,20.469767928749196,52.37262585163227,28.90698717818751,17.013459286336293
19.998343376972127,74.95589034680462,6.185202884068101,99.33399329694015,76.34739922512979,31.441061962688288,31.092409373754663,17.546222933188428
21.611275147375743,76.91025134033228,5.883705467915543,99.53358539069269,57.31800250544014,57.56929058199408,41.78553210380607,17.44701055730234
27.569539248294575,43.0522521417216,6.7144055902165025,132.04483104627954,35.721067284856204,45.6459190120807,30.986646060950996,18.61899099777452
25.89790890969799,47.64244695538269,5.771976753326784,128.8408107945644,61.70333711902153,47.90263318381253,34.91012795045711,16.166576870409617
26.753150496367795,77.86636024719287,6.801866508095111,147.51809322890452,41.70432488424596,50.45472500466073,23.75625609676625,20.0
27.445935650738317,57.79719718117049,6.814039348450124,47.31309296561269,54.50624149326904,41.126793462490696,30.333608039432992,17.975551355295597
28.17360734280885,26.70333078822224,5.669397797408038,127.15357549508168,53.08941074313626,41.24055417838539,31.120627644294924,14.387480640200895
30.548499209781117,39.00477742900971,7.274909303164169,118.04740136206537,76.16252204220942,52.813400241943086,28.875755777244976,18.30655568606447
27.049093284642563,56.25945562241278,6.756804647207611,73.43042806740203,77.22388865129768,41.11358495698098,29.82544962504059,17.60919399341205
23.793711726907286,42.55436024573097,6.874849010722435,107.54763753996535,41.04101940089741,32.718231532033904,31.009747740960847,16.99497800317966
28.362868506013655,53.79864344045338,6.120667399228614,131.53365243273996,65.87158426994054,45.85758560162223,33.84829450475453,17.580432379938284
34.49940967447608,60.48594320525368,6.811189559236559,75.12523232543799,55.322602333554464,18.86356585615048,39.35294434731009,17.61312505904764
24.33683126808713,81.93381906052093,7.063196724861033,113.27687287068422,28.809768994896324,53.19558801560214,11.87561766688232,19.825808978509542
20.127353476646793,55.643191256583165,6.450695800497662,126.14061027193053,39.5565742944173,53.404391359650916,38.9099001131095,16.938772981086743
30.535403346434865,76.08812699359139,7.50096122962418,67.86941312405536,85.04219149399435,51.98166668123079,16.313535069456186,20.0
24.398094180232007,81.43140243055156,6.5220323174564685,95.73142922664556,55.367816016569826,51.597719623776946,32.47010256829402,18.10274171193611
14.136652269929819,81.51464504028114,7.070392900226238,109.02905129927234,64.99669369276283,39.158246746588766,48.84503175270778,18.27406681073961
29.23710838575211,64.27131890078353,6.6465044036293275,76.11605483371136,46.819335314495135,38.93317615506977,29.659677692593746,17.690475837412684
22.323359070230385,30.550662782415387,6.792760766428434,73.62540402719362,41.90087127920987,27.703599102291438,31.440153115317134,15.707912623756911
24.547333588479198,66.91237298105798,5.664333866182614,95.94866194411678,50.40896761451712,57.48041251711048,27.517922288636257,16.377635155315946
26.659901652845075,75.72599831720312,6.685526869107681,124.04919150711076,46.00843917130674,35.149818269737224,35.338098778119495,19.394719693931712
25.952498398895333,58.78399341846875,6.132512449371367,119.3120200357633,27.601206034526026,43.39885309751881,32.897668421117935,16.92384832858839
28.5472590856952,86.16875805112873,6.076800847111156,74.15761812440974,34.950118138189524,42.54045282954778,24.59162204176743,17.89094520999717
22.822568147150783,72.89750342201187,7.372051592232989,119.56503655347058,60.61826771618346,26.595808183958436,29.08517555852143,20.0
27.565528990880413,68.52410065729177,6.393114875968825,74.92180671500475,44.28963966346384,22.553249758767944,21.052507969782297,17.337093240728958
23.702266612080415,76.29571066808757,5.998349084512252,51.69490606019697,50.38557323041861,40.055866208673486,29.048468630141482,16.324813755800285
28.694052404437514,65.00054776891317,6.320434185945563,88.98569286858306,53.52384575745816,35.46243882388491,26.645022504666105,17.802068533014598
28.076837420065267,22.607842509069698,5.849774885539043,133.68908114757207,54.6957507322808,39.10563140756665,31.092327612725732,14.324188365741566
20.322806489777022,52.51291572794452,7.216942234098135,119.6788165642412,67.19868591973056,50.65415630203233,24.320688822864486,18.243732716282572
30.42991058087516,77.9575204087178,6.152159627916743,99.95284577880417,33.51956277397202,42.24944150537023,28.284546479310404,18.12355688392027
22.32018277442976,47.88612989852556,6.7646499669718345,87.49883549226827,58.55379085315437,47.58522540764731,30.07018220150515,16.900611843565226
29.040288991405724,56.647912421445916,7.178053357105163,88.30713591650706,61.325416902794714,44.45328162175578,30.627341583653248,18.61402634788685
26.836436567006704,44.32745529145393,6.2499236593926355,103.26354717582389,64.78777668502258,36.83665806760168,32.19426972564674,16.78166956674058
34.190918383975614,86.75883892802653,6.766011216136393,67.94687542462513,28.806236008776914,29.98196832806936,28.606658677752108,19.119985662069425
23.88267008814074,85.22238686127024,5.984956972547785,89.55677964396108,53.822288275204976,42.64717868113468,23.70645072854643,17.5883156996207
23.253416019409013,46.74196657288906,7.722884784556842,93.53291615920693,75.74113919597777,40.838926193460914,30.656586181196623,18.13886330066679
24.902901970561338,62.20947000583626,6.968190067308311,59.46776624645507,48.51319221265065,49.15156337504747,28.5691373952339,17.02744260977004
23.484101085828623,49.79258928353928,6.403696780619597,74.84655247307275,57.25242052946437,38.49099930277507,38.19716513685768,16.676850696021965
28.99970950971025,69.22416958547068,6.113583134555518,112.31520374459144,61.70593391877777,37.026584548844774,39.205932007282875,17.492149487455514
16.91844695781706,67.64524615863493,6.443001723580187,100.28535519822982,34.6179523340261,37.705006162184,19.023356516503828,16.050219344621407
19.731587904268228,72.17558357419898,6.33000813882424,90.73714626419851,77.50737093499961,30.812733649945542,34.93723638734201,16.710479190664113
19.660985392104035,64.97877671561831,7.476472276999753,72.65717687386109,57.492511954533555,54.469099448204574,36.54195328871927,18.879691978815618
29.75153795986788,100.0,5.887232638892549,147.3054947676765,57.792542212901395,51.396287546157616,19.23334963308688,19.68916993658505
33.553066862909624,44.581143524838915,6.567400711645102,74.86062355962045,25.069589329841975,27.869701710419534,34.63578255130171,16.722165087594767
24.477753907312643,34.34094968345229,6.490830966683145,107.54778421785213,61.91817197319969,48.0394814197255,37.16763934213041,16.92622507438823
24.155891384049948,54.10364698947808,6.441294849827565,85.36392735778614,57.59615512068706,21.549949360676347,22.402826896971277,16.58764390467448
25.350260815565907,36.48017601659599,6.445691672530828,101.08837877915006,74.36286991583096,49.852892331110226,28.10926701503169,17.15914588149762
30.80939151304095,37.61306594991011,6.441964594939758,113.72829225821118,45.3310217854347,33.036495488923244,31.49055948656177,16.29238467315074
20.36323432904713,44.980280187030495,6.93653303316605,58.892302323763424,35.185125056023374,43.59900557678252,34.56366448079422,15.55132715695942
26.191844913673926,46.16716641852559,6.804492223246218,99.80151267539536,39.766415078385,20.70490310458328,22.09248471641917,16.62388815637281
29.875988148912146,45.680728470749095,6.709455805686393,135.72185946939535,42.42532647489052,28.012957683220495,39.2560535825249,18.375669228058737
27.505470849699226,67.77328425668118,4.983005318927366,152.84505680476008,33.217302228029396,44.68702967249409,13.765214959475177,15.081177961561073
25.947908082993717,52.407164083719955,6.649897437081582,96.09958080234607,69.3524003564899,32.9909181661722,40.589964391403996,17.411300222031507
30.005230462835705,57.3072813769128,5.6721803199149585,101.25043621650727,69.915467943975,31.600371296278013,34.40213974231935,15.83830202471047
11.483838535003814,73.41349161751403,6.823160081567913,166.33999085804598,47.06312448289917,53.95861697452098,25.025827910857565,18.595910946300204
28.38937659765454,48.505162128278606,7.237248683785257,134.04772844797594,44.10860116873709,62.10959211272875,36.915246741656645,18.989980591780625
21.72962158436288,56.03181151942917,6.036880443705725,81.48146292234343,22.76777130021032,49.370139368194835,21.61760765118296,15.494409684214245
15.846835515717716,65.48639979139374,6.369109638828647,81.4304964734163,60.43941882955407,29.081194282649363,30.919488435151003,15.505310142349515
27.556012997624904,30.87648299069668,6.200322147473502,128.69648385361805,74.80160163238764,57.635193328176996,31.90803899046876,17.22832530847718
31.86829272581479,24.226417365741263,7.117715887878401,69.6688860986281,40.442079241106654,24.385677403516176,31.889078511672114,16.722242005832726
24.31275742686154,65.19175993196585,6.547513942636036,132.63180254016558,48.24823211335403,36.95508545924674,23.282259543077227,17.704021136654855
29.764372736014693,67.38021420850347,7.364164690283166,110.02899891253026,56.514371919735964,40.54777766987373,26.031382621139382,19.7578486932169
33.06139128994323,90.96330202278617,6.706877101473694,115.53162292081217,75.86627540914859,59.24037843838749,31.013958929206524,19.698994613882252
31.574572267920235,62.37142313800215,6.6212250903179095,92.2979858955984,52.99664332752642,49.12659137551725,24.18605005626737,18.73335590626528
33.199822646856965,72.29609575887142,6.534103391301418,81.10525587260771,52.93144874039778,35.3624230520048,32.171622354212865,19.355783279991392
28.71063745535946,57.06791034621039,6.908996049628668,143.8597849260496,52.68977751739704,30.550437292202503,25.086992254187372,18.134780574059942
25.377168194507963,64.4584083237763,5.631156900877328,92.59788158339575,28.624512396444903,50.021926538032545,38.00000020861795,14.759668269300239
16.990170940514158,85.00885262624301,6.542671977760255,87.67194770278415,28.29814019255203,34.66641042779644,42.501479604567486,17.392358324297103
23.769687559350256,28.140107728115467,6.464976778136018,97.59588796360572,37.88007246327691,42.16740087864975,27.620286602741928,15.587010562630248
20.783767023419042,66.20424386357521,6.862709413578883,105.7906639815383,65.1933586105606,26.302235107408844,37.36207008776084,17.971502542111725
35.854713587489066,92.03380095116049,6.406149197062981,69.07524619841654,44.969643941810105,45.692578552242004,28.301563667387203,17.96675673711506
24.120570937838316,64.23051328814014,5.980632782918665,83.05385517379266,42.055939267965606,44.88695145747479,22.50855042606925,16.250882371410057
25.61602403392243,84.75859444849272,6.50367533745985,81.45903778281827,41.79238093784348,27.583799383418285,26.594258075558702,18.70464939385227
27.75742688020234,50.561817757058364,5.958579735565828,125.35840913820545,47.93514682290984,50.3162311287164,30.684557926049703,18.103005556924245
25.218012231862268,59.5192875875443,5.537368893706257,73.42112296000332,75.53161901152461,45.547458082427816,15.704338684583426,15.52031530453851
33.47525520215377,60.50287053582881,6.863561240742746,47.32696426725839,47.73203921454318,47.40024252780098,35.00525409156397,17.09808376415475
21.88675319132774,26.736133809618437,6.789530786347335,40.98716311281538,38.205538919377126,36.2132130724987,30.68816679149091,14.725593926280009
25.973037276186215,42.477332582246994,6.733545471996787,55.888595959728484,50.378684436224496,41.789564112864426,38.00435165975323,16.68177057298379
21.28764707150976,43.54687380924021,7.151464210972906,140.84614608544334,76.32625408642305,40.63378868865324,34.86510043017087,18.144644316990007
18.39988744389647,72.3309911704879,6.167484054848037,100.48619798452155,42.45762921596576,38.5182959524577,30.959586537311107,16.882702701786457
21.941154545473573,73.08229658526082,5.784442928614372,115.03747260421608,32.28492487353582,41.70503278165846,27.153320517204296,16.642427028451525
24.81481601475794,64.860546640598,6.464985111595977,116.09463181363988,42.48513095404375,52.56442973796383,42.1828937736239,18.75567723987963
22.8534888774137,72.36154345283559,6.326249850147045,101.6855175517696,51.9314560452265,50.74950638703927,47.358981494688265,18.216229912858598
21.53789510063072,57.53775880917339,6.0788521416149655,97.75656110046076,60.3236142623801,28.18139322531143,27.28680475952151,16.158955268506954
17.96841268164083,78.02897504309315,6.460075423256102,131.33579289454423,65.10325368023369,49.8540181690694,38.33834778962041,18.019442221665884
24.584472136856526,60.131826639481076,6.194197426897707,104.37987742937919,34.314240890565074,51.91143372748036,24.34600272827758,16.23085748673473
17.476398129844988,60.867960711401345,5.581997358321584,141.97292437790242,35.737319983113956,38.48822326647634,25.29851237048752,15.068359765613822
28.80027981844801,56.01611050106383,6.27941165460312,118.62489835869599,45.15106610918765,45.084471037977764,26.91004038801201,17.350603068279707
25.412198764672517,70.26675716454642,5.9318124166480715,81.46611179556916,60.26739537045344,44.94001667303018,35.477461500850794,16.46109950895898
17.71224250267535,53.6820177508063,6.615824035805462,85.0859792839019,31.099881535216166,31.500333833256988,21.400693645287536,16.410329012033475
23.453954614750682,74.64647065797102,6.171982620879673,78.17605580637162,40.89009634373454,36.18043712471672,42.399713816033874,17.586622280759272
21.239217972047083,43.0177628892599,7.0558157370705255,136.52644065852147,41.10884405882078,47.50810238851607,37.50297805898423,17.34778830152433
26.5958725520959,43.51625617907709,7.301933033633933,87.84847141163341,64.12623283046555,35.04177763168549,35.292121643431045,17.924878628315728
31.70225223011572,70.31140132689757,6.8396906865059535,76.04581609601102,57.923911409966564,49.754995592623075,27.64948267197849,18.602231076496185
15.624137651771278,58.67183678125481,5.72448690900834,109.59334123380461,63.5557754157488,53.04972440849761,36.63590071885393,14.903290818756327
25.575130395737087,53.19162875770307,7.252597999439519,97.08498680882491,70.08016961349581,51.436718419804706,6.661097109575483,17.49446998466652
24.199336022166797,73.3508659871319,7.287860225186883,108.83705537725491,45.41524857366379,59.79804603169457,33.527210907939995,19.01572128632127
28.356700382252328,50.89107878870873,6.5093952556539705,156.6944171168153,32.18890767719477,39.09267717708887,31.280976541301964,18.286994773339597
26.065983141188447,56.996981185494455,7.161463080167766,127.3921241778658,32.2855457322947,41.77201073969063,14.910275478256843,19.31095225805121
21.240153341305906,80.98841925106738,6.224162430976661,100.8103166290572,22.428386524117403,43.206630477626405,33.25002386185735,17.389487732545117
23.40473032166691,83.08713518715976,5.5668770325752055,57.74729847381974,43.11849755500711,39.39602075009262,34.727133807008585,15.669980551865507
21.019870715982556,83.58597315405491,6.119857780689204,85.00112508374093,44.23666077752392,45.42178974101645,15.170138041326572,17.14065197755102
30.38003569299299,55.76811334599133,7.364650433022378,121.33138307635909,61.81330110207571,22.88795970988011,20.505828658783354,20.0
25.10655824335971,78.46054357476706,5.754460038194264,64.86876881014551,50.25371325764906,42.04905388692519,46.51511321480761,16.860553776980844
34.50595342876504,45.76570758346983,6.499760640965747,164.2291088899106,42.64507333486091,26.225633501171043,28.50917163118027,18.02218988311755
24.696695930926897,46.39645687916909,6.517071946670106,100.43249687906646,48.26001910759121,30.37376722392422,37.805008475987094,17.248866151088418
21.457966165447687,24.743162210634583,6.2435128780160944,101.46545179628454,34.41539774427854,47.328898110299136,39.0144153943174,15.070241488487907
17.431428036935863,85.09302302847794,6.278239200081442,80.00064421126066,65.3810985612693,38.0088376155098,33.15149451196214,18.295270812384256
15.984301618720275,47.04030226385883,6.536124567118101,114.90213270327156,38.21126655785737,46.97614474715806,38.13793080951423,15.557316742271484
17.07932028497255,58.1020113037941,6.218918829032637,65.25994580433303,32.90103092096157,37.7922339639887,13.096893134682254,14.71692936876947
26.335633255057417,46.34513487107574,5.788970751416034,164.94677767304373,62.26822950061205,51.064063163911555,28.15576470655474,16.323961181741534
27.54362511614967,70.42747872495211,6.607515971471728,139.52053913956033,58.61246312545777,37.609192943786965,5.35521018260858,18.745573683433435
17.094046489839332,54.3654950892399,7.036683291222486,129.52889335591138,24.144719321614826,20.45081510436877,16.031250683462016,17.353982479446017
29.475191570380577,40.427746643505756,6.93478625932671,58.287129826305716,62.825024520653336,42.253925820112705,25.63188402412042,17.091285994583014
22.5846947415828,66.62493846279091,6.095132266305094,106.16239811373252,38.87611041358915,18.31140154297449,24.67692448803055,16.758086742792226
25.733965059927748,38.49404962784657,5.874386042311162,136.2725919404201,44.3884320865412,25.472790974675924,30.331282313139837,15.884078481144712
33.06110314127712,47.43891412026763,6.357906058922611,117.79316198073218,52.805301615409064,31.170534710014298,29.834795907176083,17.285842080661876
29.48419657932766,28.396663280608788,7.2838957548978325,69.93672686098675,58.799373239252326,29.922905222298127,31.069939439849854,16.848295444360584
23.657346760470837,38.6406283170359,6.822799039479773,80.49718734074034,56.682187620312895,34.54949195583715,31.39767718904543,16.07610053459138
20.54403887292356,62.67793754580717,6.851982338397117,86.44191585982028,49.25272503640996,29.57932176468894,32.66338179682377,17.06094025232433
14.240922993353475,30.53195942845613,6.944928475892747,81.89686496534178,43.630350066261336,25.940473364143273,22.327642580704307,14.579660716274212
21.4042334037879,37.78281413067427,6.710383281259293,145.8633650713092,56.18331040348171,55.41835744840774,24.201661445089588,17.616359467933773
23.944348805861527,59.96446625800788,6.560304273806789,42.369605835302316,48.22418243983658,33.218554536081044,29.704975525641995,16.671614751049738
20.064102364244082,51.84589655860421,6.831153448323984,119.6775741897651,77.08031688688887,17.692323468526023,29.82925639461662,17.87921972969947
24.343715164538477,89.88054953938963,6.22691694789099,61.230898752146466,58.796135149548526,36.390816269907425,21.344581077629613,18.404540941012947
25.384259414793842,87.50844819036563,5.79276849431684,71.16245537646796,36.14876562514468,28.75268941972446,38.65247504810441,16.027740848796412
23.875720090959607,46.9811630587327,6.8614984673121615,39.707998993938475,42.83600072939523,31.150323727071868,35.7984054204066,15.984689045376474
21.7499870958827,68.35706427605223,7.118869052874612,83.52836706523402,50.72288265889744,47.10342481352485,23.12226651709497,17.90806712796799
25.84327335983364,71.23923835319177,5.9408840303219845,145.3219495461764,69.49146822605682,35.51842381214782,28.333071896666514,18.60504323618534
27.209703247847045,51.03781712963395,6.91096074120795,107.94472727394334,71.16657513668203,28.474033987821148,46.07631720637693,18.12036963471505
19.54800461278577,37.56687695252694,7.340382856694095,64.04915359002709,44.057979194516534,44.46253509957245,31.28461630267425,16.912292103346545
32.054661898731354,59.81552326037914,6.49887689912144,130.51443023137938,35.99548675115835,51.49940830609086,33.16548764160053,19.322612308201233
24.507059338578692,57.40731487778834,6.090998907629126,136.93912790706057,34.07753538190719,45.36872162639845,25.12851559095096,17.283819781656256
25.094248114724238,53.463532545440714,6.561509336763378,103.12139443117256,53.786431358236705,15.464444283495746,27.49510313177327,17.342625574043197
28.541072116282788,66.63475302246728,6.224733015899649,161.0424747445777,84.5567646382624,28.85010497602986,42.09060788626722,19.119422782827613
26.166080656317508,48.73905589491602,6.191634945021799,124.64692373873844,58.08641156382654,40.47448530636205,30.90635541834029,16.85701372885525
29.765683169566227,42.72003678631285,6.716592033635771,120.47957521877764,26.091312099739895,37.55700594735985,29.432574249016948,17.383284662840733
26.43562082600912,61.63624455524748,5.698135262485053,75.8986387850113,39.10993845130998,36.72724846060803,30.061128687491724,15.142788197317788
21.93781312679781,65.78955138853314,5.778035538753887,118.82195456864022,40.641286972326306,30.17243307159166,50.36306230732147,16.9804094743191
26.80751762603051,42.350325841499206,6.509645440186971,106.5037383281348,37.66996219827638,25.944159169225603,30.31846002518308,16.198057490832237
19.28136896339669,73.92135916486622,6.488845730543784,115.5948700801308,44.181592625986696,60.0778171781302,23.35938640629119,18.011913445706217
25.542798528882617,33.44278293335883,6.671777288519968,79.46243142576009,55.54092291529913,40.27110953138912,24.757192787078093,16.580554605966896
24.833850046777695,51.32829811926535,7.437612694241694,103.8429665307696,60.2297175398397,46.42121788867418,36.24604801910483,18.667739492212945
23.959415713637302,56.12987195703587,6.552257018037911,75.49415499355126,66.37645236374966,40.06251173583809,18.572150986825786,17.175344410460934
24.357312442805345,50.45664431022105,6.799086075167398,35.586037001019044,57.863038595707664,40.4634869863799,33.60466385171384,15.620652542224104
15.590754772511804,51.524092896732114,6.012233532192684,129.9491370573515,20.687746395067386,39.37896600190712,24.209459778804458,15.58133838132788
22.256375461295193,88.06611723462171,6.883968831758269,54.92833054931448,34.1404311870303,28.795541409255677,15.129843548383938,18.654677571860937
25.464224505705573,47.23673866441652,6.236804567444661,103.21559394347248,47.628589447112134,24.855105419657523,22.15942226469124,16.196888068037
25.799281959987002,96.61832583707871,6.535710416290546,109.9900638834712,52.20919783651218,43.86225373744987,30.220270477429278,19.350132658403762
19.86162429537021,66.55690169596578,6.4455756874654195,109.79689047589164,62.921275398143855,41.87842407271167,41.161339147942535,17.917853935718625
31.3285392043235,61.38082705967988,7.016487117457015,91.50762779205249,50.64776264325159,49.38280898459707,37.3066352955731,18.344169710223923
20.669125758927496,67.14360530081498,5.8450117228125,108.1363442583992,50.760608807955116,47.35360826642027,27.650478190633976,15.585638520382155
29.847286002633684,97.94891623877929,5.358380682692481,114.12901209355486,53.56696044708588,31.914878072503292,37.77749655854474,17.12928890113118
27.135971809358423,45.09610494102828,6.393283651456038,122.04894447255954,46.174673918281975,51.325913089218716,27.145761366087562,18.03719801337483
21.768863450780984,43.19373121595416,6.734265628452562,152.0032401815279,51.30327709816717,47.65027195154517,18.267907322032883,18.1666935121508
33.876554463047555,48.677007051421185,6.57613468790375,107.02582454494616,66.88748268517627,46.90841569857335,30.168701085061414,17.682732228822047
19.0318158412176,60.48214720446841,7.116102118706956,101.92146535053105,48.741336518239976,62.49326791978809,17.952528039945722,17.191095181488667
29.595770868050007,34.1134331278114,6.718686337089834,72.79813103949718,49.546809098235755,60.439587625081884,36.331266459880496,16.7313471381407
30.002911590214893,60.33508858977912,6.21807583407007,113.07838971698011,49.496218928492155,46.89913766554886,36.44704071205502,17.8217784738765
21.646898954616777,85.40320700120508,5.33728992293016,120.02149309421706,69.46660720686754,45.6519720583753,22.9602404837579,16.007293112780783
31.962326500321645,62.27111085937166,6.3813438829023905,94.23090447155118,33.37920009755837,50.816551817696805,31.164780054605295,18.608661719230227
23.749767427005235,55.60971811537085,7.013979501128899,116.33837512552111,76.63770342186793,34.160462303296285,31.08839387353153,18.567746463829124
26.443468146399287,50.72759326974559,6.3039761086664425,91.22451419351975,32.3542721822673,34.3017074240895,36.97570705413793,15.29391643914174
26.301609193856102,73.47767556827347,6.514160131838882,120.12977956266772,40.186696080083614,46.73421407091913,20.039453968129216,18.49222595785838
24.32845629264726,47.61250840142929,6.7106801271533545,127.3780694208923,61.171074045729796,31.435239108724275,34.795900188545446,18.08530970107863
29.05404136579891,87.69593880898871,5.992353812875092,126.95883600191456,65.45475043210506,45.92769485523255,19.465845991955923,19.00765917739767
28.967443602761065,89.00039621571536,6.811617948319409,103.53532978423902,28.94751474502268,41.5683216653619,36.21750990138297,19.711357517315868
16.257340133809095,63.85126197992681,7.318560895000853,68.80095545148846,33.60947205129371,31.43809895407881,38.50157921066517,16.786121047387535
31.521701214390763,59.827273678850325,6.413593324053297,81.64260842074538,54.16764214207772,40.25866510288299,24.643268850880858,16.454844605734984
16.68754005982163,75.45989712362339,5.935467789083849,117.85471971654185,85.16629081645694,53.050815921384164,39.753030932332315,16.78876717494642
30.162731021708286,76.42197753340987,6.466699486489013,173.4643691722068,68.69394171498021,40.82370450653837,17.407736295849695,20.0
30.633525684137915,47.91012403410877,5.387807945695566,89.77837685403755,46.278544255522846,40.865476476179765,38.79666756168439,14.442922043740124
19.54516784892401,52.10167300294947,6.668451631988308,113.6751303516442,13.71306292886366,43.289852789045966,41.50764990530112,17.030254404623296
22.945928560227077,40.16478847975057,6.726137188824289,83.3184232756179,51.224641016317385,44.59188522891609,32.76652155321225,17.11734211792876
19.47147665757032,66.13597407501085,7.337818146922781,70.78098867252697,55.434452054698305,36.69159533918807,28.43579375176511,17.427066853448924
23.925394848556323,69.99941825185336,6.403002603716687,79.71052409267912,44.25957288375795,43.50261047967048,32.49935856079939,16.675375507315263
23.459828579071292,39.75111543208091,6.704242669073235,37.52584069891985,37.239140141801066,29.509296404092666,25.169933050150984,14.966173272819228
28.898302661346698,53.17201642775761,6.06935594880705,140.6030518872325,52.387478904820824,32.00928943166112,50.99701343330195,17.06164918327322
31.551543730598045,39.79119123627976,6.321786439737461,33.09609241256159,35.86608209159059,33.28850891924377,25.307749676525667,14.625094870932363
31.978419053949782,46.51800284634243,5.737407281668901,92.08515308798101,78.08672991213086,44.697626896341085,40.53920935725855,16.458987018626207
22.18915986710849,68.26525590339449,6.402605189358383,64.65616313949836,72.75117196300725,41.60232827556277,24.070180660606862,17.024359279011865
23.95389063127736,48.99776899982581,6.347345423240718,73.46859353913386,59.868689473891415,38.65640422756047,42.7744662360292,17.177536795932422
16.58280903889525,55.48761065951552,6.649599883044448,141.29567979216003,51.34565853678975,46.907699895852865,46.098628654041356,17.403830733999676
20.970649667519055,35.59032408079027,6.18820155983368,106.03200970094176,40.097538700796605,43.78862082742336,33.08792648815475,14.662200033513212
29.824258165487286,62.80485314586996,6.541672675487546,71.03811522454899,49.68819224163648,37.100232200171284,32.293258148537205,17.134803732192676
33.07791411774116,59.335900202330265,6.333309972196167,82.31448602510467,74.58945702810914,29.647691571801882,22.347367801723372,17.913675820162133
18.82825564060039,49.06561124950257,6.334250305850243,77.03556338673744,63.029810876549426,31.80291198773247,21.39465912345372,14.829504039005954
22.037678704235528,57.164785534762885,6.540181162981515,98.69362983763358,53.05538417714689,25.331905346071082,32.383316841325026,17.29628587122217
24.867971215205365,62.70442320755166,6.520261471158505,105.18675054363078,63.85961501251393,41.405695501508255,41.665539817448966,17.84858835313206
26.40080579409803,47.776977766359835,6.880587019525819,156.8672431968568,58.18415995071242,31.378612175463278,25.614380086807756,18.40400068200032
20.95198240039177,37.85606183997331,6.439678482935083,42.51097702006879,55.94416309830307,35.046770180161296,47.66343374235349,15.47531263073571
27.12030522232045,87.08361649030223,6.3250573254384985,98.95563055726143,64.70844888487304,38.72409319371136,25.118832482961295,18.523294232939662
22.63080326464542,50.50090942934591,6.409596277456387,90.53296922396433,57.755414672371366,50.43995191330686,31.835135525999767,16.213169686131554
24.927738645608603,58.54859845219666,6.142667941579504,128.3964558315035,62.878272051550674,49.287905983168194,31.856131731229244,17.45109547768249
27.7314212400185,75.16259602530471,6.320044453216664,110.6445435453518,52.42080574451764,39.45291528746026,29.187724998115865,18.14131338213571
25.032111349054688,100.0,7.515579356536616,117.71086624344836,46.18811265214845,52.655034894002995,13.64937986939016,20.0
22.818070547367157,41.33270325166701,6.043660619652067,110.35258558045248,41.77755681589777,19.876514906791392,25.047415196552834,15.786844712421193
24.451950980370846,66.74740820589764,6.360671833060345,72.04026624149381,39.990355917935624,58.77220549766513,31.597114338422976,16.78377151621211
24.558185203973323,49.386715720588406,6.3062556683651545,136.3379648947904,25.922443363377013,46.92499714304585,29.23211923215829,16.881646952058414
23.14994485058936,51.91814543134934,6.3764141938778005,123.95514713847007,36.32090079782503,41.028032850199295,35.089621275222264,16.05729614645715
23.706019686664487,49.19681968489815,6.3343803455608025,127.46589375174229,35.88719705626729,31.08640319247937,36.05468729593481,16.945145923355895
32.99323585252358,43.115175482991226,6.6396200506105,137.92150511521496,42.38982206023946,35.61932633869536,28.079372310568722,17.710505260763426
27.804597239706194,59.38062957323008,5.644912449304103,112.5302530195588,73.43366315957437,46.093508955780415,22.30055702147643,16.235785170910013
23.522598409854197,37.88245969427646,7.018585736266003,144.4297721235248,47.63657066669334,46.320793835314134,42.386541643067304,17.195139886262936
28.484772022553678,74.20211349767806,6.8162913998210986,111.32918715359924,53.62650334826465,46.68393370590787,19.156301355874785,19.39251882413382
23.33090255121995,60.82504404050062,5.8785642069684325,93.42824235926174,54.09979466767891,32.715032656335396,25.237542212542813,16.636686701790726
30.865623187933206,66.3365245935216,5.365461363523799,99.80188268549905,73.8137136926355,30.701522869847903,23.20032060820959,15.502956842766288
26.84821096099047,53.00717082080665,6.0114639269292995,99.28468695591651,41.36621819232063,41.95205244352506,35.971660974416864,15.833087981694282
24.463489279978855,54.49194098682378,6.378666769286439,84.41826033728371,46.66216879612907,47.69853957771473,40.53617579584473,16.743899227719194
27.238584629051388,64.31345857750992,7.790145949345387,148.95666545110663,48.40700942338725,40.031848495048585,28.61045299591244,20.0
17.145619239657503,42.53924051391262,6.771628482487136,108.88886096511003,67.04802283662153,54.81484246885167,31.8382140826793,17.690946925892803
19.366162655450974,54.63014348379996,5.596205175409271,102.8421542749872,70.16158540631682,40.33137462190111,33.4301745679132,14.455913225962114
19.030374968004722,47.10579729182319,6.155172247549528,111.64822764779301,57.11875729540917,39.992913561670136,44.432032788710885,15.155631425806321
25.714715473818533,46.641467841134784,6.473393781863509,189.3956355021144,68.4936406109282,46.70559991192669,15.81141246229458,18.877115731397303
33.66257499742546,28.352426390615378,6.626841777149049,66.04827434201022,52.66491494703484,52.19230137592039,35.95377519301543,16.301390072380627
36.15650073096316,80.0898988422,5.842625569844788,74.64884464851173,47.410951285747664,26.50744740195455,33.012197983516025,17.145357894326956
28.190255507203787,49.70191870269347,6.432504886011469,58.58286947659011,67.68086129878432,28.819882919644016,27.033283798033434,16.765676987487556
27.504222374722286,77.45064082745326,6.14118043119473,93.02202284693541,57.31426512850697,36.86738562255962,32.609813885762364,18.75265282787834
15.994711329236305,76.03188482091439,5.948120718698842,107.3655532998208,38.967040011386274,71.58941784588663,35.92663180663934,15.87422227334944
22.28663100132989,40.71000440225259,6.6297978233494765,86.04032444976768,64.96131407186526,37.38531437459068,34.665301699862425,16.052847782726854
21.061081240458805,43.673831464907316,6.886938586721411,83.8081960554469,46.87261053469581,38.78217056989431,47.26800484733039,15.753224248629927
21.89576200874442,98.40754439033526,6.920520638480809,104.27214599884397,45.03764715913693,46.18351929807918,31.019852702349482,20.0
24.159280907076052,86.26388912890715,6.787193175566938,84.93676525510908,63.39506552299568,49.76928902813474,30.215241466322613,18.79653277050022
22.639547111514364,59.527222300078435,6.251315233429868,109.30527481548515,48.667517887326305,41.69785116454756,28.5496097146418,17.362554922618234
15.103500948121061,63.860596596260244,6.857274880731753,133.42703040227812,55.83437804060434,51.64347495040256,34.423830697167105,17.53402438311702
28.73955128058767,50.53730395579217,6.654527219052144,120.3109140940242,59.92909376106199,28.0602881697408,29.74353390811242,18.925822970947202
19.63628487130097,66.4852907130051,6.566970941476007,126.43040041495607,38.25585381091423,32.33911575257275,30.105673160518137,16.944077777568644
26.196234320555746,49.24227148916293,6.194153439149101,132.57755234520158,55.77275847023303,51.62486950579639,30.142638880050054,17.80382121541231
35.370413348749864,29.51469353552423,6.251561936329236,108.48484480356109,70.24209657892436,40.10943114783474,28.923131444079257,16.817060895415384
20.403077042067885,40.17666320233423,6.536943468062277,95.24076921870697,35.65299284390585,27.375493949913352,25.130617582780737,15.940728446584348
12.348562386268352,60.316391217758806,7.71993723349275,76.83240787350414,56.748633332468415,26.774620683827926,33.34485230557529,16.126105580865733
23.569978890599447,43.033991467461185,6.650621240045695,88.26465509092837,37.557983981295685,31.890591946552952,27.71961947986705,16.652324130331955
30.504798174992857,58.990838026296984,6.194405748874857,84.28943401969316,65.32096525760598,40.02125542157916,34.909436022563554,17.16782071636334
34.79173727110297,43.88008440850706,6.083805277515278,121.95016979862734,65.17858375624657,44.673795697267884,30.886141031423975,16.051618675581086
18.852252027737915,48.2646911624701,6.254116693671898,110.40347663782588,44.68516489626352,36.70940000055861,26.907400989367627,16.52317850396232
27.483496116182607,72.79747959619787,7.5886467237745325,120.90273588142904,83.14442978286294,43.84999189239519,42.51864324028052,20.0
22.673447716099734,63.71220821460157,6.300371677027019,65.18989431699545,66.59937963705927,35.62933513306385,29.18149931562419,17.219309953710436
24.47025822847932,59.85503368029979,6.953435267305142,142.95248452723237,60.60393477704254,52.23920201616917,34.98258411649445,19.371006392940938
38.221716735085174,73.18445959605977,6.3120358772643215,87.19058885479713,59.75916344159204,65.51840094572356,24.40013675206319,18.82348332138688
17.485148358024233,67.20912890021022,6.630592270639815,66.99950073776012,64.75890363809336,36.07387267915576,13.795685350950563,16.066797324324906
26.268698307472867,81.69844936877051,6.895872637004361,86.82346705534562,35.0653638913376,44.79932810798946,25.464006658583624,19.18678579541056
27.338465858827167,53.1021110652729,6.214048575095038,174.51297977762525,52.91911397691536,43.984108241501126,12.90041034880165,18.344587933813862
30.428931624696737,53.55547532208737,6.179444172923615,88.36849400525297,55.74785578065991,41.386954262599254,28.105097065446014,16.598253714525363
25.48991576735448,40.48336100412982,7.329434847227665,90.24710585587223,43.997959050461596,46.532509453412914,41.74917611631243,17.371229426984385
26.54025269752051,53.5652892394137,6.992296447447899,94.23685958110971,56.97192904165948,44.78821188979827,22.757719823386793,16.666569673306515
23.041757162891045,74.47154841453668,6.895336159345364,95.54138849705635,68.47541450651009,35.28946429615105,13.151649139246494,18.31246164063543
26.345634706225535,79.499810583932,6.893638146561457,76.55571802596238,43.6734636835114,53.165457726226876,42.00205592810021,19.370069544959904
23.28403862251295,74.40457752130003,6.729787744155533,104.29639249618391,49.18363549443042,42.01666247486776,26.197161893405987,17.89838627033879
28.107859449280255,33.08712200175846,7.508887906587533,132.2678472459499,37.69122056219083,36.151995801696366,29.8740929426505,17.864789255736138
23.15194831978183,76.24717818991101,6.521954150938578,109.42867946436121,23.195164852838115,64.43202523847401,36.306239753048615,17.683089860698622
26.885501969510933,32.42222065091894,6.78863118360046,66.66504103300043,61.683982707807665,38.837866228444,34.18538211991319,16.441384307016875
24.853685931575107,73.47175986183521,5.7745435357029935,89.66962285198875,49.61399307741129,42.5494384142375,36.00409935689495,15.893137054021114
30.63025125386084,54.48323210143417,6.087519656704379,83.4541779969511,50.71369125729181,41.75440344580336,37.20343191636339,17.108610536307765
24.74303138205757,70.53799970900783,5.89959050008248,101.58818404704404,35.1983957273971,38.70105389048792,16.031082939284364,16.838031621048255
16.134837658965594,40.013274781581515,7.137031791758075,139.9135501468695,47.21744706445714,44.486647050440155,18.685218078879842,17.2011508864283
31.309607503569957,77.5675144905922,5.223729923989625,95.53351611937352,66.44890683773185,31.55000090908375,39.36935730103073,15.682788954809267
20.471338495686904,38.025378808426666,6.298844988623639,97.35535393388828,50.0123200516919,45.96543386523057,23.746086855266505,15.067458238631625
21.7311683067559,49.97317633720233,5.003146698669688,153.32934456458287,50.437756370831195,22.416459716075703,24.618833240291526,13.041234744194385
22.02169352978254,45.028580583464475,6.084356052259055,126.28617975014981,53.11292416795134,27.01930248742871,19.897259822685456,16.273624427831287
31.872190465854086,33.68572720766252,6.254525525134067,117.22243846319606,31.454268073903158,58.25724547168515,26.760416885220145,16.946354590300864
14.32162893010652,61.417913513827024,7.192435546897022,158.74394845905326,59.37380696153536,27.438199732782135,27.205471490524232,18.608215705194706
40.68874266829997,87.09133676755442,6.698313969610728,114.69433764382039,31.17202827626254,20.400411479631394,22.50031449851874,19.256542991313353
30.28028404533026,100.0,6.083429238335517,40.404185740674336,35.9057662808146,27.685838309338124,21.575338040994044,17.324929695630193
26.1161945706458,61.45733680629372,7.032981859865913,124.97997273641082,34.26177846489253,57.40057269196734,32.54930473740565,18.71527683312166
24.725529996918567,76.75021912601284,6.508916127264879,52.23974628644049,47.37162550054182,22.08138259727285,23.538645864892565,17.56862494760696
26.427770374288286,63.48141956892806,6.518783429353626,113.56016105747344,44.71320944693214,30.44185817408449,25.149501944173906,17.01181945082522
27.605612141896692,67.48324792152319,5.898664246114004,48.5876927761228,49.98162442537618,25.41807515683013,12.509773225807354,14.403485249918056
28.226077929750286,54.86777023309142,6.004993143048431,85.99433768800242,36.42115760335335,37.258708029099914,45.5056019402482,15.083212536028217
27.778022330017244,62.92615388133903,6.087451350027238,89.08646411170386,65.08242980459568,35.63979101819263,37.534592235797604,15.880607202789387
25.447903406276243,68.06218056909643,6.523230636577095,76.8964267830474,62.510413530894965,35.19243493272967,26.041551573384464,18.31682295260517
24.01330789846337,51.32310406685503,6.5389428634903375,89.534440084264,47.392797306624196,58.561337994051364,22.807352514738238,17.397415239396043
24.243633581732443,58.83758550160518,7.272046331762023,130.97685161081657,42.82449925118093,28.00924682362452,30.087110377865,18.48845882080272
24.025458598236597,59.12354821503768,6.692527583968917,78.5814126352134,41.30963759982201,38.97812220282889,29.867731283218767,17.191374402303317
30.668850484335323,72.39604975995788,5.146217153163946,116.35422638531622,45.34782507483981,43.386012463207344,19.79226744388282,15.948357942727199
27.96778361140431,44.00951742558479,6.631320993935845,71.030510811781,28.996321568732352,30.19790737927856,9.595710168621121,16.51786528776166
10.298056826678598,59.226866870885225,5.774991821916234,94.31501270823613,35.60589031682239,44.865899812466026,25.791392739866648,14.0747418286849
28.279503882648804,88.68008203579046,6.017014537694232,109.7151779898235,62.9018058797745,36.00189505446692,17.493003752803894,18.339242879318462
25.973680973593876,77.46090228878906,6.093915264136835,70.10414750144321,54.52718729113803,43.74309066189856,31.371039573788334,16.78511251477218
24.90645621777051,80.23768573333058,6.168330838243849,60.64838701267931,74.51411728964796,38.92000748474347,31.424652533285396,16.748023283625663
23.05740773455557,60.366477602670514,5.812425303979849,114.75634451736664,45.51207274746018,19.494687744336957,22.214298413264732,15.761755771927707
30.62056359993007,64.81496345529035,6.601741001726144,133.69241198021916,44.57730159339699,53.06098712765741,25.723325858756375,19.590037196491593
29.737632310614288,75.03354250054387,5.79459885745452,97.62804941537884,43.88151613184528,60.70458315354071,44.104333535824665,17.222123050967753
21.135611660881956,83.40383294296396,6.678333803624923,86.28061280329887,45.21253275172747,38.23245818065187,36.201028210167706,18.11182126817012
27.035261435622676,30.7259563067567,7.618485538530814,104.67026163065161,40.10068980280103,31.020479481333957,26.38197783432877,18.39536567273842
20.141716327293572,40.26838039425232,5.835320470532968,101.66439756296141,54.064823220308,55.06012721175688,48.33567461548783,14.989979430563043
18.101909176055347,79.64166152103972,6.357744847830389,107.28707622133754,50.43656100722617,58.903829028674714,20.424500704226844,17.544276820078895
21.866413877050174,55.846659663467946,5.238271318743765,24.152646990588572,42.351282472425915,38.31204588410002,23.49844220146756,11.634323363525754
29.311967361913794,49.92418816112884,6.349532353514934,67.9268712650211,68.76723369528354,37.81319384779486,29.115886634336583,16.464885020444257
29.765625226880434,41.18758519506594,6.821358576315742,74.64309683689439,78.4487438372946,39.20088902328501,17.751943476989474,17.507958942878673
27.565427100486463,51.67474947683836,6.860319615678634,104.52602885534688,67.498658083601,23.25451110754695,44.32247331702277,17.792587419032866
28.625478934239986,38.96446074864263,6.538681865142048,105.57633650866799,58.37186019625092,37.08874121306772,31.465216309674243,16.42829838671288
27.58089143557479,91.36641409098715,6.944631712379488,119.08541466052108,61.42654589395661,57.14941887549245,23.680409144801644,20.0
21.792592023885238,59.6634592202914,7.773027267971396,107.7274524763131,77.84623276739502,38.3131133922944,33.582295611238095,19.306199300360785
27.159612723369705,59.13074187355924,7.3561523437188,60.97794788837994,61.40478973639136,29.599654721277947,31.16844678638313,18.962075718909336
29.002047626138413,68.82115012751747,6.238739535295181,143.4101385275518,41.22221221101073,44.9668561930448,27.562791326993228,17.99241962465708
28.771456649067872,74.43517753899854,5.774448006766631,138.157549102671,55.88408789975822,33.328012015058874,20.331878665428157,17.68377370466369
30.944566857373214,74.18832234831959,6.296924291713098,62.25408129919222,59.39366399094977,39.33547876332073,18.510304595767145,17.386550979174253
28.541519236005318,76.10432915861358,6.026508617191326,109.98115883122549,35.079240889461204,27.311512194527207,47.49440797954581,17.48460913302261
26.757241037707914,50.53731673813716,6.725673773932316,82.13726844270953,45.72603772035233,29.63375838813268,19.178120919120023,17.874950768075596
30.350751191582138,55.53199792564708,5.9094032302852515,104.16591967601644,66.50587736083199,47.37659254863593,43.58372415481101,16.79359429429298
24.8673937037547,71.53547483163413,6.463588783704829,131.59930838925612,22.647608974256208,41.15866779401088,23.241926819072354,17.919420982587035
20.59062674386141,52.0891640754057,6.919007027268155,163.90312798962876,31.24357182439109,32.23942613157184,36.32026054032258,18.855405828509557
24.18466518028118,59.923400519591624,6.449652063591412,122.5383311542783,47.35389419557509,41.19535130304903,33.723464720646234,18.221846102827463
21.275486775967753,65.98145646637221,6.0268430886261015,108.84804205330407,55.30519393258557,33.92853291272741,35.32334960237134,16.04433825456745
21.62410862512809,71.77777623465565,7.087407028792846,89.80536495075108,29.635513325766397,32.16239830629831,35.856114177921526,17.693505631600743
24.27740664642241,33.33478556444698,5.560509527623086,105.46404613033529,48.098161225010884,51.64034397248306,17.107475021299912,14.169030330535774
21.037900395000193,70.72118474833418,6.336102472061269,140.7931567998494,67.3065280863285,47.82877553188772,24.589232060206584,18.293809727916724
23.4601923518048,56.49413913222412,6.479169988309333,98.65873729721244,51.02977185611425,39.787271503689055,19.05561632625829,16.858326094568742
15.531926665231072,70.61186566296571,6.507954329199816,73.4166204595705,64.08633415446695,41.443373372497035,31.514408486780777,16.860791689920845
26.066468536864694,71.65397538532243,6.59024802803904,51.409304034501204,41.118288179974954,39.916019826656566,19.41324534300619,16.999537589501085
25.006027376811122,84.11872591678737,6.805219909904746,115.39143602230752,37.85124714816227,44.87009259173539,14.15162258341423,19.68698075699638
20.914556844659046,80.30180471431805,6.482296280477325,107.41864376883218,62.73310745427571,32.00498341544306,28.100181307651404,18.81110441600386
28.296228342162024,80.19857493915444,6.31597085892816,80.6227548021311,55.538983019842846,48.62504733368643,12.327367580100432,17.946401137634382
29.68785068813279,81.65505478749357,6.296205327670152,130.78042377121892,32.21605988338311,43.535658378908124,32.069905557767655,18.13222842739363
16.962200678155128,64.37068477223919,6.194242098980823,87.3466940683711,37.987386257558164,37.369436621104484,19.938963812978066,15.332126505201556
21.18637610716893,60.4827763055526,6.893771662163433,95.96067724525615,73.46871861586122,35.12221968491458,23.275362015358176,17.996214662157445
21.15428825106351,73.09225624767501,6.176735760261742,99.5000760010617,36.13167170796026,48.411309417668086,11.756672214738398,17.393033443119883
20.300484494455677,70.98121427149533,6.923385554504122,89.47141773585736,64.01493120088996,38.49513683849894,43.20081771046837,17.995778156758366
29.147374209658743,55.3640064489261,6.5094995411299355,107.07595197248713,42.82719954149451,33.011069041701624,18.296680904175368,18.468819993890687
24.030869306135983,66.07235113212403,6.239372596571935,134.54545437799004,49.95236214849303,36.15430233025676,27.08799012361684,17.184794780744408
23.677425793446947,59.473552998231085,6.8092036078720675,65.72554305644732,54.41888931415058,47.6920464888916,15.666091260310031,17.399300504515217
14.980688177966233,47.19100637309916,6.136273037638441,114.65560415422026,18.48528184250602,23.8944679875396,23.314657532953824,14.27598486541338
28.177090151046134,79.35691112064525,6.819092020364106,105.16476008819323,28.059239968590514,36.445910944195276,44.01457424819368,19.96432427269837
18.803708025732636,60.827988637951336,6.606363060595893,104.61291488634119,51.29499528180744,50.70582669675764,32.37981388212278,16.47421163071322
25.299663151331643,90.73062386548276,6.20183765545404,126.15533709622272,39.13538654324179,38.31783227896742,24.21095202951536,19.056784506803563
26.38688468979096,35.61761594700251,6.76431740766728,101.47892275651476,64.94871942911934,42.72816732277841,29.726612162756293,17.03651955746762
31.803292979193255,51.64831840734951,6.7732948628443195,114.40687785717108,25.90818678697813,50.86768964537195,25.51552754650711,18.98861036018564
18.45589800440444,60.489582550363075,7.078759802904979,121.47593888713442,58.47882584386981,48.9232965339717,29.260635361379304,17.881544562112172
10.0,77.06071646443371,6.983073506204648,84.86904398858181,29.356681693935105,35.59941226960078,35.95094975226369,16.311858528848088
25.919247723768475,65.99204058903278,6.745637010363142,108.97550382441395,44.71842508783357,38.696064477961635,27.351216080743686,18.079722252567457
34.00255590755427,64.65709131271127,5.9362045243956185,92.47637178368105,34.03433353643054,49.04763901729014,31.759931791400838,16.8745343805623
31.19473176469719,43.091043111687796,7.7242934940870285,96.01954660840313,78.53644820706796,49.39469487283899,31.891963981186045,18.955771278721187
26.048297076373128,42.64587904155793,5.798191894464095,90.33815810565005,29.907617555449463,39.11949874685059,27.390834821618053,14.523119127959168
22.541819071839765,64.83756990434857,6.974631587141155,114.13241212290659,48.16910456946465,39.46454347707573,24.112592082639555,17.588302768501208
29.035612983186553,39.538410092724625,6.715641908443149,102.4493412705476,24.09745777969772,42.676836945338515,25.798533147164314,17.260098513328543
20.132269001477656,52.02183374566007,5.912928813759443,111.83632102950023,73.99355183105885,53.66900690017293,35.59348201228062,15.29957575021063
27.381788846781095,67.51375993628787,6.437849530560751,99.47447911312754,56.019236242658074,50.67566120657956,36.25933363980361,17.63866542906299
27.527350795833133,45.26513591584836,6.46062355687768,51.876369625890256,52.054596343980016,46.93386703799018,20.897645349852233,15.258784777075999
30.3010495374944,84.08033943542709,7.1527913579052615,100.94105248299125,72.11469408937589,29.213307239361082,27.912085324895934,19.829767542230755
38.79830019455539,78.35904516356835,6.143344549859894,101.9061386547045,52.211336621339186,37.25166593451743,23.976625047181322,18.37178018805424
26.962079835893835,36.4287000249255,6.369027496787823,107.27787811460381,53.293570342116155,37.77713326310097,36.39961943772913,16.691721633476465
22.455181871462507,46.01443135227019,5.331965197489368,82.18812418942774,51.97587932097728,54.18485032603473,26.230375681760794,13.664014142201902
24.87212843904003,25.71334133257575,7.367381396561789,64.13590850003465,58.45451488164679,37.61135608820362,47.60739054057095,16.099309090404766
16.15462047555441,48.261129561778,5.964765878489964,118.73819934682834,42.613379241181065,52.534428230776136,31.74317911917642,15.015957575590935
21.52643434455471,71.49582714858599,6.663455432119587,91.79180330397493,46.78569038955001,34.29301329468915,39.45597163378578,17.51686971975456
22.95358780943448,53.79157586587715,6.449296085139068,105.13732143054987,62.15501942686169,35.09116042339241,21.883113385573072,17.523293924966417
22.379558010327038,66.91195865423951,6.45099951660833,91.55619760335114,54.16059427336823,44.81454105813141,30.093777192686925,17.63436983093643
25.76177436016861,37.16498522577384,6.904930992435438,99.81814522679215,48.286341288468115,55.68146705571757,34.92938478696179,17.04183137553571
20.887900338088997,71.96962881872858,7.335631230151817,86.52143956192575,28.992164134539316,37.882228707321225,21.733598065425596,18.95297581814237
30.605153336622358,51.67336158107475,6.625746834970996,70.95749232538516,72.47075426804894,14.372321381388016,30.16274169448462,17.42274871156527
25.001035324590987,60.18254523424358,6.827539008815263,114.21194982305971,40.07818835073844,24.35816597661113,38.41487225760429,17.537843392860275
24.95349839430687,58.60688247910421,6.66444576836352,81.90639735321639,64.80855857628885,42.979615561644565,27.380399936612115,16.75820408021088
23.36052641743541,40.92677218661574,7.008765711965313,104.91854442684432,52.63630477532128,25.25203973218232,23.185979963418998,16.57640335519524
25.775953419294897,42.70373502390326,6.268541810256837,112.31380665706233,30.598242159051946,31.344371736035875,44.42367564378014,17.132480256868504
29.125491323338174,74.51691703505139,7.037695277208207,82.39561853190754,68.78413216295922,40.12341950638257,20.62603758682961,18.8165158018896
20.664348921445498,65.98488236252544,7.055249932823692,63.88343096881045,53.818109695993094,15.50632754253539,31.2471250270527,18.293257001330662
21.709417554623716,75.7507356233014,7.0412685043414545,172.78256841559158,70.03018035105563,36.202742106745454,24.333789293305546,19.946380332094414
23.481369856116675,64.86987353253778,6.169926066331762,84.16684372163722,47.26386948896122,28.35191442139731,22.505326089139583,15.830566022832267
18.270645382633926,62.14485952213825,6.415831182881405,118.70251475803475,60.560768449505815,25.008202820992494,35.933256661626075,17.38538914911965
20.903710701392512,34.1098407199985,6.619733494390218,158.1839064871037,23.562093329824794,31.978155607819396,28.3557127066997,17.26788494809397
22.618895632276704,55.944499548582456,5.814578977585497,123.6972324056168,42.49676204609364,29.307910749305687,33.247091723357585,16.06116263829389
29.371945903563635,59.58923519394384,7.297460104043007,90.98671573517345,30.905100016530927,44.69480217992303,11.958834230998445,19.07161834916981
26.312806645009626,89.29660797408862,6.493861733248912,97.98650837394666,44.378242249424126,51.96526786682884,34.02495825569648,18.767677556348733
25.967949556837723,70.30434948148016,6.641963943802361,75.02178340783455,57.077176092592175,36.35573148388937,24.235232705469333,18.35362131015881
29.25448981083986,83.04091772564293,6.211497780136399,126.45089280873226,40.93129868518781,34.03874220953164,14.96918439073385,18.841932767387924
24.313141058003016,68.96306558842092,5.836561220316488,116.98812124176065,62.957631404581726,35.85794998842101,45.07791643829741,16.700825568794126
26.952324249644448,49.33045159575781,6.197985057262614,84.56722545214771,37.15081034674983,28.918128920615374,34.80810821195702,16.066445148249255
24.48389123533752,61.75686324224777,6.609602093816794,68.73475578704667,63.27854920474968,27.112581043803218,31.818219301436784,17.716118746318692
26.326811746998143,63.543354693963494,6.836714406376847,60.362987870089256,69.64635748811054,23.544455471066627,39.995350797918924,17.952857221823027
22.08620671194209,45.912666453439776,6.58089577030136,129.59542011412603,65.20289202636478,26.704790416818266,31.980554251108288,16.212309466634657
12.805914208617855,54.23418935110618,6.673362008120975,103.61119386866682,44.837164222553405,56.319910071126294,23.61108791885115,16.227983065841563
24.32860418906848,56.91349509484242,6.331486812659311,106.44953608998253,18.118196030837858,33.09578964636542,28.600259116140982,17.116507821022715
32.1137406804997,84.08429748847678,6.748124283122714,75.31154122412929,58.732504951060214,10.583715282362371,24.573070294463584,18.76075418490353
29.63107701120796,28.788892119135326,7.241416433192954,56.09490690086781,48.12147927927044,34.12943061518993,25.997176857402327,16.63606890619903
29.826987422955852,78.08727631074065,6.852394721219493,128.87840724134898,35.3241058980897,24.095854632391784,19.93837067312607,19.74109142167014
31.18065360903109,45.94807147560926,6.90477094412647,101.26117110991692,41.655814026943844,40.59484939997163,22.239835393597446,16.921288114604945
25.44328795480719,39.41881219095579,6.647008199653316,127.2170398017286,71.51637974667203,39.51646344762995,37.156684261349405,17.437115072635383
25.98657853702798,77.69913195057696,5.748422465200199,88.42200620453308,32.939896990847686,40.558856376920545,32.65660351042598,16.178380436522566
21.91174052282825,70.97847103851572,5.977666734684378,92.89546470889425,57.024637634318175,39.59273921254815,25.97589557974793,16.385927426676666
23.41963571986475,78.81778053571784,6.727437900331922,121.39894529861897,53.26937263456106,36.27289695380251,21.77574508429492,18.868733089236542
28.07885574885571,72.01052921318364,6.494530474019957,121.97044238951574,44.63918503005152,25.441038784600135,26.756824169536536,18.955477353512336
31.019422185844082,90.89767502606102,6.719921443236414,123.92696868057863,59.6679903096957,39.25345928028576,16.52920157626345,20.0
24.302768621595003,68.38085755416728,7.338211708922037,91.14396240691912,74.48367888348298,50.18924589135694,31.01304479539482,19.851725368125308
22.749053675742942,57.652839358152626,6.863017999614667,118.43641712952603,45.56042744170703,58.13673083795204,37.563771855940516,18.693748330281075
25.002639794282988,65.14389565982013,7.129443102871411,133.27298396430157,46.35228577884348,37.62008672693994,48.935781280472185,20.0
28.006033744645574,78.65203692518945,6.547340694735365,96.85683964955398,59.330973574853,38.703900547163144,21.173930219487055,19.671839547513216
17.78072591933229,48.30937012109825,6.09639216125778,84.5953490867784,63.773642321525024,45.004271790888936,37.23041956760487,15.880350316903128
13.51909523431381,50.22167126202929,6.471066920392829,140.28242809950297,48.08439189277047,54.93241559472104,24.342308434416992,15.510371691429995
22.247315752542082,55.36559978103139,6.097624093140431,80.36662799346078,45.41939395859527,35.13703389495453,20.9723496795919,15.759271717145332
18.896437870429207,28.431258018520015,7.279147478386224,118.8842949134343,16.735302189203594,46.92651316950338,20.968814969152184,16.139953893400723
22.459299011763445,62.071176126263204,6.895195538267735,98.24733068440416,38.3298663145017,31.771807344756116,31.125885811415735,19.491256793915777
24.26109840591264,31.708069440734615,6.76025624831414,44.7530315054632,32.910324918986746,43.29848990265503,22.553651010453844,15.572381986904622
22.733757954884933,60.79588969398929,7.117971601114052,133.8578220243574,60.26937494467837,49.70604176618371,25.14523382965212,19.94328253908002
32.26233767235372,72.97934634202875,5.4899717927383875,17.264391113578963,46.341455770987366,27.091393934522035,26.476789354101903,14.511043455591517
26.6337238230116,52.846853090342464,6.79406897567133,40.476157997271734,45.75467591691608,34.74855277981782,24.080257280808716,15.25450462975062
26.502371798054142,85.15673805280306,5.844677107847813,115.81990238442015,49.864156045655285,49.547830966950016,23.499323578406834,17.407650666452273
28.11103572021701,38.092486508722686,6.4963721507671695,115.81213596034345,36.947352948119004,46.16161230514795,10.566721899852197,16.517447412980456
19.305834411096154,77.86891022447749,6.3441462037663925,80.87260426367394,73.29870780033131,50.35946140314855,30.695626320894952,17.150502818327716
30.195558937101342,70.12705584610381,6.830868306048474,104.43466270909735,69.47290867544916,48.484396464540666,30.541371916467615,19.598696532085008
24.6211785673227,34.25950127533967,6.614093644480477,24.05709862665987,74.27160174571532,36.58896472083294,23.621241202115904,15.354574206631955
28.352403086206063,100.0,7.172558586805894,121.20926393411798,60.25125846858337,61.99190148394691,32.88307416310697,20.0
19.64071383479922,59.04382071744051,6.199051419533693,107.49176461160792,49.55782827467094,41.36909990753395,41.17526025652549,16.271991586623233
17.231206169919677,46.837739667665524,6.854557194816642,98.63071439998613,74.22093954510328,9.442910508557993,30.18863866267427,16.126753721095813
29.089448290125144,38.893692078239745,6.581111608449416,100.62524446413316,39.785497461305305,37.176536276227004,40.642062233249824,17.604799866398153
26.882047630487584,56.69972958510489,5.682354864964224,114.79762528579096,36.93186531450481,35.308287430006715,47.90505536341696,16.089920284409732
20.48974222821245,58.0888969141506,6.0406917707384835,99.13295429506417,40.977327278452115,47.95249167367278,50.24419751296219,15.85924796121766
20.651684593626527,61.53968292809496,6.425060983238915,43.7783349180634,57.843069003714476,35.488146848018694,20.494111307919994,15.91811723511169
30.627173922073847,55.5330576566406,7.056146224945864,165.88996703567568,38.56842209918491,50.98969995819137,20.535495948650638,19.111234503595206
19.05294053566336,69.49837965172641,6.731861528778557,136.02402458285354,47.66940517673002,45.58099372406708,26.44456002619431,18.756101931296143
33.21336476627982,54.1855525100513,5.916249588059642,61.451660141355156,25.972170591728354,29.9990953852994,31.029721610078724,15.101559212961117
20.496896326760655,30.975538241392936,6.42984188597642,89.64588308570228,57.21646498142366,38.59626664388575,42.69321599874864,14.915121194337175
28.191959628041914,57.759577565255384,7.508903224396516,92.91897429531878,27.24344949225336,32.24466555724599,35.01792976872764,19.450561605589037
23.356907621255075,24.487835199400827,6.555611667420429,132.3654869952689,36.01758417701957,41.8475864685367,20.37370296262,16.320881137847152
28.015937155411716,65.30655946337085,6.336337212463802,35.22193194040697,68.25750702344966,32.18509132764879,25.106740732205374,16.1824068358881
22.279429989429037,45.31049654576047,6.74586982037811,85.02975206710633,67.70477475479166,40.744352305090615,29.663998336275885,16.549183707286264
24.18603546963853,62.45040532373701,6.881696539790985,47.18090669987489,55.614696343197465,37.276942490095884,18.08672017483604,17.374279370229896
25.204595876978605,79.71112472286906,6.271915826259971,91.44713452514985,54.134953726028456,38.477767453201764,30.109347660327316,18.07332927267545
19.989062721092637,45.76876957098,6.751287387185719,85.82497320745287,42.035605292686114,60.50940379798099,20.492515271526038,16.491924044610254
28.704121727100627,75.91884387768177,6.335555251664595,102.39082202148137,38.40644504386698,36.39514773292795,16.794230931541023,17.5334665720072
22.433932167642073,53.4991564997077,6.859663800914719,81.85376802972449,44.566374533639305,20.655669123828098,22.424117764243086,16.413760474069257
23.857000423299908,86.29792203098378,6.584846578985642,77.46929825828427,27.295187383065233,50.15826144734348,33.28816843913869,17.97636189728834
20.028253126957438,54.5227108020268,6.740983913526446,118.58970075289443,53.78672832430495,50.07955901802008,33.232925687892156,17.536849023256906
12.188331706023448,47.39260521739963,6.120408226916248,113.64018222827741,50.732466872126146,20.21059826203174,30.773231333499517,14.051985626854671
24.044861186999157,70.30857675592932,6.08935680796357,116.54195028334726,35.998680999346,32.991003787919325,37.93290928432702,17.140168093173877
37.063077108064576,53.46315405564546,6.972748652329697,94.69299728527471,73.53022878262037,44.358105568465234,37.08466587370748,18.686672065582442
28.923021439490118,47.37825728806487,6.4603018093072535,82.8478425332443,59.10370565430572,45.24203261217067,31.63505073656222,17.903292453694124
24.903698101328025,52.832402239443134,6.6425173710496805,96.43442553937687,60.377627060132845,39.95276236547281,30.531054800205638,17.916095415741633
23.68554585395866,59.33090201725498,6.34680228645674,115.03486210205357,42.68990110941252,40.178253789332786,31.036373641760775,17.886999578455878
25.11232946406023,80.1327019686728,6.949363387006822,34.69660897084455,49.980048829605145,30.614121269168155,28.818838560503345,18.191668071508836
27.73559557587605,30.988683818106345,6.1960950099851715,111.82335791112574,59.41059005281133,16.001512865443132,12.605258186978592,15.721403045709621
19.095935923455777,60.34620988425631,6.432199380049559,109.27414562004394,52.291735506503535,60.495073181835366,39.083878758558555,17.328464034409144
30.571608473344362,69.37355391981065,6.892996406351566,101.8645271825718,74.02851177154807,30.31332722293286,33.180182655149416,19.438914096603977
28.57690657720622,62.90172862487694,7.086483849582133,95.52059734384974,46.943186458748734,41.76505690064482,20.26938043338351,19.24262221885171
28.59092862853967,79.64797754150301,6.238120354486658,23.01641842202759,42.43159201645834,38.41152004340664,41.422532954179495,16.20727005294489
27.192378694048635,58.88482005362214,7.479841990977942,86.80440210698782,59.51379314707139,48.97197552273546,25.280161054297835,19.428805150126983
25.09808328846995,57.23172836721083,6.656620846846808,153.6831613323212,31.030290915702324,41.148972134821584,29.13784797873102,18.69699772584423
28.3643061798341,68.88494320520014,5.978535869095631,100.38703886704917,63.86445398462168,41.53440953092,38.18860476454603,16.394323233660966
27.95907066870689,61.48970722427025,6.684526024294984,90.78130483975846,30.489322991120257,13.656817519910707,31.76111486711671,17.637392973297715
23.22979644529488,54.14386892579294,6.308500392758271,100.50718586770338,59.57876999087825,31.666609274577468,40.68300673532719,16.08607336666402
22.131991135515495,67.74216059379569,6.717034243591589,110.64318605884026,40.27589668741006,47.44633046598997,27.183188007657684,17.928199420801082
25.509281476309933,50.21207560175033,6.4785718761698305,119.76460734068392,57.148762204750895,46.54668225071929,43.529385690242684,17.58744744964429
32.74510075747594,50.8323427197101,6.537136845095072,93.13359510526175,63.610144190915264,30.483471763827882,23.777576801339823,16.758723411812692
18.804464621730496,52.08008967351579,6.044203311706927,112.74758807181051,52.30131793255878,24.21971417278878,40.54097863447694,15.473055349825243
17.6623736712378,80.29603740249611,6.99503061535818,150.29952408284078,32.005685725389796,41.2657930672293,11.87912624880482,19.21170395155356
25.823804206182583,20.0,5.921936316424484,130.18752398298145,36.54837133239272,10.93225951204185,21.1984635893268,14.81786694743121
25.25443850928009,65.93398252144414,5.945617552297502,170.20900647570937,39.07011288449326,28.513257476622375,32.383729107914554,17.5744342411827
25.86670832185204,60.51407721300333,6.683680174573744,80.29688924944851,21.57489659603339,57.6016107515531,26.79643659085514,17.628032465720157
26.219765989542502,34.786943111428194,7.301422123588985,150.28568522506046,66.91216788097893,54.45067328873768,29.402011040779495,18.954235943113833
23.883988726825976,64.64590168704004,6.3237034514677966,76.27979080232215,51.65161378634493,44.872493587651455,30.33320736128569,16.67970077614077
32.44931719301041,67.13627987747299,6.8504861613519825,110.60698440221391,32.967229322165075,43.07336314481256,20.472779134983565,18.20345698883742
16.99548010761742,68.844588470361,7.036670088431773,121.97429587714298,71.83512286187536,20.49829215475601,21.072563081019464,18.16313125514644
20.85751487609877,20.222579054325767,6.907342218647035,84.67668424286583,39.48007849792755,32.593327633508835,31.856976390467366,15.688608997890645
24.483726199254765,80.49584117781657,6.344395855413159,102.63892832422827,53.75858733612307,37.04831402034224,24.669336385425762,17.765853238233433
16.784055944229166,48.933949429727384,5.954476641402962,127.31383307355523,37.62094182205697,32.80586250498811,40.72827087168935,14.8930439261408
24.120727977839643,70.29851620129764,5.3962262171643225,78.69187305064276,19.72609770006458,36.49756665092136,28.464422756537722,14.349579718986616
33.30735082864009,71.11610671023429,6.368579750268803,150.08150378642944,29.53339161723109,52.99224424346294,35.75000994485465,19.82686068889377
25.10443244147981,46.8495437157106,7.089043684281087,58.46210125817953,43.27264353700353,34.581769387286776,33.54281335445686,16.988021169932598
26.153504528593416,69.90689928527325,5.937917007619033,158.19074328185152,63.47445306809071,36.59060819443234,25.19071154261851,18.256370647343573
18.699176174137097,54.21760138631463,6.850104923759383,130.03978404398777,55.197997202288676,47.395312866837514,14.157369704381022,17.71440650756627
21.918192959802614,28.929342309927634,6.024923734974064,97.30823271016664,52.10307689256868,25.805242813971965,39.479530940968374,14.204290072951068
23.124018098380315,77.51612888291669,6.553036288193419,87.91995366289805,19.849585658826772,31.597954211611533,22.16872738642286,17.091759016077713
23.41142451621883,48.3743255547564,6.853895807077509,84.78915211626929,69.05129221520143,32.62277412243157,26.769935556170044,17.096248696823107
31.408218975018844,47.18259805892919,6.170252281580786,95.92613079228956,53.35519544743334,40.55592146551747,28.79326046746741,16.77904297209186
27.78845530362562,53.95401197944917,6.585242340348457,98.54512415353521,48.2087349516176,36.550379325063346,29.591907455170553,17.63251161394946
19.44271021531484,64.08355087991082,6.292454331637336,137.65678739903746,66.98634664983344,36.866590906528664,37.69566930031215,18.27730421272182
26.232523892160025,59.140943837668466,6.852574329469088,159.05962301153752,68.7124508535241,33.35146012897505,30.046592463386215,20.0
27.491108742483927,68.22100387060756,6.617658584242319,105.98139761962024,67.31885371413787,29.291697397852452,28.981167277925355,19.208446601368728
30.700745192606334,39.90765950207012,6.528253837214634,74.63114536031787,46.293702549450686,46.091429242105775,38.14764765236011,15.55014770893769
32.90270343284187,48.86420444353898,7.279174980070989,83.62821878091418,34.947851588237064,36.62195881037746,34.80521897509428,19.027965793753424
19.924529040860655,58.26004391517699,6.831153071184151,94.50727646166146,64.83384375713109,46.19018980147373,24.115436432154763,17.63849688129416
20.94571244394831,88.46830938988059,6.154824066936856,69.09633684109673,29.524183353943744,28.883726695188525,20.822756980169338,16.96045775086879
18.71211070542692,58.29281192379363,6.457068049601119,64.63175793677864,79.20885107996423,33.347578422503574,23.410401798400645,16.484643566430897
23.829900704465093,76.27833395492448,6.46205060746017,162.91381637119082,50.41999317791844,37.78816972153234,29.606241998494284,19.412490063726555
27.331791872231673,60.578327531764764,6.540159786312605,109.07840577838762,34.08673616450624,38.7213296318379,20.031569798636625,17.28903881431397
29.93667258294551,52.74512043843647,7.762254638303747,75.0060059895896,31.521971687650844,47.5436872593221,30.726024377299748,19.40504613762103
24.620244881787386,56.299133638283394,6.685425946355498,124.49810711073138,30.835927639159106,35.694907104076414,28.966413521677268,17.54591212945737
23.40076238372578,57.473704319566785,5.482048714947612,64.64961625579464,52.10544360081265,47.467422428108755,9.659847741515502,13.491120204481136
25.758789961243703,69.05468608441107,6.228600514141517,67.11963856386839,49.904115199103195,43.749440085596945,18.75059850986164,16.70163753631017
20.824285491849885,80.61916901364832,5.533813956252096,75.90872796807265,31.461167397362104,38.931473899170506,6.9139980505267715,14.690743213843252
35.44769360847387,65.39521271529482,6.3351008714770805,149.635398425951,44.65316320166147,30.487012035034798,27.248775511645526,18.80762138514803
16.961694864409708,77.80616518112633,5.5063448851367855,92.41359802664878,29.480969208629865,47.5687526546332,38.592109162768004,14.545046110019674
25.923702894478623,45.52815393555472,6.064204764465786,26.748790392925397,58.83952708916259,30.736625326863493,14.874736356575966,15.076638533899938
35.118031096148194,53.780542367789536,5.73963923518294,136.3019779952678,49.1811010083093,39.78719619842721,19.421705441653085,16.82165404442757
25.033999222799988,49.135461986885,6.692080088983738,90.80855907512928,44.323962411238284,39.4605955706392,28.690097061814548,16.694448796627942
24.049804824992528,64.71666886312279,6.500269681314439,44.51775982364783,30.67833904898709,37.929048573827174,21.48997576917258,15.960465719885391
23.212772885947864,54.615624222308796,6.651481153749366,90.4994953610977,45.49766599665852,36.10680277014686,21.450617863465666,16.86676999383062
24.09804159118796,70.94659405551293,6.447724305715737,115.6301168981471,43.7790817798051,31.779233050383286,34.33275284938527,17.894897202489837
31.864242373382652,46.034974325513375,5.802851124897791,112.12147499598908,54.76590051814395,23.830635626299216,26.040836443416634,15.516504784753236
13.940690443352466,60.64546459981922,6.756760684627368,153.95244937494456,52.50526967175441,54.038047328403515,18.106200900816148,16.97950113262976
32.66716850648163,70.30286866518384,7.461112280134726,74.41696412290209,61.88090153119013,35.082765357427505,13.298272879543195,19.617957456590013
17.880214237749275,29.020458374390845,6.704606289303273,101.40160360794917,42.731351847424065,38.7188790488253,47.66726216050985,15.226936748442666
23.666738353827927,91.82446960995306,6.287037700341217,79.01292164264734,22.093827467052584,38.65772616066059,39.026472436501365,17.407413914729197
22.853777898506692,55.752721726801866,5.785966411947277,53.734213174383314,64.8663931489706,50.95604337228748,26.386933231503868,14.974574263511013
27.9427663488536,29.624401294857407,6.045966514620018,126.56582116917865,35.95951230427729,59.3319422151764,30.702864093311497,16.282713445456707
17.009378240581263,62.37140847865179,6.72651982828603,113.8980870744256,33.396244204771165,41.598474195886865,26.091751503224096,16.963191241860027
27.310863330409713,60.501652019597266,7.036559013399687,108.51035349096558,49.35325182329372,38.42997331543082,34.08365384633001,19.767839499428288
35.12154811643426,58.771584306412606,6.630433087360988,112.80370579775933,54.53405769431775,28.76542992840588,23.166285058256953,19.5035258921696
18.184129977035948,74.8678666939,6.899943644852992,79.4358144193474,42.03745391427976,25.564115505872355,25.654614268185412,17.690885872335766
25.94853083805198,71.21167457140584,6.853839122013621,69.8291473804542,41.919609777978096,22.26025070355899,33.64320672155597,17.768207666950428
21.690089111016956,64.46814286535768,6.753267195692959,101.12942116508081,44.13460523351667,32.04155040476532,41.63087283557126,17.939081880134037
27.129436030965177,66.75233450919971,6.170763202369372,134.83634207234843,71.24810526489715,19.09145202686885,35.93132075729684,17.482773295315823
25.09573888707876,58.4346232584287,6.586961755987576,148.24231406360641,49.959828686628015,50.78829953740112,39.87131102072742,18.33715387526314
21.79256545477845,86.63236273860072,6.075811098058931,123.86298120422299,35.480557408073054,44.230962439934245,27.50066129991057,17.09162414431499
27.43936142435537,37.8120597246335,6.508714476479051,100.87523280304288,35.63324964645549,37.4835948531522,25.01591674098445,16.181697883293126
34.021740548933714,62.09477511323845,6.665431765533456,108.09351788199808,46.23673730626446,51.0938398076079,14.492950887344609,18.00851425255687
24.045481041363505,60.975369467831705,7.339391903693428,100.34781577976115,53.56786901042011,29.288439225967252,30.57758685873027,19.075691166920365
28.59878971074091,72.1992060909689,5.8451340128161835,69.22169980901715,57.25970242949286,31.80018944635445,33.03237625085153,15.946541667157032
18.53363521064418,47.34219183862651,6.740753815495653,100.73942134631629,51.86237905770823,20.66206719698255,27.599956834182354,16.48027349560652
20.217818115909957,33.844910964051955,7.240618295811798,59.9551954723452,37.37189973624367,47.74353695020212,23.78638939120212,16.3498033471381
27.36203138940189,62.3523452414729,6.879423882919398,96.27768321690881,43.64088050658826,31.896587136907264,39.94722751874505,18.979126648086332
32.420580142679825,64.21845738327906,6.916472721412521,149.08315331788958,61.008618227969365,40.15695613275824,35.05443421757323,19.915755224544352
26.7780667439283,82.34399114171474,6.793847450933906,124.68577668350055,32.80862059320357,50.02576400574677,40.50260360415209,20.0
23.434709847384227,40.94456930512371,7.149167244887709,72.30642447290411,43.013699103838064,53.708507554994206,22.371367239870366,17.162532360070607
24.99645702711677,77.3204065007508,5.956260915943816,97.8271279107315,58.96194286822029,39.70853648509429,24.334126987615814,17.831325378555384
18.747961330151412,95.51121546040682,5.807036667014877,74.96871064735787,63.129221399527644,43.842374362713564,39.625417946012774,16.98788751182951
28.022576631776833,54.333526687162845,6.496832929767372,98.12458695468369,47.10626943362926,30.961497539563396,29.621223361953675,18.009863014457547
29.411665311617046,40.635866707601636,5.419418948214145,131.2332344957369,43.83189784143776,56.833733430075334,25.447167106571563,14.056887213144558
22.7395483358346,53.89538450439943,7.115322902089005,119.59023814929711,30.1682308783439,38.338494397006336,26.003879809897285,17.85926642718669
22.649789261202493,60.21007451057071,7.11035759774772,174.5243224223601,57.88459884090642,40.80284951868121,29.91135579092557,20.0
26.329391148260243,68.45681812510372,6.283324722457737,135.77432207522713,69.78169527720185,35.93146927736774,38.02361452668328,18.843206052054878
22.816401319797023,51.12907905242929,6.314614701669745,106.12001143233074,88.47731087899537,51.99248998413756,28.71589718326729,17.034454067874254
24.669336926870887,83.32797801221012,6.463826262424664,120.3144992239988,55.796692752770696,41.995939230831894,36.32426264142222,18.88859683400529
35.49860894583258,43.28201527487907,6.52601032521981,93.92670477449992,49.236805225340284,47.609345774136244,33.73902221476838,17.624573080143303
23.76487149627002,33.911922717408,6.563586959597143,66.17487258740512,36.20284080273639,43.53958139978882,22.97328767855221,14.435607418319204
23.20829923989389,76.60065636430976,6.779116053439152,139.17329734862562,21.81714629385276,37.79590616783995,22.966965056103014,19.544617894896952
21.762290971824203,25.880684531907004,6.413686823495761,130.26974430794945,52.6543887460975,49.29468561299592,26.397867264548175,16.043717288887585
28.720959857499682,56.93805346690926,6.971596651738897,92.76837356218107,85.25508680231454,43.45316194575381,19.305298762701852,18.476319244043616
24.093879133909486,100.0,6.7229738885626515,108.21807210794015,69.06218344485369,30.390209391527662,25.886889153604855,20.0
21.75313480839287,59.81934670560103,6.196518277063682,137.22817562154418,66.74846403670698,30.107886161906197,42.107467333851076,17.19119593424987
31.60652016136506,43.18848523955626,7.1675563339020485,125.3905427861806,53.68404225586873,41.488267290316344,29.748877313381037,18.83693037835473
32.098015022568184,59.13903804319809,5.820871506938756,56.10696246250904,55.39284740420483,49.074579023876275,23.868378671300373,15.589012083389713
21.997882171306475,59.237988170707,6.453917094589261,107.30860064469472,13.643790225830339,56.394205485064035,45.325957214563815,17.468843158539563
15.66730024319692,62.40974910529675,6.983458700537734,94.97105423534907,61.43765871145995,22.22786542419197,22.555061442190368,17.0302148432101
30.03756844918461,69.9339447323943,6.138463447543928,133.39002097416042,41.30989145636276,40.25659849098721,22.304936265556897,17.225571332571874
21.57685087119998,44.41333247448391,6.654777823383576,130.93128216347984,39.47408980106169,44.89647662174996,39.835885454453596,16.582803354034013
28.953127995813844,85.3132208285519,6.7716697984995236,139.55823484534136,45.15114570427089,42.95669134994763,35.29054447680256,19.895887781776764
15.149480911440822,63.67671426558927,6.06973806600938,66.46316983839377,44.64493265823478,50.093271050337094,28.95952917978891,14.910249052093116
29.462986691496546,70.90191069602706,6.463761140202982,76.47665397831284,39.235466120425066,46.555339764915026,36.655271199913294,18.167812311015506
18.944140353596094,50.57775900366536,6.421748084895395,133.42247308406317,50.208081082639644,30.1449981641966,32.40480000983334,17.549552140516077
28.653820595332622,79.295732054933,6.224131074083854,82.25062553972663,41.6258360568792,29.85208311309269,20.510460674089394,17.128755753971088
25.071365339182172,56.14421386780403,7.6508374260253875,54.35701057257078,51.50484433634219,43.124548561517244,10.819322343885553,18.695940460823984
20.230302903016774,64.16328770240298,6.118446823277262,115.97789462842196,27.692332781749506,49.90505424422525,25.461238786341678,15.5354454809294
22.964818435366098,46.00340884219336,7.002465147033941,83.58344679202082,46.78913344051974,41.434175529526954,38.679398687186236,17.210815145439486
28.431592284783505,45.0460256039681,6.303599491559429,153.693723109252,33.555566154706234,24.220669304317223,26.572239293227078,17.53159349715658
25.52947226557617,70.32307959679324,5.956681905557359,108.8855366196539,40.378260222532006,29.52828584683727,33.68077758679395,16.99944124654299
27.922064902362422,53.34589754688921,6.551407121577534,104.80777859924997,52.15098264550296,46.91515855865331,31.47588358756054,17.60770059127908
34.88220292257743,47.192653687434344,6.82454669219375,88.92268325152729,25.940035778675632,36.513549090828676,16.451997643084805,17.500188708166256
17.178791941444743,50.352249869594544,6.96025478753284,147.72506001780914,37.66388934091794,41.17957303203288,26.748834450349467,17.003297761510172
33.08606287484312,70.48429607576132,7.281132555327535,110.75663379669462,58.53446577254501,50.65418039151758,32.87103464357263,20.0
25.521779687616064,50.56443208194584,7.9726231449675495,87.74501445531381,28.802332372012984,27.977909523800445,23.702829955965065,18.506087203605855
20.50607975838436,58.23517602596754,6.625257101877798,76.17748880183659,76.66800710418211,35.85757344098046,27.099694743776386,17.069480476365158
18.348431871305053,60.22541625430645,6.168453913087306,97.79580836307346,68.0661193419597,34.77127186626056,33.133976736776894,15.917295361544044
24.054398046114834,31.239766709845515,6.726437163397446,70.67059488535583,42.582093733215814,43.55402536527867,30.581039993143836,15.653883233422315
29.608250559622295,37.93310391939723,6.366893524796755,130.8663232503683,38.19185468322405,47.728881782719924,38.37527792739772,17.407004434940212
24.362254398112327,65.04416833871343,6.962983064926115,45.749738379272976,53.02909855003223,25.19732543101218,33.069367305307836,18.162782499032456
32.55577465123674,48.944559582709545,5.851417851817139,95.81457915000787,28.288066144592605,39.9446364083373,22.353200012783866,14.923432156815085
17.744121549742207,75.85087366920628,7.684167271200218,118.30400635263803,19.967859127513506,48.693291040462114,26.17962628856371,18.4324801300979
24.939555260769726,74.50210656375816,6.928024047387757,110.26358260328972,43.109973139211505,21.452135485391647,30.162370273810218,19.118295634512137
18.738032777934404,70.78752999533155,5.657997991101918,78.48151080952994,47.98926850246713,39.35607558560393,40.70732061211233,14.659151117773243
26.81815941312484,87.29657680968896,6.1454855488425135,119.80776120119648,51.416408365302956,27.84215559216772,26.211794957741553,18.640099837408133
29.4344369504865,58.75366008385225,6.90804052205697,73.41881834842277,40.77889075823173,33.58433096450467,16.139449580815775,17.79644922899597
22.896191031594732,69.73322888855759,7.088172028085728,99.3284603050957,69.1092009421242,14.94965410518478,33.524535227929505,19.063306492211353
11.97893071686433,51.23398535105953,5.863881186384019,119.55524715941067,27.572905122741748,53.92734118755027,23.95521401324801,13.62009167435565
25.99474073398247,96.78554869303086,6.8565129252164745,113.8873833847934,32.92606797562852,36.44170872596487,19.71758944340025,19.54918656689949
27.183692758667547,89.7545047865403,5.526330063669039,79.74882965741597,57.29953934217217,31.928081359640856,30.15042410260671,16.00397343988669
27.021473774808488,60.17820651776688,6.455332067264477,135.9248354969309,32.57528921544288,43.2826704545715,37.78294113446643,18.186057629543367
31.17891095911077,65.79879344857788,7.056023421051603,102.60083714456601,31.99519321704025,29.576897673127508,25.40895568271185,18.341699080631976
19.644731601754756,80.38946399047208,6.2242421349485095,122.28986232817455,51.850321883107455,28.62755471118706,33.972591097461034,17.65302694605925
28.401080527252248,57.79290742778839,5.746538850430993,145.87303020019743,34.19716069525953,55.10329169813728,35.455309304339465,16.8992615315743
30.962537562389876,50.15063893800443,6.57310739818878,133.5256164632382,48.00373358118969,58.086630283267986,36.33437194933303,18.30375491048768
16.107062079967417,73.10984626510324,6.197640566682261,133.6038821899313,39.50215160513365,34.07936327717518,24.14182152305119,16.85356028404341
26.598259129594886,61.17658869125505,6.814779183032917,105.78039789548417,37.07504444940891,50.673547099161794,21.031343536532916,17.577009885972874
22.479100844961643,62.7449167446789,6.05733678389097,123.8180536273153,18.465419129825897,43.56040443988086,22.12197516033124,16.1007164800781
24.59238663449177,47.485929853980515,6.11368155517345,106.40789723692949,52.09344729232006,25.861687082896506,36.32779737697976,15.503445385033647
26.738382417691682,34.234917774549054,5.489498839561878,63.720265966647595,31.29215011830607,30.718681061502153,35.339145237366495,13.35005337113786
22.56385717943224,63.542136148186515,6.584972355525742,109.08231377515128,47.4763669470422,55.510997991969354,22.342795194397322,19.046469028746664
21.62145960419194,73.57443062241299,6.419547530861701,107.69082951215397,42.318426524771525,25.732049671758233,47.061152210749086,17.248870900613472
25.170762087440124,56.61289876385937,5.905807664629965,117.51188084565457,46.90237911950175,62.80999338074859,21.389088267302675,16.419344076806517
19.56377030568599,81.54644279338301,6.596899356883546,96.16009074359815,47.75486938980109,34.28637824088221,37.99571267760581,17.661918408135
19.570874355574073,49.44125511876683,7.0135351503220695,77.15633329708447,52.90442376377395,55.80814906293233,42.15732351364169,17.12863592269785
28.396866414782515,44.1794331755112,6.392216028290525,119.69518249525682,39.083610477628355,36.94436205357163,30.878060847946916,16.773957512103532
19.25602982420672,58.99154539205803,6.6340834749109865,60.60183138243256,68.64044718910053,47.99903591501151,23.842209251353353,16.608424489141562
28.33156250454606,58.76111136973064,6.636655624792582,143.76457407569407,22.28899908716635,53.95033140120689,24.01697578041323,19.069972118684568
27.312956464269757,71.54953097002834,5.89783508641052,93.05745816385023,46.60113322209156,53.8995381768101,27.903278397097008,16.29015203844841
16.370966356047017,48.37555763904023,7.528292910353798,107.36584516168504,62.54346464616301,34.15634469207029,38.646966224544265,17.654773060881244
21.612176738321725,80.52141355222346,6.264575084938858,116.75674459844716,57.151588295039055,31.426119001008736,20.40099349840122,17.05722826455535
30.97054701523686,89.50375443762381,6.828058100930136,117.72064134532573,35.377466352071046,39.187879902488646,15.289871740697796,20.0
20.09417234430159,59.41283959547487,6.884607638614525,57.73047100144795,37.87631760517964,26.995203789660216,32.89643992455443,16.360943869515303
22.677978688453063,78.74565630276477,6.430202436442124,124.72259741632791,34.89811161010094,42.39264175610558,34.652902010072644,18.36214625885353
27.31030446625948,44.1525439406211,6.803397512529817,109.0946148512882,58.98841445996584,31.792033477224848,45.74375557439414,17.63512543585194
28.91695254641298,76.12832311772874,6.622909610908194,80.94215846324174,38.90114407226737,50.827097735429156,18.941448197866155,18.223033927911004
23.74230556977752,75.70914612839194,5.791180121386297,77.50999147162258,53.826846321851754,34.29887583781861,28.921547104302093,15.926100016965133
22.01244902654179,72.95155920284817,6.333863649374956,89.97840753829463,53.96452121113933,22.5774103051998,39.294699456963826,17.338652023054465
32.11184930849254,59.76655366694559,6.193724548822969,61.037749401685254,85.52590202353058,54.00914776169296,30.966897340821852,17.19123595919602
33.6944983189879,20.0,6.2691274793269365,151.66802172961076,54.69876889702555,41.833680033318636,28.436486487507807,16.701549253740293
29.894290253908977,50.37409284521806,5.847998411081681,144.58453975430032,37.83283977874305,40.29134890420073,36.31924397543633,16.439537258361003
25.42659071282512,50.61125973473097,7.063216858373015,113.55100602927818,28.097746069004014,50.94394784946209,25.204888286347217,18.767769087135314
20.958671391795367,45.32617592909284,7.300996327306707,93.29804750973727,45.86220928043382,48.71576502298157,36.81128673563319,18.320184016206873
20.847777967217173,61.833645068205996,6.989001487999205,94.08676036187813,48.213712363590226,32.38146455989575,19.971494462477796,17.092034350712257
27.61257052632879,53.71554831718148,7.135264612073572,122.74197118521904,16.839507089141666,35.502183939738394,17.844546373736826,18.63126914902422
27.09199110444342,47.63081985352467,6.327682581495922,152.73480698505853,39.2921875956048,28.87044749940662,27.811295848701356,17.350684489479658
32.007992964732146,44.11799777628271,6.181871582506981,82.8880978120977,54.46028814241329,25.355479448751847,9.493681704827466,16.440466745449573
28.252250462680696,49.26730521772157,6.110706476594144,66.47241872130027,42.01466494600738,45.78592534915389,30.677597093703227,15.735888033541412
17.48459849120091,76.82248817774892,6.822032461478611,146.42922320785814,64.52935678558755,43.921843100416815,16.13950925836231,19.019773411910062
30.259738088614593,50.08462418058759,6.613531526572075,46.385842372466456,26.6246533291922,47.60829211522517,32.259364164531014,16.69132617787986
20.009696863427937,52.275919403500914,6.461389144200787,69.74407575242061,60.15324230229825,52.816054414959424,31.483675504935565,15.945506299332775
23.08014364023824,53.149535774651305,7.147574272097671,92.59426322467442,63.708346122889296,47.74474794925673,29.456300910681463,18.98497248426709
26.251001031258472,65.0849027071413,6.702470676907671,53.186995965849086,64.34744713762305,48.63459476305258,33.49126934030474,17.871850936077017
34.978337448919824,66.843742327928,6.080671181239707,133.36447188419794,26.51215423018432,19.220387418278627,31.633579748912698,18.164195303824332
40.549592780026806,20.0,6.159545585432152,125.707158115153,54.71829193786076,36.93014758075006,27.655995173349826,15.56577640191816
28.033615295680914,75.32452820741412,6.840996649627073,82.75620318354049,39.96868822217728,49.64576494669987,44.648055843817055,18.86050881663925
24.08401690639806,81.54552051365631,7.020866426327299,138.38842357533244,28.907863370256482,28.317912637947835,33.14648554841954,20.0
27.672528242402752,44.24720193957496,6.775840116127985,143.4787728521148,43.79198412539437,40.91671382837764,36.17526469848702,18.710667126812286
29.43827712936918,45.41552632897748,7.448444373936041,96.6048805512981,36.42533012148786,45.19464440613506,38.58463795178074,17.880114172541784
23.396661872214043,53.24619918332593,7.31750358286571,86.47995467295978,63.811257022458044,44.428534938384864,35.34519503233672,18.342513078830642
33.97605677956161,48.65993970815093,6.720517917425381,167.78806083227434,57.69595014520354,43.687963079583,46.502663351398446,19.68350908414564
26.15035379595701,63.3589031091991,6.080709670259249,121.63485466252465,32.713332978366985,45.989127190455754,31.32805507856957,17.161092773820958
27.48871544545697,30.802120704617035,5.845006244134116,107.6897395890656,39.13668029253606,41.807438949282194,29.94430923331151,15.035934448298569
28.329621260272308,43.231085879448905,6.306309127492643,140.90637839918838,44.289538615750644,25.370717926089867,24.803423297547077,17.12769483522141
27.10793305307228,83.08795800262361,6.876606723208078,109.05791905009065,48.91392279023154,45.06955535403493,27.949808507520146,18.662638164094886
29.19470250234806,46.07670048977973,7.413323539655969,84.83138242242434,65.0956741220567,42.84746560553744,24.1502034475907,17.78625910755115
21.913734067265384,78.65142417154388,6.7087235172054,102.4047928146266,60.361734897209494,25.502515491445465,35.41769530401231,19.043302763154998
22.208491230269846,65.33007293385205,7.084361397115618,131.15962861959204,50.7708795346226,53.79735211086571,22.701470021450895,19.106565950416776
19.499228835141526,32.86098428117612,6.377346256906099,40.23443300952359,46.090267251576165,45.3383769974804,30.59033735918502,14.15562251109517
27.19750615310113,69.5299379282431,6.811384562613775,91.35907781682337,23.39968948088792,26.196516790225417,34.476375474419,18.240088392492243
28.89468251756057,58.2349904671072,6.911678414738586,141.49172195744816,69.37996439189085,31.827748360278495,31.202591092761768,19.049267659164936
27.288864330759427,53.16799415625389,5.5102028620737356,84.64394796719448,43.293551032015145,34.3594795825382,22.832680995440583,14.24168161284458
33.372462166737684,63.674356397580055,6.293280598811745,146.3832568129423,73.32260360639386,34.35236561199351,35.59155931204788,19.08251552851722
24.97201990585477,67.11950228350189,6.974850192138935,142.44231458079437,52.94163938197753,42.930501888184416,29.317282331712423,19.85978440594757
28.343708277962563,70.6138773296193,6.637234167818282,98.03412653533147,80.37926312932167,30.236482489417384,7.0183022684284,19.77035072974114
19.54149561930343,77.67379271322004,5.901742475924533,82.94382085332998,59.09482300049474,51.28136747121935,22.133186475332906,15.94782493128514
23.064501487627997,66.12203869167534,5.284938812136322,91.37923377551097,28.519705531686817,50.45803451367991,41.20905789122186,15.084239034618834
28.47768878782889,39.36548866820457,6.317109627348997,179.93843476004304,40.78376779608182,46.193173095995895,41.87457473211747,17.620770062493904
29.24551055371572,52.89531813523213,6.46420715355306,156.2327334079973,47.462975589920525,40.44241775393851,34.20888968052159,18.826022052876176
23.530165261679088,100.0,6.058038525085827,103.76172915420214,36.89325669337514,49.37447515151537,36.272551815666645,18.56883750327273
24.642003740709665,70.86736590572592,6.571542468513997,81.75539345138772,44.34408774226934,37.24052277195991,23.77364814993708,17.654343076708525
17.410631266595953,95.53930951217245,6.753193373616448,103.51123106743789,29.49591262126836,32.75511138616791,27.91884465008753,18.533869177163826
23.214853995966955,80.93151123298777,6.835343585363116,107.31480779850294,50.08581921648683,51.90109645619741,39.8829328036771,19.020859221333986
29.45191581759893,63.62703107333623,5.322040537533839,62.69923787171938,53.5611792351641,43.175427570190095,33.407321940496594,14.818071903574998
27.87602508053283,64.52110604671677,5.84285745109594,102.4012380764578,34.938358891908216,33.15942359418608,30.519587071096414,15.902389947922797
27.50332860690605,59.451299401847315,6.347688675822632,139.67212974435188,79.10381440222866,35.82257632958421,28.505531656855847,18.619339662768027
25.2488684359048,33.932930762302504,6.7860865655187315,46.019299563505804,50.95269891920688,32.63572016234732,39.39577600987766,16.083652302689703
25.03531579314088,60.270708787023366,6.744617006775018,124.79751895411745,37.748887008156316,60.22174858828605,38.97625722840117,19.339015624069923
21.698394302632764,78.16011828813296,6.735934973938338,141.2439391016434,25.556910500521735,40.04098437450524,35.19737400615009,19.610108970941397
28.494142101012674,51.00540007768195,6.3082910290155345,83.18327964716896,50.89914334095752,41.577713112536685,30.53020052866049,16.964144845448615
27.10486472194695,66.17929498592714,6.336183281345019,150.8252727457317,46.09267200779971,47.212190478619405,27.145948113865696,18.422665386810323
27.460094239963997,72.77386568839796,6.13583536578913,79.28988812654964,61.74561360929665,27.846390173929944,35.544109757477706,16.82635595423951
22.369825786662098,46.354793410312865,6.8840970640529235,113.23247985581212,47.84944602542048,50.96547266286223,21.184721240204155,17.00399496565337
14.233285400643778,53.23045703484503,6.0397556061302105,90.79681946009109,32.09421826596909,33.92153869212147,22.843441219307664,13.452017816868706
30.48576355876848,44.731327642842615,6.925018197594785,90.7901092851219,75.06077444266371,58.300162861151485,18.391269113720483,18.13505677518865
22.605812719957978,47.667515899658895,6.603926619068823,81.48102790725864,56.53437319260779,36.873412699854065,39.881838223945,16.217148527387533
20.686121179784397,40.68592074520408,6.477477760772423,120.95726442586059,46.18836932602462,50.376400147631855,24.23466700696524,17.070141434309456
28.467394559569968,46.4932730793296,6.171644800111767,125.46416373194347,52.46957797174608,15.03201882880913,33.232062294013005,16.461648774675787
23.03993680040435,81.29183521196758,5.822229069417936,98.06733401268434,57.11062934842487,28.248669239140295,28.995539834323782,16.7711929075584
30.29968192023311,46.26784456364561,6.176173621810977,59.20095358983178,28.567150791598472,37.06392841002374,53.18031192097548,15.476752299141458
28.08502974788349,61.89688828591035,6.334996565687557,112.09510499903169,52.36541329944215,19.69217001875109,33.535243632286694,16.94036584369682
28.41784661600239,52.45696869493566,5.3154878442093745,112.66043078232082,43.248147900591626,46.00884448841404,15.102873926037248,15.10167920866212
18.170221443997328,77.68298905555409,6.401322422332668,93.49854965840717,57.60949978444628,43.12958125436249,39.40348605277267,17.687838710198047
31.059719926932,79.66743444905424,6.962178684013002,156.01693861542427,38.89727113090583,30.091723501401226,26.902792291154526,20.0
26.30625265616928,72.9610497320842,6.7836089527169365,53.08212205298038,40.929472173543765,39.84041370135501,28.39257758440757,18.105924676470774
23.153614303768983,64.59201829654133,6.251897062129246,33.48148869239296,74.94306647846086,48.06477229923125,24.619901895919654,15.643998388482993
25.716942336711256,56.534106947386526,6.523468149207614,78.07495300906987,68.46368136323204,18.969504831300263,31.5649001491077,16.66612141112509
16.1188238355084,42.121879437131255,6.221917715289,121.31273602274348,0.5665823004903747,27.265109837653434,31.46010510139857,14.816636445066552
27.043264057403356,89.15293321683296,6.574380366667848,68.32466087698478,67.35142973696468,36.649117007766556,24.836182578810973,19.589232321276636
19.853142459089643,48.6049047337117,7.270053911872016,70.57087244421774,48.895219606133644,40.23723626632476,25.93484383610857,17.152130755722837
18.23664857078233,69.95469520549263,6.984249401312438,128.53064008534463,39.37726905651483,39.41388578398456,30.810289064706534,18.94574419972741
17.388204068910543,75.89348358935096,6.760397152846377,113.8764376839325,34.892378964385244,48.892947854357104,11.258148107919503,17.63942496322007
30.563441874949625,51.67079254642006,6.2535575438081406,111.311827288852,35.763235575800174,44.77211245655397,18.468020235970386,17.63472811511102
21.853683031536058,75.57018790973943,6.874969196472419,123.44286758396585,39.80096082862377,46.96634840571059,43.359936768784145,18.937614521902802
32.6686385495825,71.46319805008282,5.6565615243134735,87.24421140181347,33.09301124477235,26.10124267195635,32.62256755456193,16.123431729533884
22.32099268473851,85.91945753072648,6.3738232590045545,88.63047777825426,29.681005083910364,41.4482385479938,25.800728106073763,17.661698061784133
16.463210212035268,52.95980300359933,6.7918557099119745,124.29337817684275,34.39429773734134,36.928574907620565,16.431337347705316,17.196879877647284
19.417377800256705,40.71203974080428,6.870210607023876,59.65339657656401,54.85090782598531,54.62071881668768,29.549470680428183,16.38031722721453
31.179058100034695,52.417653668332335,6.834942245107871,35.718404608043606,50.751352228561956,41.743956373779,37.88153673424885,16.252014356622798
24.220509110316662,63.13280313801498,6.647415344604847,87.00147479116437,58.337846773277846,33.30946065283971,51.11364883719953,18.43433781637568
22.258563517546996,60.873190906275845,6.402137510458059,127.92619867197075,49.004452411849186,48.5250127595504,45.13645139996558,18.979130493151146
25.80009112926394,54.098431555881746,6.768987984913244,107.6667909696041,30.399810040328124,45.63297795864648,22.90449583897172,17.63404850051853
27.508913680837725,31.362038115341356,6.0235694797068495,125.71874512369047,57.41661385240409,31.783983273595204,26.033603748925678,15.694314080288486
30.5869940795123,67.0572449419366,6.077661368353375,39.51117068730503,34.92966081687628,36.51510297230825,18.228006158106624,16.537152897190268
32.24249614946463,89.585167186233,6.5308673382301485,109.46490424970476,59.69921452983401,36.68553540391639,23.266759467008388,19.805360611378152
23.20115677105457,66.96376857184505,6.586598821354373,119.61593513927134,32.51119995564559,52.274610922795375,28.297254695001985,18.201248815693155
18.36976156958981,69.1370327858027,5.587192410717677,59.476077321679455,39.68785060394712,42.03241873878442,27.062904026990847,14.92232658887789
22.93267419438362,68.58667959232653,6.727573190474759,125.86172771639635,44.57912539148128,47.26782478560172,46.436538452635446,18.121221989217858
26.30140253291443,65.955700048236,6.886364188959696,96.65443310482621,60.11607201585423,35.067282788699174,19.477144460190274,18.20537311498016
20.181205368946944,73.97498950302142,6.461357381266852,192.14010104818004,52.63995878191093,43.34800291139441,29.63924440649682,19.682523596813933
20.214245425524787,65.93060521778499,7.687233141641996,34.68291793309793,50.300019832263864,53.03360902929658,13.492321901626848,16.85782654603145
26.718939407749428,55.30984245520086,6.158532446842407,141.07343103024252,78.28503177582958,36.389232347493525,32.647126243901866,17.626319450208573
24.756738242147744,48.06016634986869,6.319456418306565,88.17525710421779,22.445252581622817,41.15154803837776,19.2663572745924,15.805723224081534
25.163984977057932,56.26539517078987,6.302466546936396,51.485448566798695,34.424335359491735,26.36693743762393,38.82101046706234,16.22757082396856
21.207523326499654,64.71194244675999,6.4619061943544915,84.19134569305024,33.78217282941513,32.34441910089972,27.67179285587767,17.03740019278195
23.847996428971165,55.2587555831554,6.3356375935168545,108.32437724012398,23.440215351165882,36.655571080021765,18.784125853736857,15.818621961586194
20.378834278658477,64.71508024697145,5.796594727697564,131.1240000869513,39.20720730670959,29.39160691048279,13.178385971536336,15.540459946863963
29.450992055623935,66.58725200550626,6.2267258518817625,151.65892864396525,60.31653745695059,53.219736775218465,22.17090009112263,18.525885151800033
30.176246673618763,72.49769146905273,6.451189652112962,142.65679266113028,41.12528902226373,31.61992979758487,31.915047125942706,19.0416050105549
15.769060688809532,79.2419245325847,7.114286041030999,71.03853937886517,45.004955420205356,47.867985921172455,33.372109177251694,17.120436656707675
20.35244569903795,61.17011127718286,7.6011216366864565,133.9049407679835,24.161677581795768,41.86836237531477,26.012496150613813,19.276045839514044
17.517353724549604,40.38335152278509,7.167736948925327,111.73854871362622,38.05211637259479,40.30851948510463,37.40637634746375,16.461806233482225
21.74988032796551,54.82343854771215,6.112310485163697,80.36190937213036,43.07451926618624,54.86163644965158,20.914056856839434,15.998293958026865
24.582810151048196,60.66093851109899,6.152095194686917,93.64268219567558,59.63600633820671,17.393997030724204,6.583521259931448,16.408773378389924
17.75177390150735,32.46346865734364,6.4203357112453245,78.70472021665829,24.876254031226683,38.03795103176895,32.26042920593999,13.85116616967045
20.390700934373434,80.82996780153724,7.392279444426793,101.11277025809368,43.17486881418293,29.19619663434558,40.32076650146707,20.0
19.980213139592507,62.135668687656995,6.417287973909053,78.11026353117639,66.30227045103335,20.385795908669625,40.39466938926195,17.149891354218962
26.03633664699472,65.72029251870427,5.836246254731285,69.16017780347683,43.32375071565104,28.052682662423084,19.601526075077324,15.676634492519167
25.34672168518125,80.48289693789398,6.249411431523482,114.37357383348316,18.266578788219817,40.172375350030705,25.642454501427533,17.906111667636655
21.391312233313734,50.5478575478648,6.878528000909709,118.86191644778911,69.18763666022288,32.746528707935546,35.79056012592406,17.334211618400126
25.88410436069699,68.61062896326045,6.844970138448043,94.37208999725165,61.023454138074996,48.96613589825149,24.983151136329834,19.29328190124152
22.266599577063673,58.352038153470964,6.399891666754172,141.02953911807916,63.040957626181864,37.8615415205867,30.84307888486795,18.29682790610027
23.641724448369732,57.238696994761206,6.841707336780015,92.18708240514661,23.84324529881909,36.75261645279057,24.268480833517742,17.00596015103974
33.36726045149268,48.41711418293431,5.363413898726584,90.91676364623385,72.68683588770821,36.79719049493908,21.28488994030901,14.164633951241921
31.70230525895174,84.98404820529791,6.551914617516349,119.81466947037092,38.400858723332036,39.01505593870461,22.82901078874594,19.810367950575344
18.502093815362013,54.367499398866435,6.930342710684315,96.0272324516999,42.35841583669654,35.81521465057247,37.64580154360985,16.42834651255596
29.148662089395874,70.49196370343553,6.083568362422732,102.5439318707843,39.45834251011995,31.48746302435837,30.11026211704699,17.03188127038024
29.05698277245796,31.874889187920953,6.081830731751856,24.38684588142805,64.20405772932811,49.89184883976036,40.17505310724446,13.80266430198121
19.25868355623691,77.6998279453468,5.566775923618263,100.50122154213925,47.303024712420566,33.75904949611054,34.16336555963536,14.831439435130257
29.093888218774303,75.78316733935588,7.294947797405347,45.184121875862196,57.226115488814386,36.16473383653814,42.85172185184754,18.580489472548166
32.68965959206277,61.46151165445954,6.139923011489216,63.37148287003388,51.138515343265524,44.29405080090311,36.54454554366989,17.11888564668466
19.38727596877793,56.595863007931136,6.620521638931056,59.94032383733485,48.57436994460619,43.18741246157253,36.07472664197363,15.264312631006026
20.412485894928682,66.00000008420349,6.801958520741687,68.72250539398522,35.79823904380706,31.0656193765395,29.036096810914543,17.19936104886825
30.08830733421751,94.33185991320434,7.256033974570727,83.53438421103242,77.18210880961648,47.549819441107466,54.0736526119732,20.0
26.35747655412824,33.551449516447725,6.423051113007182,85.40522153363544,28.049095572421564,45.376703398384045,30.901585759156276,16.22829030988883
27.757381376197618,71.73041081361191,6.23028510311079,119.92825612771377,56.183809610520264,41.77974834187254,14.212613046992958,18.326228322329367
26.702946082002484,46.32574046769146,6.586533824285277,106.67163442404092,55.64984888160918,35.68683149418508,32.144268316911734,17.159506273481878
26.95347960464072,59.701224055504035,7.142040138271144,42.96776713546043,67.31534429228638,35.93269309478591,22.141662054100557,17.33419042150771
18.367639358444585,56.28179821382005,6.414913734299608,102.49883912640423,70.82135048568917,37.98202896998391,38.13617217281292,17.081017715334596
30.23658853310724,53.57522613303367,6.022565459207962,109.54765739750282,47.93917100874837,27.68168058872234,35.80653406544751,16.871138287061974
30.847949962138866,59.84302306420906,5.729621095842319,90.14300451241125,57.955914588871295,39.60731551403044,28.467890800538786,15.742717935196811
23.85304627965986,42.98743282083314,5.889351307697387,98.17342069279893,76.47310565678764,48.92102040446999,22.896855892454713,15.90670527352812
24.78261525093069,75.43770654191951,6.932195748703332,105.7093037619117,49.02234849616622,48.76371189834023,31.17140581376643,19.045870087000527
17.34446248722139,33.08784733202099,6.339687761846594,122.9379879290674,34.00349787402235,36.19148228723547,24.870129537143562,15.046917134250343
27.571273780089175,68.09646769242514,6.196239545039645,52.75360037611796,44.23297830950868,50.640832727255365,36.302431942270694,16.35831782477877
27.86028720857072,55.10196221198143,6.142016388408029,92.67048884081053,30.430310020782994,59.059045545294445,34.44812571406437,16.90764217385784
24.689044915003446,42.43612659288819,6.542522930100091,145.25008294173185,55.57725216492084,36.83792464737173,53.48773273994749,17.273865531790726
30.621766799352514,63.035750558980425,6.380272453117208,142.49983924893868,65.96684312210952,46.91514706432169,26.4390836907926,18.771038222909866
23.329613845100297,36.64573369940283,6.363433928140374,125.5281078332734,48.18437761898692,17.37190037309208,27.572594972122847,15.845550850058247
27.823029629468003,60.59570732579452,7.174661963905369,116.10474051867028,25.685599258195392,27.41853271818009,28.76179460850581,19.022781476843367
19.901678306539424,38.656846382826686,7.269008140930817,149.63904245206265,65.32476252586517,40.9112102933352,29.112115725831345,18.430320365780847
24.88223924562881,66.91908126476747,5.694989163545502,157.53544004819997,23.35551557651332,29.93266937481612,38.216631503691836,16.222659097961238
24.12822871048582,46.13463999554437,6.6637963655714785,96.12760035859442,26.81067833115438,60.39202044722448,27.78923483950294,17.166673914941004
26.126539610204706,53.23508974456036,6.111568950689304,70.9170267013504,47.32492418757922,45.97879687296553,45.77905372914796,15.257672873558668
23.152365355833208,64.40924081914743,6.375874443069454,91.89123047126515,53.776778685132484,49.658316468581305,34.65820087780561,18.40412826791726
24.34263702164166,48.41186832236646,6.654639192563347,192.9008654131616,56.333712481375315,39.70973593839413,26.114111616095805,18.843304048945637
29.13023585720753,59.130540004975465,6.393640041534541,52.91930971824417,49.0079067193029,29.96791980136348,24.070034520154632,17.059005172132196
22.816178813808914,37.292542481327196,6.615229940313816,85.88382581411749,76.40065647702286,34.81189717825119,38.32697754726765,16.46824067849058
16.967114496306603,69.46313405394234,6.836485103015959,57.61926542522106,50.977525116248025,42.5438047962636,30.228161215094485,16.82322816272122
33.7479195210271,86.47370708326157,6.64728840027016,103.74291588632155,65.52002152629403,33.62084661590989,30.072480430054043,19.233169129022816
31.907270393452432,100.0,6.1765818479161885,63.919269133153975,61.80431846142047,46.711919917272,25.21215818860705,19.164368150121504
18.538686524471906,61.367522199996586,6.185400196514838,96.73746931499146,30.606894016932056,47.11414969204638,29.50843455263594,15.918641340265031
28.448539026225973,71.8230621119578,5.7801473516909825,41.49714519943723,47.45404269071718,40.049813039395886,24.888361193577826,15.74223879848664
22.485126147243285,33.29061490638766,6.073039851239641,118.52861995253951,81.84980769921529,21.743649129830004,40.893691649807984,15.501970889899589
26.317436076655298,82.54101489458382,7.481034180949264,136.67035769403924,42.434737190896136,57.14784933665959,35.73648121804318,20.0
26.47112064506747,71.64342757086159,6.103998212952378,88.48169133809623,39.88069213464964,37.873271433104826,28.60184928559381,16.594647093271963
23.82796099841839,52.7409983257315,5.90331059377809,95.94609978772894,52.558633722155335,67.09276648471035,28.484255335578155,15.822991438915489
21.081171672068017,78.55771200433514,6.659963930922387,95.09778307806063,42.97220106109922,46.52535696352195,30.737393345913738,18.007023926728568
21.547294738418703,56.182858850319874,6.44481762035407,105.42732025675076,38.09443130746642,37.90044923267943,29.955678089022935,16.45786724354108
20.41904042259379,53.12962225478165,6.402203381575387,98.85491239100715,42.7507490855362,44.47821876498004,22.344510565526658,16.42145722461284
20.840888958847778,67.13002388141237,7.204522983206045,123.04350857292081,71.48014507052937,19.807144829213883,14.793806972920144,19.14437429940125
24.664108549753223,44.049682502545224,6.774563337779183,136.99117400352836,47.95071962783641,50.26142403235966,23.618394668471772,18.14518792198279
21.421200054446242,75.32437146599922,6.235003534148262,75.57786332523452,30.07887450867932,65.66941237529475,28.971860074679757,16.841964076632273
28.410260328563098,44.16015282109735,6.28776204120411,90.7201452167711,27.323801928677536,19.10766526156621,24.097334418260072,16.148644679043905
32.436230776679636,44.249178152652206,6.2487067430471575,127.04858346774235,83.10207398081704,37.12590990174292,36.55470424316456,17.692540815466874
22.099733793149785,46.354653173874986,6.937369810790129,57.34992855822903,46.64998445848847,38.94661877208474,28.166774912793965,16.457303843822476
26.197022502676884,71.39250056274183,6.345926185273432,40.8783615446329,56.51867751448127,48.75228629163064,44.988588600228965,17.040441286339274
27.49842555151467,50.748369577204386,5.603423248772925,106.78947858695436,38.42934160490586,61.05975674165536,25.50804593416681,15.91069422471428
27.360011354596374,39.78006323449247,6.475840160632828,114.89039233211477,54.814789539071235,43.82882122595565,31.125734389612457,16.485880347100977
25.379776339580438,50.91480000096303,5.731486999436036,78.33099436139223,71.88994477402298,61.417918242155274,27.689105950641725,15.129510328753717
28.71341209179861,59.519364439792696,7.592115300877451,82.64046837638635,40.21605224384368,41.704324768846625,33.51822446187858,19.174926535176954
27.411244763403285,42.285412745034215,6.017166043076385,77.19423034777304,56.87880169922874,44.5142381879623,38.52600903197635,14.703169477966274
18.81168788836351,42.72478336448485,6.419067617321135,73.99224281966697,28.913805861644178,43.28235566160255,34.86624767141677,15.728222084110614
29.345780321946364,91.66944501149376,6.629101367350569,120.804874618138,80.34299177550189,52.20299783005086,13.753629844271533,20.0
29.43645418633371,47.091518942791694,6.355670919660385,64.58504539007083,54.02803895366862,35.77678941889797,33.99889288378294,16.738931672798564
21.183569479107092,55.1543644684049,6.354984799266903,92.03431415699954,43.808092334715624,48.18286758761509,21.91297486175169,16.932746051988417
25.18968917723801,54.49144498801071,6.710913643080438,72.83991497455443,45.531888150707545,27.69203393743573,27.521846572669777,17.17581947863787
28.416644964055347,53.67964788344337,7.263107979398139,56.341330722963534,42.34942738228497,37.15495895348591,35.5146334946987,16.68547543377985
23.953430902103193,69.32020109953653,6.883754540908649,126.10534524240313,43.1164225381476,33.63256377061192,21.041912732679684,19.01840536125124
30.36489023883006,74.22214425708074,7.239256939286771,84.40524333479384,13.287572864755099,40.87961558617942,39.2475840598804,19.340907596064216
36.8193624730968,55.410683527026116,5.976690445953249,105.6532024126227,48.530514018548665,36.839202505962184,27.172912803590137,16.129630624266746
21.070069836825088,41.45282570111477,6.658681316627681,54.757723605969694,47.90181979091432,51.32133692456975,47.367498983344916,14.836586072247654
18.094776984231125,79.11660341773354,6.57762302602914,77.74181638730572,57.329923058907156,31.213319048283577,30.549422606350095,17.502981243046037
26.51909297802438,58.56988363204976,6.675545645838367,122.68263642085017,42.1528438033771,22.686840641889873,43.64274194121416,17.600216530782614
28.607812525630717,85.95482722285753,7.188115985317786,177.6181436753593,38.43445528788466,26.427161802884427,39.58143379626807,20.0
23.845668130776154,26.31621153652256,6.389605425103973,40.71351806829065,49.88337583320537,49.94168046301319,25.11115934356402,14.53647771065932
32.266303316605175,62.931048319249804,6.297248316722956,93.96676614131721,25.81447822864274,30.30442656683778,19.586474178931823,17.897342039516808
18.306971001383758,88.77909500814312,6.766990398709332,112.368417944305,52.151347813018766,43.978444155207086,30.909018889900366,18.922800598282876
28.464593115158056,54.70103796842763,5.610898636217076,81.5169954028215,22.072711107174186,37.0521249675192,25.3388550518226,15.07209279561363
21.970695896205534,56.61759864998046,6.3815739754389105,125.48565960982371,66.81227973246193,48.24244054753255,42.63775024069605,17.638282806399154
33.59688953103648,64.43267537385508,6.432901155357274,73.99801988019061,60.264049334911626,37.6923429488339,28.025126626619016,18.177777775752734
34.962576765840595,51.61806271672564,6.039820691846537,104.61542980649924,36.107211853639804,67.64348516117136,27.59676833184981,15.803288476380454
21.16671706108326,55.31892101920901,7.028529505678288,84.33784286504921,59.917070200070555,58.98117015818505,18.832812314103847,18.140512003188906
22.2522143204571,54.932773587128956,5.9688798413283575,136.58293248864317,51.67271336380822,36.847898195943074,33.35373610463815,16.848839378242346
29.29793943489901,50.5886889836044,6.432063475818102,79.70906490893184,34.8648465337271,35.47865410905014,20.60622174442534,16.55225782600409
23.064346751052426,78.43284825300839,6.646578612661484,89.44378611140452,19.656857641563658,71.32326150808461,33.53949530304572,18.153550348640348
24.77294391033881,66.91617048444652,7.176725780738059,128.37067112491465,54.746535251396786,29.211490386714104,34.64073381198403,19.377964035919735
25.12694210271205,63.75942348154953,6.494721782559574,69.15884022721409,38.085772292974475,39.44976452081651,24.002599104205082,17.109943100585166
15.401634219011719,72.12856510335175,6.968076797064105,102.06250170290717,66.4245435454412,40.224489197054275,37.652639448141706,18.415577439945633
24.930811269528814,56.034662501948,6.850297698638563,45.32396968940195,50.21050600822777,39.97662102185426,27.800996485670094,16.614292517718006
21.55136112967913,48.38694272470649,6.5617287780845714,67.36199624112776,39.50625955254024,22.612882794694734,18.23005043276624,14.845268088940365
22.53438588800114,50.960635430781636,5.955243295863272,111.46393827672411,76.96758099635707,44.966024096759405,42.362298722509536,17.43589755616907
32.21816001734407,60.02674561656913,5.7827095695478254,70.27907471391303,58.64669738904508,30.29649908607683,22.61223540740545,16.01467238899281
18.717465528603718,44.11182437440647,6.553252700709593,83.66281204528626,0.0,54.35989124169071,34.05656433013184,15.176606218964336
29.066025933739887,52.49608475119987,6.228651563048693,114.79259206143813,42.704123468137006,25.440349575653784,33.40635579237795,17.607983845571265
23.605185348340957,52.25825037192848,6.959630545840646,82.62441576559209,29.23866511981365,40.594659273754765,33.11347739139476,17.760570383326563
23.601199157520828,91.86834344743521,6.872928259049289,124.68526219649074,38.00303093419537,17.838793530481123,32.97489532744108,20.0
28.951859480258555,20.0,6.407694502781475,106.46988362458193,47.82901401622196,18.45616293659276,22.238498907519983,15.293144924982016
26.70025647284445,57.3057041789155,5.921143538029366,113.07049335773509,55.31072762881319,31.606480417073673,43.53079681202177,16.877503361304974
27.853064986097653,85.88540689222155,6.755367774803637,137.22896796215596,53.920486131703605,33.01789917662972,37.64999320160511,20.0
29.840923302664304,61.82766696198681,5.991025276932425,109.59469187842197,66.16809614847203,54.65726412989435,33.8004538500032,16.519939249215067
23.343458084083387,71.3012621013164,6.1207680385345675,146.16541871408032,59.548975662630006,39.59408163738102,19.33619011587497,18.178983283496038
21.93881632746125,61.497394726496516,6.010292130892423,127.3378684911347,58.62120393688258,52.924069009115534,22.173056994756532,17.044737740582956
19.574247367211008,49.989999281752795,6.430749489030023,84.2964271049663,53.02238484699912,36.20213405323323,35.25965301351331,16.056342230956552
20.872947350105225,26.371260982366305,7.085096167035281,138.79444225063816,69.30198279088852,46.060851828803315,13.970527106425465,17.342180172984587
39.745472126543625,63.081835305544544,6.497479564888236,107.91598062708836,45.25585185213624,32.74524683081099,32.70963087952296,18.731365481683913
31.223397903683935,48.36590093096413,6.278390653786152,88.1596087401849,45.64545096897214,32.065269309013985,19.350585620915034,16.410601225135903
18.244628168959892,47.994968907520445,5.737192534977378,108.35157085962648,21.416399705412047,21.791498610821055,23.055745779923097,13.892479879611589
18.387710216282148,52.51519116031332,6.776062292364921,133.3698047317079,65.84246065715054,43.357539938512744,18.71145913865923,17.77072414414485
27.40933030859246,86.17292109935241,6.109797697035686,113.65135282726665,48.846113663312686,42.620834147001496,31.96885132625842,18.422527226226762
27.736323986889833,96.0725631338096,6.558758809579048,154.67178497654191,94.00408559256908,47.77312887285852,38.93089161467438,20.0
27.74441917658682,63.25811906292601,6.32289069204168,132.59591673696465,43.91700962356313,42.149182871413956,32.784140190501475,18.313352200807554
23.72522103223151,53.02849164132409,6.919088609799719,115.69480100206488,51.32867194125103,60.26195977193967,33.66266439137797,18.47702481418936
24.372728699985498,42.34160373823184,6.421381803985724,69.21795751776527,58.197574304126206,41.760276366775095,31.343671169239055,15.750132380293
26.639397620796785,67.02810242319104,6.470536822738474,94.60802457969638,33.47150040516931,49.91826714338121,35.46154808696511,17.77975481576324
25.429465031466652,86.74358400097717,6.74287357372773,102.14992419252553,55.378215708188414,36.75890917000897,33.736684914000115,17.878574900559578
13.903498136262325,56.28989419462265,7.553470091131593,120.8989450365324,50.51992148085778,30.91529965698611,8.279214448022547,18.019153530122743
23.85100184712403,24.315059388701638,6.944223465179277,119.11999123816578,45.44467715484743,47.176951701866365,37.250453901293156,17.329415327988755
20.742967828698433,70.05074507723286,6.455696946825696,105.08621230654859,67.5890593811451,39.10852012179659,36.40921569568721,17.078465464982678
25.87605709454256,74.78099567175074,6.501598995307644,103.61049746131513,36.44376923134016,48.32043045929621,27.101497354732746,18.043640635492146
39.926295013017054,36.21231539421228,6.237570269837783,121.61370685228209,54.12353169623332,43.52936541844681,14.206346178138462,17.33407523457722
26.837408327371524,62.64726275494429,6.025002148240152,74.24241323110043,71.8199643707757,32.06986673209844,31.939792205075253,15.84243663858462
23.43235156913801,66.76839024204148,6.223624606466839,150.8654745774957,39.40067366065552,50.743378776770285,32.613286433091986,18.399470387568027
29.60900750988626,58.903390469865926,6.113925518144029,38.58499344509586,45.546710259615516,31.288100462153324,26.476132139513247,15.379600078145812
27.413439436046062,48.13843621371969,6.826684191897943,143.66228446516087,85.17956845207742,46.25326263295505,31.49359779477353,19.269262375381153
27.100472452259208,75.23905835345334,5.964402571065507,98.64443414724514,57.11586597734086,52.81611111525853,38.57472206376296,17.525464156243732
28.034252966078355,53.949303810469765,7.166605280690022,130.0773944281478,42.40703785036073,36.154051615848424,49.18017374636133,19.057330030396987
35.28271782414771,37.722207559501015,6.876023191809415,110.91521302877838,62.03937140117717,51.55994453672315,31.17522938332693,18.271494897861093
19.34555782337042,29.257882714954786,6.510250864683834,110.38103232732405,41.47859672613461,43.97616834053193,32.67130945082594,15.237036777237881
27.368160384057273,78.91274279998964,6.500159305732534,116.62763428079563,26.526261137598937,48.51943778396263,23.409688998516852,17.9626725425044
20.368094350092306,69.24995964706677,6.221359345192724,124.27162867263335,70.58545917897756,31.63244308897414,25.98886363218737,16.969627830660325
27.77756323171124,61.319603206937536,6.635042205673882,90.13507520238281,33.45411103803478,42.14300232053748,28.911658957028166,17.245430028656408
20.40656744256953,53.39588044723795,7.044046231604295,131.0439739157871,86.77568937495937,25.919186899754965,39.42174428312478,17.687929348985787
22.91316593197458,52.06502378695309,6.148421768872093,67.4658812926365,42.66001436806692,57.11300515310464,36.551662048224465,15.82233947632985
23.524550428810468,43.86395027337583,5.733303955540634,99.84008280021627,81.99897022342782,19.860016784154926,45.4348267520637,14.863646612685889
29.879083596723547,53.52816533160173,6.851609127428372,125.0790977281683,29.469933972199133,36.4524818037115,18.07819059471833,18.614860706345606
29.59227221971207,28.198691773197385,6.6621829871219,129.85052738847668,65.38240379399379,30.682914058003774,19.41012023480822,17.490021308784524
18.771413117768077,48.95904519797229,5.93990059927941,113.82366544784203,57.49589409476975,46.74700415202238,38.81666348188746,15.745282655357222
25.274670554999243,55.335937254733594,6.133304314542941,88.19822686132794,62.56619338332728,59.23945945929919,41.59088301051591,16.88669881616695
21.452100726254137,69.14820070785629,6.070447862974929,126.90123335106111,64.52034060014391,46.549150986875254,30.26502497336746,16.89856077783459
18.707475446623327,59.401103049399545,6.1377338654828755,79.9190128264374,42.53382286578242,69.61283696951351,0.0,15.862282343222022
23.914914747878147,71.92384670813338,6.338158622979406,152.54227221246734,30.367342369955026,26.2205982344116,24.05176670481002,18.49290374389439
23.457586057720903,80.23702657670144,6.366726347859626,97.45987307501008,49.23623404491173,26.988158674714345,32.68394921719512,19.040200017647166
37.13358243172761,75.87255140736153,6.17460317246577,53.81122917382118,53.34545386377701,31.068857683845998,22.804696107378135,17.105481847076106
27.16479912680348,67.05764771067835,6.120918090250036,64.15949595950345,42.92233068266743,41.21244695295906,31.481009255501725,16.68930778995776
18.111912496228815,60.17794018771176,6.3856078280403095,101.30930910638763,54.163309552397926,29.7307762471675,45.188443590975815,16.39118883695935
22.176129979145287,45.288179873796615,6.58384576742978,104.1947581397816,54.9443829676211,32.483372456949745,41.409062556760006,16.795993215805982
30.106916477146992,71.09916077068975,6.341851731817577,159.08970054853287,36.34960330184201,46.20483523927288,36.47113796296111,19.286832142152083
35.442213864349625,85.19621073332294,7.079333511670651,68.84501987157321,55.92456922535698,27.608281168861822,29.484405769294742,19.39202527774581
17.070083438810208,65.13159059475628,6.754043857210394,101.18386597911793,45.99181964458031,28.668039870298983,26.042655536796865,17.11415458530189
15.600378074304775,88.75888722639185,5.704577071570652,68.2173577875383,39.50028649694943,36.01461247009928,36.06201052221979,15.259709451719669
34.35482587685891,37.116424379083746,6.761863882706927,85.2203544035979,61.810627073359896,36.95556929160679,30.203157220001817,16.97651288772532
26.94807088685452,42.68754922830688,6.802771991292792,150.51916090208013,38.345131824596834,50.10015717221316,30.47763551497896,18.834929122269337
20.658536340618166,72.82802261622393,6.282632515937904,65.90991330532027,43.149986151429104,30.993602520218793,17.590275096951785,16.659394644763957
27.673145430612177,63.96435315229876,5.752401206348422,117.61127272203501,51.080762752799835,32.79720015879102,24.28375694219286,16.02744684512659
11.82126130491561,79.70673264857712,6.504033379705568,111.78722077043174,70.61467430981358,45.81670116279007,36.014883738534515,16.405413346307324
25.016877532985806,59.767925389098906,6.496145674258878,99.27485720925374,52.89176116586447,48.01394323783382,21.1914652740113,17.8069547337478
26.639105864215427,46.98036866207502,5.9391768817334025,115.58309869575213,57.924324987120016,54.28724467126588,32.12565678881966,16.021226219783863
29.62135069768915,56.79610136692436,5.774390391870032,65.19938854170134,45.535361960052555,44.69120354864754,33.300028758913115,14.83058010487562
19.930520238537312,37.009740436143986,6.456223226773281,149.68967523410672,48.82265563435489,41.30364059961827,33.76710252603215,17.54886987373975
25.428435807016797,43.071139903544484,6.3834614039745885,157.74536485370564,49.26684149720609,45.75038406746154,34.48211373086151,17.249941314668376
20.372876869702065,74.58665996877015,6.291367317338803,101.4131409327794,54.39959354025537,37.32587194111453,35.021808425120525,16.57936897114969
26.276918778371584,73.09181121704415,6.458294632626719,172.69318391840662,45.5604864042761,37.252324056245214,25.009655263659766,19.205042792357233
20.523268388184878,65.44506427209116,5.94861181308984,88.02916205350239,70.09999828214315,22.258896877212464,18.258763490710614,15.860873689628002
22.959495804198898,34.18383718559296,6.282589693566943,112.0129598156884,44.40250642246787,48.93415956689334,23.0117167009332,15.851329397675512
20.020923026048855,54.62394636730667,6.766662515307174,142.9566719132354,24.39138297191949,42.11458945051747,35.83936957523929,18.75410089093463
28.255681209118286,41.62500167009924,6.3250149598243555,86.22986619331272,91.14194906555029,47.770392663683054,20.393227249634442,16.320031344766214
29.29225558328333,77.64799880681649,5.664013764103724,58.55352823361685,45.08946963584372,11.84189505522706,21.675114560923944,15.664937231493088
23.826897150212933,51.244167996560975,6.263653861138214,51.64848803143438,69.69754680637021,39.52898292106454,21.63084799393861,16.235028979034745
25.191189974800142,43.71378433827676,5.96492076824657,161.82479691707977,71.07186262939638,31.441184936223674,15.232204362053917,16.499591602289144
17.75704292683228,60.44694247682137,6.633568148230865,84.12926048083666,64.17821468375573,55.013625048202336,20.823965070945604,17.12445088838189
23.501616759966065,50.39768314748082,6.659418701690212,94.42789709744504,47.029591706038964,46.14216915483829,38.00317530658936,16.25915619051784
24.748976914791275,82.2561586530556,5.670612687456985,66.61707765036837,54.300272298115146,42.3423541081056,24.26588277827551,16.884148779662
38.103965455149876,48.97783653698714,6.8795064852910945,128.45017837987564,30.882346860426093,35.680670306589754,16.00849474756523,18.89977429726783
19.44016487112918,39.01157611163053,5.943906849360721,76.55320422326245,79.85221660727414,43.972083101316464,25.90684916068334,14.031734190770882
32.320886193762185,27.706297263637264,7.2795911452411755,85.26210917016034,37.22291002725996,30.718143706218957,34.08437772714934,17.574711221151723
29.98429386732904,59.538202463798775,6.475611867749691,108.98561258248482,46.19148555888687,39.00274652314234,15.353817880930698,18.567065039750034
26.403182022450682,51.5710482921311,5.876803250730418,68.07862218263283,51.48479730560376,34.2163661301258,37.62648247812809,14.530827623713957
33.793102420975664,38.5664309023241,5.929006964653659,94.64253191457324,48.3884036774456,62.664896549816916,18.47215347712737,15.411841400847573
26.860527363034315,77.83839691883678,6.674047645893673,142.0662876850981,40.146900765599085,54.6994775619084,26.83613088810651,20.0
26.945795978339643,70.00867721143862,6.304350055050811,112.8476319255059,70.91508578082032,50.6304748398283,26.733879120035063,18.405457593118356
24.734396734912274,59.57673181594156,6.45167304519093,103.91626877285076,64.2541892523242,25.096889778458422,25.50847914595579,17.671563526261842
31.117844412093138,80.464893662563,7.30639011634852,106.44594128391596,54.8307080648854,48.64157112284054,29.48158641214782,20.0
30.48234616905442,69.9380405009792,6.150377967885462,88.32594712070309,44.00670416004875,41.87666675141938,36.22848283181359,17.88673368498937
21.871613562518938,47.65716147722352,6.5299814288478535,159.88456959264778,65.96413807766706,52.234601395161455,29.67358734957433,18.365111379862945
18.40376402700616,44.411697540138505,7.209922243686527,75.63528608397797,43.03297050833652,43.223950951269394,25.154610719253895,16.56541594781594
23.985096813021716,72.26972316680792,6.6352567377332,106.32778485891791,73.55587760506724,39.93282333961697,33.658789478087165,17.647102310270135
20.999807178011768,65.94550434701027,5.696698632320997,103.45076699028421,51.66831373225141,42.33784296336559,31.65810982898005,15.875371714235001
24.682377126923225,62.54621651955993,6.752694505866068,130.26287521399405,68.44672290459073,21.943667083774553,24.643971520585396,19.065507622403565
31.187190673420695,47.30253295696639,5.918498571108278,133.0952181638092,48.29269510724626,32.325967278322025,30.338411376674927,15.960377866995794
22.71349172456605,69.11921350508631,7.203403764366483,99.03943586538787,51.07299773061416,43.73335538703272,23.981259974339284,18.3235474423514
24.785883093442127,48.667516752990764,6.088566197501011,108.71999479339149,68.38131592188,51.393883584065826,23.074090172824455,16.750550064454227
25.290113674041976,58.47020018109483,7.984754753872832,109.85604261741845,82.90887727706667,34.495068836878815,36.446409713199245,19.969916611032243
29.242154411026423,81.7041621958047,7.233687994163839,31.835750332881787,73.40550226257322,39.591931201360666,33.57567045255325,18.06484203519443
13.765553330076974,50.087486462847814,6.101693715186011,52.330311925666734,63.15701929066775,23.990075553246097,36.163037081892384,13.061810698653371
21.966498526173517,36.40516114390709,6.510006902500805,81.84808927834088,58.83925149436395,54.5931081335376,35.08102800921209,16.09447306114986
26.056418461397364,44.21179212194834,6.876822140816731,83.15203970869393,42.39576964610561,51.13741732233121,22.902245927567577,17.544520499218375
31.000394782134308,74.91448240031436,6.8918302371133535,64.02152734107604,54.42844611658149,46.521026185671985,38.01025544053434,18.560451854524203
22.540487762468974,63.82096706070314,6.721168129988099,122.4874771412089,36.30426224004903,44.0680618763089,27.619143117744624,18.150569971491507
15.61723646979063,58.066839319668695,7.1260795184830545,100.06355263052417,55.63673200527161,55.525490651467976,37.43374258613773,16.94144155013874
28.098557229830682,52.363592920326454,6.438515526682815,93.55916357839489,56.6007599104036,31.94989008685283,28.99906712022963,17.81881791182517
21.823188055871853,67.28039861329785,6.316641165711983,62.315341764778395,20.587322877977126,30.868384436733415,32.50530470303458,16.12303473669939
19.051666704548193,47.26342723514665,6.326568006037695,98.66365407265634,50.581079137875605,50.61519786256429,32.74582343157614,15.544642198261801
21.87827305143388,64.58498352963893,6.929186615986064,21.19945732004165,56.223123486336576,49.94313381708125,36.505603082275115,16.224652260978633
24.07737321172075,49.031181467805645,6.682590520151323,95.11131067582477,48.744352142914664,28.06504413910848,16.923631031929034,16.325046231985073
21.976276677308935,46.53510922087419,6.645641832845128,101.89551006423268,55.37073258284856,34.686401184231336,17.388818298324583,17.690549499139927
13.972169714504654,50.437688477624825,6.897617124628591,107.25744952964496,29.87416634965529,56.890931310773894,35.37368692081741,16.130133231365214
29.48533098443566,54.36888830274057,5.474473796073072,53.0769470956216,38.36203541659612,44.11667328215904,32.8508997199469,13.840302120467253
31.374375206393612,59.26755246099445,6.655034411937575,106.74450210074424,65.52407244745899,47.87161518018172,23.79485081449103,18.47690210186029
28.25760995669753,63.53183692666671,6.609284444436858,68.75706190406373,50.00857498468665,28.409534574706434,32.91447127213393,17.17067986979646
19.311571647875915,20.0,7.334404040650353,75.62590503122998,55.098184719723626,46.56644524537178,18.73631831916879,15.659399854307344
23.99254233026241,47.88524163379853,5.735706008868167,121.53794157467995,41.80218258937132,25.8045845422912,56.11431608695208,15.372643110278291
24.96739342385271,54.126450339659414,7.278593316188379,160.42341170079231,50.292410349152846,20.20178634399315,40.49257109462354,19.58051422228587
27.993971947809552,82.57593057912494,6.537704564462333,101.5407627640804,15.46981729797202,47.26823960180868,34.978421419262986,18.15986172748737
28.341702443590403,43.79996087426802,6.744494765330023,75.48713624079303,62.690179076311495,54.34445169634489,30.605042965419894,17.706763834881723
21.32913100610752,62.441949271498686,7.337959393804688,105.66011342529995,77.11899258428706,37.46213924250832,25.050175641557626,18.620249731522158
25.409977782067802,82.42545464603756,6.780380634002786,128.17087472497437,34.02473676178039,34.53449318145542,19.51851008523301,19.200155390395985
27.286402023076207,40.305472050790904,6.70018414473128,118.62992697618206,35.89501718735647,57.1084865624637,29.08941898008461,17.19427474100919
32.279111610733835,65.90962838796604,6.62114559290116,182.29338617391238,56.613198473562235,38.05216630885392,23.121914914439003,19.675313409035773
28.522532699123616,47.965922490982194,6.258260932502812,78.53987292716,72.10818935760119,39.342312764427405,23.588465210774032,16.612954826468926
28.945283436877595,52.43049386566148,6.485755437744803,107.56694439757894,49.96854023925583,56.93957226440335,18.665946881803656,18.170876885264203
25.419133139646803,47.953337490700285,6.142243616938626,146.4675386025461,31.560229687812438,36.4641518697179,31.99730441544884,16.567280745009185
32.05229572601752,49.02214037376171,6.477716550287259,144.58477711055596,46.8707414504319,33.45972390655134,26.98405195341685,17.271204603619932
27.048813979797487,100.0,5.332034651472451,41.49766220426858,34.55101879532311,48.15508224137088,34.28057259860696,14.980750798266177
20.694560449132148,72.66683808107499,6.714519783783774,99.89927139880056,39.96730560696835,32.88143845620884,33.65679034923831,17.686757944793257
32.01684985062595,76.52606792679313,6.439131373108188,144.535622975461,45.43938351270025,38.55398461877818,31.8357170406373,18.932324793929197
28.489516362695138,67.37990230254744,6.331898131666618,186.7192897119741,36.06013117637559,26.808413982878008,51.27552206443346,19.1268132850871
22.784779894357587,35.90614817397063,6.609879041970071,121.11387651252456,38.33141413738152,41.85397088376513,36.589644108524354,16.394286968424304
22.602535163003783,65.9243695548496,5.78321803851728,88.96410118910549,51.11801000333365,40.68097487203093,19.915471914800815,15.62638491375204
26.48287772570381,76.0939442176102,7.4646349983106415,69.7239054268783,53.22553718205845,49.68020274723144,33.66989158337175,18.77040774096352
27.31592397633792,47.19900788941332,6.4486162692562,166.56230072592547,28.640294992685494,48.57256536661731,29.567850056252087,18.50190822229235
25.986461328156032,74.4799000074169,6.427077783513905,121.86224759397277,55.94572583764006,45.51518008469582,19.26775543338826,19.547934543245553
26.556543367214427,70.56504314781118,6.017301894933539,74.55799219343747,44.270992053029026,43.94255692781013,18.626936959386867,17.27088603860573
33.499786872881906,87.78060067220505,6.511973191224631,93.90530900998655,60.80392285328914,39.26745886247659,33.62562333823655,19.156577580671016
30.35771576117443,53.73325481229572,7.19347994513664,109.30559550486113,61.7074628103179,46.09555968995803,35.58038027902852,19.50178301603877
25.95317795632512,43.5358352658641,7.017958104716017,116.31419961664353,41.83188228567427,28.87667826331013,21.62994240540379,18.085988940955865
29.706552903837416,54.575578359411814,6.927218875570278,73.0114402736263,59.212215410565996,16.510339281456908,37.761336425557154,17.73635422754595
19.837380482362303,81.53356489745435,6.773199475833636,81.57428745623523,37.44565940451755,51.61917671212893,32.27931517452227,18.208266573310205
26.989635249734043,32.573911787370555,6.320728736218695,50.4119631288112,69.85643094252934,46.74160462247914,39.56687325554015,15.646830134569056
34.04653174866555,28.974364268534515,5.774918416481649,131.19286868814345,38.01295698715303,38.730135657200854,38.71696318671394,15.757698904806466
23.90977052303813,61.3409291839742,6.3994806140666824,89.75144599689051,55.2912441293827,50.74558608445986,28.732504676776063,16.839213278358756
20.761830356904575,53.36116060838766,6.382064267733162,113.98964947549877,47.1858628303358,32.68502583053473,43.08479784081676,17.079376333799335
21.739555557034695,60.11591839763527,7.02439721983562,142.6677552572898,34.74658228643599,32.9450746791685,21.007071279036268,19.50643549628224
19.551834813288057,74.17967656853797,6.65469522122991,106.59610427121837,63.51373642677964,31.558622763058327,49.12235603960556,18.582528205500886
21.076190459361484,51.711459808217214,7.306155763951774,96.61088572152796,40.78802286699813,45.67621975115885,22.96971455611284,18.583518770855814
23.147459507049856,31.90491253604069,7.098744270019087,105.81764430651805,24.498917525325403,24.170419227852474,29.615978146578556,15.370439701687262
17.97216490410679,90.66722335799916,6.271752195247952,101.89580811550681,6.769799552479549,32.330383932179586,25.462493611097898,17.4551661844704
25.078091669748016,45.041575688418355,5.602435401690066,137.38494993633833,36.87432958358044,42.897150232361355,26.985672096962084,15.374384951486896
29.511385868933235,44.114443169818536,7.19278761697074,109.3251519261637,70.6386262894846,27.95848924077389,53.3884293001117,19.153654314857878
20.4612190992654,76.55580020583895,7.179692611615372,83.66796941263262,68.8660770125549,33.396895943388145,26.298234500711377,18.16397067150904
32.59641961820884,54.23266318437723,5.816894204548887,131.4354717066925,39.22102396478702,17.884324228854368,36.808866978343374,16.21395551624465
27.553960442637973,59.04915221947784,7.254620009913751,136.91453069075055,44.38317627947931,46.05806649401537,28.116776709708663,20.0
30.152902928120287,67.24185186090477,6.6910585852962585,59.850081195386096,43.02630386665965,33.121648066577215,37.49240343670198,17.22459520370361
21.710827230739316,76.25374654664994,6.580342749062827,145.98351654304315,29.99851781825647,29.007187498588458,25.646723853032064,18.846252914358526
29.272626135333077,54.99808960227342,7.307391627123664,110.94135319625457,35.76752192564985,27.049772740414248,32.04905674927337,18.873509060537277
19.540330498023437,82.79928008871448,7.172342586615308,108.49809850439796,64.71724279101177,35.817864877949006,35.02958640378194,19.31611564058981
29.451237504182544,27.963002268977917,6.825665475997602,130.19873894789544,57.55831807069101,24.198444131085605,24.22550837330815,17.671527502031438
25.859196698967658,71.39680855429616,6.736608532905992,82.99070826987163,54.096332877948335,59.42379677148668,52.06180739380473,18.094868374835134
27.76625609992392,47.40708662973514,6.808197145265179,128.62493542572773,29.97280082508712,16.152553828310143,35.44752834587038,17.498552133745687
19.12202697187574,80.58406974911988,6.299971283058737,88.69673590786434,51.51054821050967,35.4938085021351,28.19223236386099,17.063905221743237
20.524650788616977,62.130667182458176,6.472449275133839,55.751479608689856,15.442325457679676,41.06906929291255,24.42212386519446,15.205036690633062
27.986141091266923,49.90642001985898,6.048841422702728,70.06731162679198,62.64204036890799,32.24620995863445,30.733784189015854,16.36461928942875
20.258259978878996,69.94261639532449,6.33348011213054,117.0106549870968,53.87862351105713,42.12131737293115,20.272015915092243,17.06582113268993
27.316031460495616,73.39782520810877,6.316683060665533,71.63594980016026,29.821513218502545,32.00398425053839,44.258362110799546,17.65666855030062
18.16431096769877,69.62841184287957,6.182347315189167,148.30228369568948,74.2463833623506,55.300944636731494,33.450030179208646,17.369478933803805
29.24087106333334,44.554556405504094,6.568373251324232,135.67850360318928,23.05753011247128,28.81122985890223,29.29611146070884,17.92713587378203
18.837383426157455,52.739743145668726,6.338009574649711,140.00317498098894,57.954592733744036,16.487760586516806,38.3678228348537,15.925636794838237
27.761499688397617,59.93890744317847,6.751117360175987,103.74335739032236,58.32757653467993,27.015001495466784,24.22788177531226,18.95941073192141
28.128154668230007,59.381105210249096,5.688839693353117,107.73584851884878,31.40494340971279,43.864947748137126,20.7523233085565,16.360376835411685
21.516140907852126,71.24618213157521,6.44332260294635,64.18864437267167,49.43223963784825,38.820756204511355,28.9589354261701,16.573081637665183
27.910132835423635,29.776481512400878,6.5657758200887475,129.87350530472472,25.447582367707053,47.521329079821164,31.020349195756722,16.43632205499667
26.30221131666778,65.01490581830255,6.34468538008156,111.39500365111256,7.304385255097796,45.01744616710967,34.24468965274216,17.70104018735663
22.30579071903631,55.6502796834504,6.413803650095384,117.0191687587678,33.98185659602512,33.63719650274796,18.189776668542187,16.145161311254245
19.95722657961896,47.42249075424071,5.707376994635071,150.64935434358645,40.750625866070045,35.10916506204453,26.349465359846143,15.261036118129931
15.186871541637105,48.862698333456,6.678238552334746,81.82111048157469,59.66384271216188,36.14671224346774,5.33228165465156,15.03832218403728
26.748250236498468,56.78193503223054,6.823802991283535,96.21575350368046,51.0111212759123,58.84346083496653,20.54120663275127,18.092233541506445
17.175986143189725,20.0,6.7467686471018835,109.80012764626504,51.403181890792204,46.908223146873695,35.72209226960324,14.91041524088184
25.47672099720654,49.48065643812675,7.019363529721091,71.9369378362388,34.783675650746225,58.91686899178505,37.688206468597876,17.0894273475673
23.682758919588753,46.8627776303056,6.600764802891251,94.37203536169481,42.0498304393792,48.40779372341814,20.863963717495842,17.64792583244783
28.39571387719098,67.99174813983936,6.739340590325469,114.78849431400909,36.05110085196258,39.36416605078448,27.403163607404995,19.20875376760776
23.48977250255068,47.91709976234219,6.578045369228426,90.23736185881506,31.625389894552875,29.80638513014335,30.204849241023954,15.716631244072074
23.352761068264545,56.77329299744265,6.843775359796247,139.26968229187335,41.094508595191144,42.01519671148744,38.62488111073688,18.160542148872675
28.659353521441478,83.13414941491953,5.711385181933939,54.67226314549018,51.11768577644501,39.391308277837695,42.232758932135916,16.705925692927657
26.675290145420586,74.91527279723135,6.053209516010995,133.68313720700024,41.41042220863695,39.06352714661786,31.22465804178418,18.52473678258106
26.58077978591389,73.5340709991518,7.293449828516546,119.83556424448014,45.147459958625404,37.9090092310075,27.915066755342142,19.268715509474053
27.34633794904263,52.501913543837226,5.269782088951898,82.93514237330227,60.42372216367085,19.475372924237778,18.450451130394924,14.014297565155312
17.322139383964473,68.14548418934478,6.429911035087328,72.26774295310005,42.48868371963945,52.60839816534656,30.864553876488483,16.385269273701546
28.78394339993491,56.49153299319609,7.086137479804034,37.59152148272645,29.990500535181628,39.495465107826824,46.59938001192212,16.340728241987723
28.06234397006801,57.058601839845934,6.453369667229118,76.14474962758499,58.451802824018586,25.857468839713583,40.32154039949855,16.883923428524973
19.916584357117515,66.14528015619824,6.297494464274651,131.4152996500899,53.98774472762427,44.81762709073645,31.398866370071236,17.449473937940258
23.779597631628995,51.04509617368602,6.56471083840765,98.31742821163976,54.92989247258472,31.441638313934718,32.42702246960088,17.066540479784827
24.803463561861843,82.39504656664805,6.323439909998776,134.88942641175524,59.38757986303564,45.62140622970783,24.491869108383547,18.441244980012385
24.327516077991337,57.59804790603094,6.51542474637847,81.40386788126344,56.84962290961918,48.816564605124604,27.142914969787817,16.780069416859693
26.669299832842672,69.27540849389497,6.158309481739935,121.21318480319688,50.43093038706956,50.19636490669318,31.18079340467479,17.64997910336556
32.15683390915592,81.83400718885947,7.054337209977862,78.47504193746735,85.87178994278139,38.390832733451795,31.20507472254754,19.70662652190959
30.408833638364143,75.47480661862762,7.21163246053283,71.03274981370483,30.725468805470683,35.86222271981483,38.08599946322448,18.855864014970617
18.43890403284297,38.86621345964213,6.4333048389441885,96.78618348487971,41.20374082267163,33.7446163973533,37.69666346193037,15.243720834199683
28.110349951530242,66.67343842514826,5.806755289654379,80.05100466040011,64.5100154701725,32.77443911539503,34.16453424168866,16.369057615230513
31.64466659767705,72.7607909169097,6.238078414843303,53.71533552888363,52.13879438143361,39.82769935789083,22.00683057440569,18.014722269043105
26.934042603446013,73.37794533241123,6.408005669948518,94.5305589784902,61.368845510168576,37.9065693760826,22.30867743054558,18.58573187687999
30.454902125929834,43.30057748828053,6.752769438451604,103.19306249293867,52.54634644305307,31.74696184177834,22.896868237723314,18.215042352035862
35.06135222850383,50.14447144474014,5.995993388414661,138.050758344882,70.61084826739972,28.562152461970953,31.884162313653295,17.043968339573524
30.118547730534907,74.91837353612432,6.115418840678925,128.1041703139918,34.887337165501314,38.91243907741418,13.789431561950867,17.650728894213646
26.246542978208645,48.57359443976031,6.755338068929404,136.59829597698493,70.13689834110065,35.658023820561695,29.94979942028303,18.864018821994186
30.225442370423767,55.504559150035284,6.969454416019779,121.61072495180525,67.56494739806399,28.586330267181342,41.26914173163309,19.081928576794713
25.724439165484455,83.63813714252954,6.1892029774146575,109.97838276849924,31.8456632865443,48.305710134214074,35.33460827744512,18.624748604387403
25.119515216424777,59.283011244228156,5.833391473024502,63.131652805843224,59.459981148315094,57.72092750825249,27.19417911243373,15.049893072302073
23.242928821431338,49.09838793249236,8.142059100643943,104.49616593805824,49.354401016451156,49.62588213984225,24.413956690001758,19.225799422576987
32.81706679416054,46.83573964705642,6.891652118544357,117.90381331992444,40.90126971321404,32.79811988323956,36.44572227821346,18.21424357210476
20.907856670289995,64.99078994377781,6.366498119116484,143.7231384811131,21.670712154234206,39.497703154100634,32.44844292841819,17.398620486310257
32.66183862339058,40.00277987284187,6.93451563776542,120.5886562519544,34.83779493324025,55.404289516874606,28.028540379338075,18.01839214493817
27.499320618701855,56.289960541553725,6.437771685142789,137.21150303816265,60.62168210276884,28.26300357222507,25.28775296875087,18.411536650854007
18.003469125990293,64.99845802485032,6.933578444550093,69.04006325904282,62.207619038908355,47.82595126685225,30.611063917498193,17.599937293795787
26.83824646495711,79.48724730821502,6.579696598888111,90.20747121555715,46.839342791357424,25.5191679185601,27.575705888104093,18.279914667406295
14.49986746174188,70.01322120554994,6.5456359490837865,112.88052140983812,62.25477714714926,56.840376274313286,36.27503655933372,17.291706527509657
28.12754008415518,49.28902323026732,6.443209065884606,134.82858072227685,64.17890116841205,35.696854752490104,39.929352767829734,18.178487296369553
29.426157414944957,77.67628976345581,5.776309333268455,95.64314062483241,52.31959937939521,62.29043724523813,19.06200137725827,17.542672073982747
22.03822022173973,55.50727443678784,7.4690474496965695,97.5266212255254,39.164995642246936,57.2806379864183,20.193443419769284,18.913307040787817
25.617738479777913,41.46445466925886,6.029233039866129,120.61420918008936,56.61581169223467,38.93569490418612,40.784449501189854,17.05807608235746
34.77078716875143,57.41937961101791,5.819988211844703,66.22387518564626,57.30477061488295,32.805946268895894,31.32655154131164,15.42910693261094
22.471266478690318,81.57253801718552,6.393570058621816,148.22213649470288,60.109165855254645,41.94775471890914,20.94679490568927,19.89500839364632
19.705462064716997,62.478600750973875,6.019264093244747,73.62591720676946,62.98104905003359,38.19841033353436,37.86601285328514,15.609470454515398
32.40831701231299,60.1878279649468,6.474143604719864,42.44231729322091,29.567531421181677,35.98433036414408,32.733480799110666,16.044391992562677
34.81293595265397,84.5581746705428,6.843881924280884,100.30201025567742,42.35106131951387,23.41886745421703,47.62596609539914,19.43299730868052
25.018478359239236,38.52967729418359,6.997651450264612,150.95376107126694,21.5206798146827,34.85446416345413,28.11758658187567,18.256199065162484
30.05731517704178,40.71601328920842,6.907365360810841,117.59359391000831,61.204940575330205,28.895208782437603,38.8696319765497,18.454509338815654
31.707379577654404,35.762302935497516,6.3471839726071595,122.532716290109,46.815328280293755,45.51647706425236,18.40932448693792,16.374485049965312
21.28757883730808,65.58972279720082,6.5247959138307925,101.24157286921343,56.46221106046122,49.910713165974244,41.168220401308574,17.301077751481117
22.57347082316066,62.49739690672687,6.703939525448745,95.42867508186467,27.86481877714763,47.406840039235966,37.553280465689234,17.322358257999625
31.154372565773674,83.14104550919664,5.6211062880289635,53.65271891220653,71.01471274539576,43.423750896275074,42.834779470350185,15.939022422295833
33.425071393542545,63.652126157051555,6.78529235005993,32.218412262874416,32.084912530710874,31.47092932859098,38.88464254006988,16.234400526321
27.814404300871775,53.93764260781046,5.771350356208084,105.8881701532259,61.61844956573688,42.0540077260191,29.207614512994578,14.906822955416398
20.60092823248973,60.026923093171604,7.520173299453244,139.37647583020677,51.76925256338812,47.92765143644375,20.63098748770513,19.181399570568644
34.935305558497205,61.76561127691437,6.297742457679153,110.32401114484196,47.15835833710731,34.1376442560027,25.183576797087696,17.934688273263937
22.345145510940178,34.923580900077496,6.407562411402704,118.7079858115604,45.947598400817384,41.18986421395006,15.910796902415044,16.409185933490335
23.32431109414274,100.0,6.115146450381072,147.51152636918619,40.42905486025805,38.54538410730077,22.63280775053032,18.64660013512795
26.711689172448107,67.79806527152867,6.185014984072155,109.86300554323174,69.42794265351154,56.62366669610485,33.40689079366746,17.318986069353432
32.77080210357387,63.150124620338836,7.63704678457162,96.32034699077141,50.18919251528364,48.515481352645246,29.61797696939851,19.55789475049023
29.269879882761117,69.2274597641787,6.970184844311649,75.44425583049804,30.9616770447017,46.09159611748392,28.21127887894223,18.549179869202934
27.074327501809552,70.64116470879908,5.725398777426081,160.6663768891626,44.240596969477394,22.83306266034565,23.655176672420016,17.87550165818473
27.31644265059053,57.89169771746352,7.252106450342615,115.79643337461042,51.925085408044076,41.728373267675835,15.820807913133718,19.51120879093678
25.21757334321733,50.53138295638949,7.0966211375707156,71.69194852242008,63.46707922167988,38.4498657107543,31.456664905898,17.48973133431486
27.79069757259253,68.99176029482555,6.359393768855856,64.8649699659629,40.93070419224189,38.36342889430127,33.03328153974915,17.33410507907791
12.352199611528485,65.78566260797179,6.653348471014919,137.59191180786738,41.933351662931784,24.3658652725836,22.067491519626273,16.123006127012417
23.516962704651007,47.85164851365888,6.492527960289463,68.87674910775023,50.35148190721108,29.122313777024306,25.73247783869024,16.056417908957
26.206609674583905,81.28553417050895,7.4862899522234665,155.61502472506663,63.101372299209885,39.31982512094217,42.33706763271543,20.0
19.244929581902465,64.40028054484475,6.101854905503955,17.306116087278664,29.468681966059563,51.14355778190461,39.275983628589074,15.15412864300061
26.9316165890578,70.94729043401446,6.573005304887864,142.6778559336993,57.58031946487618,34.09475430160577,18.12460350616839,19.472924605658104
23.97764389506939,80.87881331519878,6.285927334503598,114.60684433485893,43.03906204807016,36.00061272895733,29.32290890215395,17.829175767168135
33.77737849157745,60.32833231747252,5.783479797691073,103.55783269170622,45.1335112737727,57.81091995286208,41.639645458978016,16.247723374822094
32.865098626074285,64.75428010476173,7.595819127527493,94.7362469487471,80.02363617694624,37.03177610832164,28.268632021539844,19.846229916271486
22.670972154409185,72.15040857759175,5.909216710448794,156.7218954578209,47.05296163172712,38.71210476146419,27.848454492742697,16.84051460741444
24.245811442166524,49.12708374299922,6.610064593743888,121.2117657520361,61.3204062546287,38.847552179482584,38.74190101394461,17.596777624930716
24.630262171958037,60.81077494269002,5.629649696809833,72.90389173313646,60.78370755805023,26.544948535954894,37.89655395420173,14.832443563060544
22.741702619201888,61.88322879976724,6.300464730378454,48.43270131913356,32.2996412885224,45.71798123415115,37.4824267630448,16.093360290361204
25.975124920140633,45.659121724749085,6.710984410716729,105.31891639441925,22.31908512165644,33.471238814156614,27.904122006606958,17.385290699206813
21.20858965556205,94.76455183010818,6.087633010248819,99.96786599387758,62.31473138625366,39.69929382960262,35.303104130200374,18.122926645822606
19.346923325312368,38.89059834761396,6.793400925367828,54.40395887873473,33.74680711327222,44.44372964417797,41.957964111641765,14.52797369208238
28.113556119501343,40.52844144469263,6.365479454055959,98.33819423552993,25.037255681434594,59.425575890353926,29.601010412251384,15.860091532025596
28.147647921109055,79.71339863555369,7.080041256199307,82.78196100777399,65.39243322266297,26.82229955453757,26.77272302949064,19.151852570939486
20.978421201700037,70.69899376194813,7.180880456670112,100.27870204920083,34.70859899336611,48.649821850662235,39.840581112717075,19.046395022620633
29.476777153812996,44.61052773778833,6.206627619634994,121.77770834945206,38.41223786473409,48.68723256173968,46.363518423176984,17.295846445242674
21.842111354173344,69.10933522652539,6.538366429696478,144.77829842392106,79.61559732633943,33.617852272207266,46.92003906852658,18.803594984434667
26.265826190189905,82.01775667495964,6.591727113236116,127.26667109107862,25.103969579276434,45.99503848051982,27.003908001800397,20.0
29.10172006306228,59.546054136045214,6.809674647717349,78.35677750509383,31.15570937889612,56.43436151291892,27.807678004024865,18.737612719018117
24.831937176481436,98.98234350111873,6.507190998122133,111.06745386487583,43.10452786289119,32.35028790787558,21.7667013349076,20.0
27.273704560705674,34.139072836979466,6.595105479671421,101.89321364476072,46.39614740248367,42.41469797135155,30.944418595318385,17.025187765890223
22.417851780562142,70.40735180788653,6.3782967626024405,60.036131361072975,36.5938207682352,44.04801363939785,21.407048548339866,16.821450098483513
24.017667082859514,77.49792504331505,6.557619933486009,111.94698354076817,32.62017354015625,45.3417885495355,25.786932466340048,18.725699881355286
23.970702845598296,73.3701585240787,7.148970096767567,155.70017013753142,72.64991486647897,47.692917607160126,35.609038385299115,19.740602403121628
21.267108267298806,56.934664100315274,6.8230416206059274,100.97279812561013,53.944791861570735,41.66304828252174,33.11981928111517,17.11316820715665
24.11612918442109,55.64337776983276,6.8506278197216846,52.17451960823798,58.77753116313782,45.134361863480024,15.514229558663782,16.878773451152522
17.256908505681267,66.66217756630886,6.861535162067789,100.90806013325857,47.94162235162196,30.885263498762768,42.562338386195094,17.49991688767195
22.544231264289476,72.23631729978104,6.423095611059482,63.588634030802496,54.34182423288705,41.64003493639557,21.304031302786107,16.955202238002848
23.575622533151645,69.03710154423545,6.659413521789765,125.90816520658863,63.99352491664386,35.236587343194856,22.312528608967973,18.863559243181932
23.7191012375231,75.60086836190084,5.957413160832128,115.74594975175387,35.05551478181998,27.701710948459123,20.088622785884404,15.902660207689918
23.792512770646105,44.71695064399897,7.1344038281584785,94.8726983957577,53.972539947769725,34.908554505630995,24.70973329148793,17.838027960261453
24.691179000699357,56.58343531314548,5.10851978382839,90.06507202432536,60.44063470111837,42.69456392198058,22.825548970673378,13.52459373481431
27.39720759043032,45.899761018143685,6.456425803832287,93.6329709515336,73.1719601957639,44.35797276370193,23.02053247048878,16.987214472769494
29.372585370662613,54.208308358707875,7.070447988575137,100.24823483026961,79.21836469702642,27.31540879077229,10.285823586148442,19.115654530876142
21.751173865758666,75.22831337721458,5.818066033185329,76.83294935975374,51.04789695472642,30.62323283275129,31.03941913643051,15.273174487074037
18.983995723054278,61.61975881087843,6.699889958808425,58.367407569956896,67.07958424530702,47.24656279693221,31.856521342524477,16.529672697568994
19.789777938784486,99.10288744724654,6.159616776710487,134.16096840083944,9.947480999426796,45.08148092615863,47.95525390313768,18.67518774316496
22.563985394025366,62.90109550784575,6.315598367405566,88.43797070509126,73.28424364065071,48.871026620463525,33.89072798132448,16.71923733506637
23.240393410917456,60.895378208696044,6.972970480319719,105.01129312507432,39.111745074187944,53.678304271765604,26.027287842254836,17.344008403928555
21.150019669012714,61.59274379160325,6.5990284629425755,108.55845853502483,46.383538265181635,45.378871095905986,20.394280172212632,16.92792563138499
18.519416678750527,50.43286960710096,5.482822066057818,109.66061438965642,56.616567265505324,35.851923728291275,29.229788321605906,13.84359985049519
22.71939586262906,59.132450814336096,6.011787230134201,64.78546008704727,47.698364490267295,41.14849458081917,33.58978311514048,15.334571792957203
25.907133100569858,76.91682040667469,6.9876678674443795,49.72479506344457,52.946800693522015,56.598971009273825,25.973211045447638,18.49955228744059
27.975147329177823,61.70956002191659,6.724471359096499,82.33922425924024,73.81539452339214,67.64448997785387,30.488128210788577,18.146669797717202
22.212884734458395,48.09810405174793,7.374067786262142,111.87134597250859,44.23669931981043,44.63096365742359,45.17883275247056,17.64935774025814
22.93501088928283,46.12373069282047,7.341323797006648,78.16150397577061,33.696142752491696,45.35554138811307,26.927118983686697,17.463988096684712
20.366508455763448,53.24697162501235,6.328877434926604,89.352359389023,77.20195785947827,47.257083669974165,14.905795561660089,16.25767169472905
24.842804148126117,61.107951516163205,7.751618902534744,163.81892241248704,57.90146325507016,40.23792845819363,36.987894299131476,20.0
20.757856829045927,77.90379803214392,6.512239834925955,44.63728345586393,78.83358462970196,51.63853902342623,32.51457156652043,16.891598826187096
27.865639066206,39.89267037950345,6.018665732795487,77.34898012268505,62.95444865868356,50.08045292732851,16.328063909936695,14.41017105894611
16.070667540329445,55.202605831668656,6.183180067044711,156.89812205721785,30.14608411979845,43.54376447148817,33.421149418210355,15.02444153879349
23.20185163773769,62.164650291526186,5.37163744735529,98.6620398401433,59.68077007635323,36.819800939943846,22.017091606898028,14.366522218051472
26.50553669595871,32.494413485558475,7.303509504124641,78.82044503503268,35.240779011761674,24.793036126228632,33.53057921891525,16.956500916033406
25.91917258161252,47.49602575550391,7.297380994521932,135.0630675103336,50.111477036595005,47.3241354761425,45.25810807363433,19.02509967331528
38.46516831990248,49.80167190395721,5.992246280593339,101.65691309443334,48.864283945883635,42.128583152261044,28.58424532525423,16.089045212508374
26.749000122839536,48.06044439224252,6.386057855809047,89.55074814867982,25.735042930504157,32.62232269345899,38.666169592291894,15.600479790849935
19.97972701578995,62.87834317532471,6.547803772056289,105.77106781112533,37.8078426565732,28.700797350053726,20.172101457180982,16.04702626118753
24.522678764554634,57.59160585747304,6.019823473928943,80.25673571851702,83.0778095023865,46.61432849383252,17.844646829298554,16.429987910259452
16.11876833266774,51.67070846098446,5.62244898436442,69.47526811335766,53.575661072617464,23.98763678383035,46.138963779165366,12.942913497711904
24.597001253516197,66.41943939828953,6.394821198111544,96.59209217095756,47.366057980055714,42.99641187443805,32.4625201084507,17.379991146483817
20.834719714996208,85.84612076469375,6.339460285270377,69.6700911977198,77.19335329911388,48.435504091688934,35.0933595292907,17.009345999059438
29.57695137780081,84.58884775112628,6.305794379505612,100.32079935389442,44.05647034896247,45.49892886416623,39.216178422763015,18.290048524626037
22.252298627022327,31.158423419064956,6.611358031300482,110.63219702423017,48.628694570463196,36.092602256415596,25.777481521616338,16.173213967629913
24.416170421023768,68.65608275752709,7.214759829262996,125.59181368154833,64.86204284184275,27.50625515525086,36.60093087810134,19.80762763157919
21.822210792977984,57.32965064904242,6.348453640154137,133.83774956550482,43.98896302075475,45.870192397951904,35.38835329847054,17.353804267197532
33.69425675926666,62.327330142980344,6.5852214993606815,87.82790495103245,38.802188909712484,52.005230919534206,19.641561433741085,18.72711814440315
23.39378616941044,54.02575449686177,6.863435261872468,114.98243823817208,16.19365376958924,34.272666452569595,42.10388249130149,17.415679087908416
34.16278521739601,61.76382944830803,6.777071463256374,114.7757033861907,35.95252529925858,45.06908200292859,40.454884127836266,19.55188598023135
29.070758810591332,62.27111094108028,6.192788237776079,109.83456147447951,35.8095838101558,55.815151187318094,19.730262087698172,17.596186254319726
27.41033363667693,51.315723639766155,6.548188561557018,85.61621767148624,52.37850043202915,43.3884709644161,31.60229153169436,17.255059305033473
26.8436657365876,46.55448678262229,6.773769910084527,69.15796562607667,40.84312601408336,36.031198551222126,28.15136210469645,17.26408096132152
26.968986491081257,53.26956476070774,5.9358243312446115,115.06005667199679,82.37028516285794,50.40853540063158,41.3464597594075,16.57715188214442
15.36163710327195,63.51388896685148,7.131769505398254,48.7941231342085,34.13556604647791,32.624390258421876,18.715103951051113,15.883796434746525
23.60558302924622,68.98494512526396,7.215794452607056,91.96481702295067,71.00970030286108,27.01807984946977,58.819320193684234,18.47739158169859
29.225789855921608,72.8002346601022,6.138609872277753,23.39106953054207,53.296294326913234,48.1232119114598,28.604126645025005,16.777865898385574
24.75551408262947,52.587149653996306,6.596835009174084,59.907927299252094,62.101610535685836,35.93837736516437,35.90756132944953,16.81944048524945
17.974050765982124,64.25766850954105,6.821139128335516,73.68598184657726,61.19029392103805,36.83478985996315,41.09998665602242,17.562548859651248
24.73797774711265,74.43753887929948,6.2271929218356235,132.90172622887852,16.72646704531375,33.73059364448929,28.432005254638845,18.0197022924163
33.520527581277456,77.48392342716193,6.7408069228440475,120.64324073212806,49.82670981535164,35.27182604445916,29.080464915237773,20.0
31.234458577673596,59.11750718802717,6.581627813146083,83.38195948473273,46.06657794149252,54.03033427526866,25.977352849450977,17.46975343870737
24.689979953169843,56.68602412590582,5.7660409111806,121.88109385389252,33.005328579630984,56.62498765783667,22.916274990951056,16.507678732688515
29.757246385290433,62.86686350754588,6.729580657989279,126.6286889014119,56.89439055823802,57.949786361446094,32.17487318234176,19.081700974181675
23.16746489815974,42.754387906538916,5.949928791864482,95.18005454875835,75.74810473816207,50.901206211775126,28.917866558600362,15.502192878807332
16.480642065866405,57.095857334467375,6.969601425831024,58.468655673589296,9.904945341739008,44.66271259773238,25.925006413396034,16.177752358948354
20.377670059352226,71.16879597709695,6.164394462433056,93.76263069801658,41.982954862374186,25.677144080668867,26.392288415730388,17.60958618777568
32.81444384254099,69.62920694165551,6.419357283169427,97.06322784483591,31.313507538295656,38.124752970996504,34.609867631145136,18.51176294794658
23.63003459085348,55.94598593454167,7.1861394567232875,63.026368275093226,51.0766673935654,61.567544886236874,23.619491765195647,18.250043980713606
23.78308010312491,63.2657730163075,6.748190823264423,111.01140378789904,45.11568075275006,35.643784212473456,28.02428185286216,17.895029652510374
23.500809018625596,47.630244895639684,5.960263040212728,108.39435562907066,40.91484180864233,55.14144474772275,37.18933913431285,15.888119035493045
34.52068294786503,70.55238222337537,5.992541714600458,113.35128099682561,60.34260242493588,40.55035819030545,31.977803760554394,17.770707471701293
33.12979457681032,58.8326784579529,6.200348605688137,108.3676929150233,74.54271951585648,13.218576141468539,21.60352586913113,18.136764825088942
36.093901167240666,55.86072822455793,6.6973220416783334,121.8952910534495,89.91977977636753,46.404855636689625,29.80903145002424,19.03945963654745
24.204773947999744,54.574142458599205,6.6791499074663845,94.62015916380905,38.90556427297118,52.662546961783114,33.49617296914376,18.12811115226532
26.478122443735476,59.05659199650213,6.078448847668565,106.05355322112861,22.68686672272896,39.51004031359456,37.91417752988994,15.939550291801993
17.416787252896043,53.28183532602062,5.9163952571928204,88.06779147263403,58.3879465111751,52.33051004485414,23.956970666040796,15.468452091091658
32.38467213059137,69.87214554003845,6.640791702542917,82.46502353134149,74.15727102984805,23.32172485582913,25.531762218390924,18.052128648329223
19.161102243660324,54.070746779757286,6.409069967104919,140.14748892286227,62.205349505610926,26.144357361006307,24.438720090238427,17.498772253362656
26.083877818813146,83.89446144041072,7.578607943723869,38.686938954205104,74.09520559295467,42.04864308085688,24.83583840486569,18.999946464198842
19.51348736183578,81.97815755222071,6.5183018282815395,126.30279967462792,46.61769994096821,44.77114727817532,33.24003772557692,18.851501970232
22.05566586630652,46.62684765218243,7.407126413850137,81.38377373663018,40.85638340340307,53.56578868592278,34.75591303906919,17.16076029469614
20.8136878447515,61.04556404143921,5.91480820094783,77.49885467070636,51.73153861101969,46.389244667485606,38.40722794306467,15.945874156924047
21.96062369662091,50.24015067995708,5.713393530219147,107.84732452196221,45.041702189496675,28.06370910634957,29.270600727393848,15.236269393383218
22.304386484255108,55.10028655217083,5.9399574337372325,55.31171162946992,59.94641032010516,42.13045622074386,18.757416361764204,14.592658612038056
22.258656025374613,90.03641201467195,7.094564890726733,75.51930784161391,64.54651667005236,46.00727445288149,35.355761315659706,19.78423257528068
29.166669558901535,55.38642874326301,7.378050794846767,74.52581060461024,65.72125496857828,21.257660013028712,31.27314942726067,18.960185140721745
19.4756860346874,65.40339055616143,6.108910273023683,93.35805225444716,57.65889006206585,39.563665302619846,30.479755834528024,15.736618717210842
26.102707135069334,68.11981941012418,6.269716985120221,75.87586935517935,53.68733490012949,36.64417456061775,19.73277209351022,16.525595625703236
31.089795761527792,44.99055941275139,5.91550954489375,148.03356056917806,61.91640033876272,33.45306926254255,28.433313091157274,16.354164135805043
22.43401817743302,47.17356788386193,5.594180076440806,153.91049549493863,20.55512138520918,44.98777051752672,20.45076171099425,14.576655471584203
21.41040554626199,41.909664428878216,6.8592058488883145,39.3401943175581,53.15856128500913,28.50318473442076,33.855719907566076,15.06064863427392
23.847376874098746,46.710438991533344,6.611510151481082,116.32968114297209,50.78717085755677,44.16879512003649,26.56084777036928,17.801771608719108
30.89862604180355,20.0,6.505243991336938,125.75990317232724,53.196205939573325,45.594911292088945,25.843724829083534,16.837620661767026
25.97053815476679,68.16873601190441,5.79997173141831,116.28955607173316,48.68564680618653,50.837633102609736,17.702756135287743,15.91724117655575
22.343928526962006,90.81290761884105,7.31997834091433,80.25659520724916,56.47783240192424,28.76580737207395,38.21676695747234,19.437107741302373
27.419383255940197,62.217311085547905,6.248321630975264,92.67713313524375,41.38095617698978,24.947657816454527,27.931482950165154,16.366076987437353
19.488539250817883,38.75596710989089,6.766813212408238,77.55176035666913,66.94285144180445,42.78903607339012,30.69584616270206,16.465401473639393
28.40679755221474,50.35835425650078,5.772719297377638,87.39207906523514,57.104746661202114,37.13728766132298,24.116079274459562,15.167555557598677
27.043036538508836,53.11684732462505,6.404737405189981,63.70104913998472,52.26028786825791,69.02650262493721,16.795399520266766,15.942865531911421
23.46095764430558,44.73622834179936,6.645687228119292,96.5563353509635,39.537251440458206,44.58498476242932,25.74699529458197,16.837992576083806
20.807071007763845,72.90273957592736,6.663537609026654,54.9159486608479,62.22975327811858,40.581617117041816,27.027669297818292,17.516460832896648
20.566595388582712,72.15390066563,6.577324271618313,93.99596337315587,53.09989547741737,38.27172044323584,32.34208016731874,17.196234822530087
27.674086681729552,42.668223092735104,6.747261246024387,62.542549327007066,38.66774909694625,27.81938154560551,27.159740712886943,16.24808259324809
31.14490251244531,70.87621566671262,5.934739771983519,106.20449085374212,49.150076863801424,45.63881552954597,24.253209122421765,16.921268925721602
21.813461264856024,82.90218995365898,6.59868630271983,79.61741317171328,59.436239288618594,39.20854973729202,17.97328482286133,18.758874864750158
27.29193351775742,88.5383730784434,6.556878841740139,108.71741043623612,58.27360308229738,39.216863165705654,30.387627963381988,19.327499234195944
14.564864906989657,100.0,6.615836342097531,132.44742185094347,57.305134517122326,40.944433254986556,23.62751844983306,18.5256525321298
22.076911346714002,46.47011025835204,6.536172608659591,147.68340808314125,51.38797087611616,42.212125299172456,40.56645227012559,17.62700403756649
24.84470533564549,100.0,5.863393613043301,24.15986232938529,65.38729299952846,22.607443540824782,31.201173290704816,16.42387914499154
20.45158291509083,54.68690417236817,5.841100123945513,74.97417718378652,68.56694755717415,48.370230063709315,34.49682272026393,15.326774865213627
20.31746812605202,51.11301816929228,5.3928659070577245,90.90741768663958,61.059839235133104,31.535556251840774,28.009690669686627,14.142800436470422
21.66110221765557,64.90608562316768,6.908767254922648,113.8098345514445,41.18823087716439,38.619678025313725,31.610242318143293,18.933801103571657
26.460963641631867,51.269079988604815,6.913828754867599,50.48936487536412,34.12907424064224,52.85904920665289,22.874277473837974,16.743994919393327
24.063354907968126,65.9856621096979,6.92177514561106,70.53722779599353,41.8409034954261,57.794485922701135,20.574249394643154,18.118361744282264
13.808843833375139,40.19884218394048,6.653394981230726,103.9107160797133,79.30485121965084,22.995055613736085,30.121048618788453,16.05571015130097
14.396499236824669,56.41871096904848,5.433440391140945,102.54664724580002,54.225438707410305,40.30244827674649,34.56313324160861,13.929047297771804
21.965674110714126,79.2837335154252,5.986644754107367,111.32855219260279,81.89662741289578,42.72913185166036,14.433505839507381,17.063284211151093
27.28843293026776,59.14408062853266,6.585207708796556,113.31027180664348,48.197024846188455,24.924699738085533,26.007172073567673,18.25022908951079
11.262475786373827,62.12393680109824,6.567759001395897,110.15783299347588,46.117794942606174,48.02591364418165,44.73697686310713,16.00195033918802
22.501349119241848,67.12887907075967,6.388625893423989,105.80965949894478,48.88915195033889,41.16262677414173,33.83382041335964,17.99548612689563
22.368760717412894,77.5599244397649,6.684458601454123,101.67219319979104,48.61738879920045,41.94159595694997,42.301168269523984,19.204508244825266
31.94168889104224,35.171629317158505,6.505825853842623,119.94289269173089,38.395236321984136,30.82447081658065,24.927640385691323,16.41865499156242
23.074890941435683,68.76786077756152,6.560385232775681,32.82032000307324,32.76727597749984,44.128866433813485,26.33675388004448,16.05801162702502
26.914944923704642,55.97791291137355,6.180467333583992,146.33000460913703,57.520049407712946,48.382239563899375,37.73386656275606,18.410035865216
25.706285700437316,62.49956842967758,6.991005493060795,33.86553847359028,65.82351076396046,41.27297883725934,34.98816284302661,17.551812440212185
14.347167600963997,75.89925254643565,6.284614195659808,67.62514549286524,86.67471950999602,34.86064099036946,29.24492339152252,14.808758593813073
28.841036083158688,42.08720022882234,5.834675458489687,93.19717610049567,43.49430639963467,35.63930681953636,19.899873525851962,14.284356173765753
26.07698252728144,44.810333378353654,6.1145004935906355,120.17838673269527,44.71016769703888,42.20395707125966,39.25481569781528,16.797381148761275
27.54134319837295,30.968550604292908,6.32576690431901,10.141993276011512,38.43156058323474,40.4879737838063,50.08182518022169,14.568624742992663
44.63118853218163,51.76261587354335,6.997001394184423,99.15627028174497,66.88591144060351,49.04822119119395,17.425070493625974,17.549677658704123
14.579435302507058,79.95648516568225,6.478866000782603,123.77185118247203,62.22481182194397,35.19741712475834,41.22895319799551,18.075723484235745
33.62348324880554,58.191192172897956,6.406925890517176,129.8355434808543,36.8459812718821,27.816193972591748,26.253590858741028,17.98563291372935
23.56276240299822,39.89812656517822,5.875668287618686,79.08011024507624,36.46702869540585,43.59386077320503,27.332250791694804,13.90493112935453
26.436644522015047,52.714818831374295,6.892741294914789,90.97494139134903,64.28772137893846,35.22470147001297,32.15711590030667,17.67270607461471
24.77243877349379,37.68207444764066,6.174023922988307,81.51555613322115,55.74794226812612,47.836819490363666,20.355813766880022,14.812572519816335
22.878818333009782,43.122208474032576,6.449986070529332,88.21976039421746,61.37583069516716,40.07538630457601,29.70289244044492,15.939682991562321
22.15083535880621,65.8322836539557,7.240091538440932,69.04520347814695,36.7584728249163,46.54813204364822,17.10997097758264,17.037495344753378
26.647543677865045,42.39190010540956,6.754381665524653,73.32243512587246,21.8341270413469,29.85682953269212,33.808659918225636,16.36267078072628
17.414131516641604,76.68951457804953,5.685872976142413,113.03130766085104,36.87552474979745,41.43386263229821,47.86977630370535,15.905134676650308
28.75289583760883,58.93319563754496,5.615244881823764,103.94846119818226,60.316500950168404,33.00736792616084,24.8837480866907,15.053536353307473
22.91902797557373,61.28392055916788,6.467844774940377,114.7475952277142,81.66586967952337,27.7962634692378,28.650053293666307,17.810952811136683
19.34965330479821,55.82440548588159,5.893629692562597,106.4204316910251,43.55804015708588,31.38892121928985,29.044174591418013,14.790743532601482
22.74993571002093,71.59271757815584,6.824273373816499,121.13015803442786,84.13783822815299,34.55522908224141,37.89174875192802,19.558678635748784
31.285746084312866,71.74739831665516,6.52113153248249,126.34641994464984,62.447296512375324,52.446945270238515,33.24457895241441,18.245321465045976
22.323324564918885,65.02581527868257,6.582692384511931,47.74850140401688,29.104515474367606,34.290596005073404,37.36276808281543,16.74144542461124
26.7922680910481,68.47183658861472,6.146628409178824,74.37071048756913,53.21050756716548,27.284597497217767,25.950117318381018,15.830816140003112
21.345218621422635,56.818654951193615,7.370691827643353,93.05872127529884,62.95961417617791,41.31477422496669,33.46855203855837,18.23728989759873
28.7896092496181,68.13304510363572,7.92129686400523,99.31967423537976,13.617756521709701,40.291806606776746,3.0575541365131365,19.232676657448224
28.42753869395102,54.9318333678929,6.360707638121642,79.897282785459,59.66676736870073,35.07946987989802,35.33970057591223,16.784074593171848
34.24304416648206,60.03347433243603,6.676519624207501,127.36071012964918,67.5908176973467,38.38776534153873,20.2576583296379,18.27986141174345
24.122180272503922,55.880343759505536,6.5487086715321565,159.39845104871796,55.983021861967146,49.76227085996571,27.379248948000594,19.511000466769442
28.343274023789533,53.14172191021206,6.370156568279466,105.58485866745202,49.07418183977865,46.70705765399177,35.962008869153635,16.77344764390462
25.490337697694724,49.663323034173146,6.083964766133602,102.53023096594633,47.4061012549789,45.84230206873731,17.711281339040738,15.580202896810727
31.47935890931507,67.01535155788328,5.957516006259762,125.48368765312993,46.530165084622666,28.163212154797698,38.715462385776206,18.404275710162853
21.40583806195635,79.65908869220195,5.932201367237238,44.02480734389692,32.36030294349336,68.86548061715322,29.005561509690207,15.961285939482856
28.725026564386404,77.56652957504339,6.702620012774573,100.85406821315232,39.68714252142549,50.51252210274222,41.62492389029791,18.566236979650565
24.026513519416593,41.15151996081847,6.2401627608981824,129.3710747640255,43.751089315217605,45.17028563190872,22.77724672771371,16.428184437165946
24.679059114457512,79.3380457711031,5.210853574929735,80.70538008396665,51.70241519338613,28.3568822560279,15.497698205224413,14.399375414521284
25.458762422241865,55.22762247573107,6.722429110299161,63.203182602941034,41.647778635144,49.47730112734107,29.768426277295696,16.20665707953735
26.261201982133386,69.01099522718387,6.480869358767922,94.42583169700666,36.96306136253105,34.988714897006716,34.69660854277794,17.432658676433
24.41885478439021,46.406770019291834,7.173336500700573,98.17943700394238,61.39656288688768,38.057291953640345,35.367495510481774,18.00229172050767
26.07356591585263,62.12969870811008,6.686561198545505,72.74043154253624,55.559209579217836,23.19220723940717,20.91609491258211,18.043910891320667
32.89059028781092,64.7058477434536,5.760663201844851,162.88483828152852,41.9115569481565,27.585169140594907,17.002935439040712,17.404325075740118
29.92724842807609,37.73092812120521,5.38516167963501,85.63910856976163,57.594177072313805,44.38546498827135,27.50140820878748,13.720036511738899
29.34577296248448,69.12400749516284,6.140263807831031,65.39021945720293,43.20263159471097,50.0623467527049,34.13155192380472,16.51570010624037
22.722302369880648,80.18902511757473,6.187446289653174,97.19136042788166,50.9459754423218,46.84904419795035,33.726294256850565,18.220143895624837
20.55379585885838,57.38028081477558,6.971579600500084,127.23581913113473,64.625660820843,46.50818996742949,42.57701069177716,18.977616331212133
29.776502791188765,80.4025219624202,6.495564533855213,100.52242746994693,40.94388360250605,39.35233543040293,27.012358388660665,19.217960631861274
29.380233962648973,57.15459759821389,7.066844249049255,114.56781760132007,32.41382588249385,35.93292984633788,15.24082849420249,18.7798008094168
32.36335337875491,72.74376796569926,5.837583472148683,73.85468217000528,47.822981254679874,42.88895143565394,39.57333150627388,15.840990834253393
21.98009687015385,26.721450510733508,6.982632192190224,144.63065339210542,29.54802475721807,48.21408323100274,31.561562512886034,17.708657515605328
23.852256723198266,96.28166668970195,6.8604945767154595,116.8513308375533,45.83827235973537,40.04862254933591,32.257503284007285,20.0
16.802579187372828,82.43187367864435,5.490882944284402,131.4310470663283,45.790437810298144,52.10252019913405,36.13672313685267,15.57240871163576
23.037644469695636,55.73061743619482,7.161308920630386,110.95481897425508,13.04473814141655,37.84930736183993,40.10914872294929,18.327806328729565
29.982852552897235,30.41866460034273,6.546729245883176,124.74652113186353,57.95952745616765,30.197210647039487,29.81584012679838,17.125112924260577
22.66752310385901,64.32042552458233,6.696022251934253,73.80842320968318,47.25965349978019,39.896377579589995,39.41241306662455,16.838595330041215
28.20239897600412,38.34111679389365,6.067551943785789,85.25768749931312,67.72844679157903,41.059722782595685,34.41709011313428,15.532339133748044
24.047484470010943,66.67280306336232,7.1376235064609865,140.3944178666809,53.23297969691124,39.17969932723591,24.755340869536006,18.709562771635966
26.620285141107804,66.17348578746423,5.907073835380565,146.7922584185189,61.03412855473322,52.80655560882261,28.13409222265191,17.853878924626166
19.261543050921663,45.87895246496963,6.916046009186973,65.58803200842769,67.85058129810565,48.05301980724039,34.93395218718805,17.11152766086079
25.426047248169507,76.81450535421567,6.910303737954336,107.49208203591436,48.02424375843881,25.690590113782903,24.329401886048835,18.2296847285949
10.044320145496384,72.0836205420926,6.012916285913889,87.07168598544318,49.987652167041475,55.34367014198286,37.09167281709162,14.441977883456362
24.065519209190075,74.63735005932845,7.491686799711287,79.08905591905415,26.396851649146523,12.585829391708273,31.265468006777652,19.08787993292602
16.8476337814243,60.13286555503343,6.61576424010876,108.5451908606635,68.59306617851362,61.510243728524976,33.05294591279854,17.629309219368654
31.02997258273408,38.7671389962944,6.826946305135512,134.22888797096223,47.81453900417668,37.12694486443124,41.524042588401215,17.82851495903254
28.887036763822557,74.66808408316706,5.736439602332122,113.54987419852581,34.91404174478028,38.104322633485,32.85253502060959,16.34225800876866
27.333354909830405,55.944429012963134,7.558865001504282,90.41462650242894,61.09583729731141,39.3998376102636,30.57129483132251,18.733046443977962
32.6050311357969,39.153297852109965,5.887721529887455,115.4458353980548,17.303282120536224,43.852054328401806,29.339292295135014,16.179588159502096
20.255417395875813,80.2805904896149,7.012443216382965,89.20071479257297,43.560886656902326,39.99736798733157,28.922744321754067,17.730036092629593
33.73681598957779,91.49111280753765,6.002614141034153,112.36342902191805,63.624665618177616,38.66604811162732,32.49839491362886,18.27279360165331
29.660957821301924,59.38127806531195,6.190505598576158,141.893971013672,43.43417222051142,53.08918309356186,40.90658387293132,17.93791600174792
23.81722356390527,92.38681731904937,6.894377021942724,37.68521022097517,39.23117073577128,45.6559607975085,25.105789917326646,17.9453247084042
30.67810073591472,61.36972092917024,7.013776356837578,123.91756895620101,43.757678043305745,30.411961456292385,24.500342890632293,19.192374742332664
19.46853243794183,54.293161437504736,5.864357875442949,53.82835235288594,19.851061032971394,47.40673914335724,40.28031916158423,14.69303055869241
20.87742919236163,50.54312318721784,7.045236084528497,136.84983131633385,60.7321764767455,45.24107003183339,25.47082448113157,17.79392609381211
21.9570513838015,84.55623611989114,7.022490247566597,80.88923170381418,48.156709370346306,34.54726274418781,31.72875893082163,18.81598679032953
22.355111459679925,48.29784177918342,6.031023295577554,63.46985867180548,45.915130850078576,47.92138426362161,25.265620281473076,14.89746801576346
19.717211786198735,71.0290396496248,7.299323796795555,120.85807681266242,45.96997075386439,38.4242739877696,16.564124333148328,18.839453713122357
31.115415335476627,51.612542474111876,5.771571185875981,110.92510189427232,50.211196976968765,37.78326527874899,31.585801546335695,15.250178416888936
23.70572799815084,53.095398561384556,6.187613708611193,70.02439291115026,59.801560560081,37.510868825670656,38.92134315220841,15.592707954262137
26.762524841784398,75.4537454095435,6.739501312045994,62.410007284948186,49.21904688201126,15.718819430476007,29.503561185658203,17.61140790939942
22.148243167931597,54.2994473056597,6.0732168576486965,94.37555537526153,29.575451777302817,34.733006670653985,18.146731493950178,15.882577214203009
15.896983497257414,53.928069308695605,6.63190954283967,63.8773914948641,58.632741823161005,47.13173242125601,30.872564664403324,15.826241334360478
26.35028679195711,76.9920704576221,6.620538039401648,68.15581081229116,57.4785453650634,39.77588757096237,23.952388890836865,17.38880181460091
15.438725122901115,83.96095939832435,6.406462865038639,103.46862371264301,53.082904973246904,27.148135701442506,9.043959334033907,16.81671622675954
24.656829769572656,69.6703470492635,6.91620026929528,71.0238509723471,66.12861960441978,49.646312551920374,29.352930226211676,18.169264094944534
18.15842480583595,50.17845336564076,6.38581960367118,112.79617870079629,50.45568014619438,37.013998404566046,34.14147355110426,17.134525388205763
34.93637999615404,52.34087251053631,6.615770534406903,144.70430787650432,66.67064133483883,27.78424509338477,39.42164382505533,19.023762879586155
29.556813610873608,61.19872895610056,7.073235938743951,95.54333755298254,71.10816532217595,62.06012461671015,44.05483791969713,18.81807184475698
25.528768956357403,64.81395092888486,6.895343105012921,103.90453185956754,58.73469328286724,29.468274055122443,35.20748541909208,18.252473360085045
31.318533388273345,45.18201134790342,6.893008645407105,160.54290198506462,38.780995671830944,48.794915112857105,37.46853926884475,18.98481112275543
20.768420112671322,70.84556909369796,5.92541019889161,64.3719664786796,48.03821422246339,32.30685899145396,19.723476399375468,15.586024033657553
27.717396893350465,61.282699944593986,6.7623962877506605,135.73705585542226,68.58284051087561,41.35826834573822,42.974606412370036,19.560805837590998
25.99905216859357,34.26437522042806,6.060750604515247,132.12572793737448,27.535582008957398,30.978190366318245,40.138881452572406,15.861752656125367
26.32010040666835,46.06610276308904,5.859292510110987,125.6295201752135,44.12069497732087,27.606958187263412,27.063076120267816,15.700233522758209
31.36176750053384,52.43806989522504,6.464146826857516,138.75243552197892,44.85552745329884,45.22202544671409,35.453281002302745,18.268461227219284
28.66246051389901,58.90713466738418,6.047852406674205,108.41724897875856,37.021840994693996,44.052905451344,34.64854546758888,16.825871348119453
26.443618314125118,88.33918193255994,6.8953088594199885,82.51211513202198,63.093184248781796,51.44649444219064,41.76170808440315,18.87637661185737
16.72556281885852,63.572569592094425,6.907267729847662,132.837198736617,55.65222606561166,39.65618069704137,28.791137822720927,17.963593086625615
20.199768523602682,47.38842165152062,5.548686881784279,133.98526635138685,39.33412465099262,62.20351794126492,24.03013889839991,14.445667682470347
24.38645533202138,63.30946206460745,6.085848730211555,133.15941704479863,59.08269380353759,42.68346667437036,26.08001304270925,16.67300817492014
25.466861871383255,54.71868378819178,5.770106664041,101.3350624695771,47.623756479976734,45.66774681237212,37.17436786691094,16.909801174324308
19.34898137663038,64.87137359300313,6.268685361703555,78.5141645916002,36.647081401664856,26.415707548927717,14.64103671886133,15.959182420292644
37.058383377892106,68.70851530553422,6.727587834934412,105.74086762334834,39.30622384635699,33.859156848774695,6.023412486051981,18.72665846417625
32.58197027626787,78.13845970835906,6.378855950910806,128.2669005270351,56.540766121639095,45.19679700515977,37.15399205574383,19.210982214989958
28.010591601962417,59.63570256494961,6.2051203796664325,130.73055369579896,64.08514817782758,39.15772237586417,32.1984437132424,18.277432970906972
25.360184306418724,84.5844079139975,7.15008826340657,87.10971618776215,42.69847650567821,41.87683135034636,30.14770669042542,19.01099512053656
23.938955150494238,73.62033993804287,5.347571413701855,109.4611868838217,58.16662000503517,31.835062442858067,19.55562697609235,15.131046986297818
20.240407699888824,49.388406827817185,7.118435946759113,60.73665086542132,73.72631236366223,41.21946973471622,16.320881883237696,16.39554270683102
25.387402592594313,93.14783498622695,6.227855853422257,129.54850309017553,31.116941654446208,41.185458915917366,24.923767332014513,19.41345642431618
26.288762700713754,64.90491769905147,6.460945494943605,76.50073729824808,55.335048092579356,28.19564980114761,32.89356079495745,16.903364927185496
18.79119712259188,47.47313244041647,6.2363183311399455,123.55766078714643,62.45983536943112,46.4254984468059,25.31395429786236,16.73514305067239
26.670882086224488,84.79369576845633,7.271444052769559,65.52086267829515,48.57275275101754,22.999350530820312,37.20080160193618,19.300643505169365
24.223704755876255,91.16666377797667,5.88451075159737,130.94247719302024,68.5742481628347,41.84238080597684,22.367525263837663,18.779396996982573
15.460962210613046,59.504621044206594,6.505868184860968,109.65505570068312,82.98255557391926,57.65592693825501,25.845239414723327,17.006721793854485
20.69807494610249,52.445246094366055,6.763719325929999,76.5592691314916,55.15033022579454,46.80550537819082,35.62560843747495,17.350695911762127
22.931972332891778,57.41437563819507,5.694498616057416,120.74069143241576,46.496154015830015,46.74299246037104,26.98467986812347,15.22165371012411
34.43843828670095,70.7209759127655,6.0400509147769235,82.28914924584008,64.65474211492935,31.02573325051315,27.38120031741923,17.701102619535774
27.78276562266879,79.16784982545771,6.425910733250886,122.48665112335385,62.63103290566852,57.69062053152861,24.852092370809498,18.39294267984275
18.322592154500544,68.5573099629536,6.056667482657812,91.77665573857836,12.217535676227234,53.76718094602288,23.368474073577215,15.686034973189987
27.430181447088184,61.52584812707655,6.092204114390425,48.368586231110115,49.958966658633294,31.56409977104433,32.83341883116968,15.56484964527791
17.26348005530817,82.47017655456641,6.325068668461781,70.52751278557189,44.081007998913286,35.25236758185123,33.869650357157,15.85638655184011
30.413455269435367,55.30745290422717,6.824790665823087,87.08755873938146,55.950585372708744,52.54656044926688,31.81718750041026,17.79607503374005
22.64437674091061,75.46379007550361,6.328641111560928,141.04567071245734,47.09512579559315,57.96147378316758,25.07053115557247,18.328986864645696
24.531819056304144,55.67905802473082,7.039213097236473,127.03430891587675,48.72235861593497,27.353139649097116,28.38806480069302,18.51419529616341
31.62898323771095,66.4653443701634,6.001121108670323,148.71584236966427,37.051808608083775,29.962892302754234,42.76747826736941,17.740127013597395
18.56418215707875,58.29656152814323,5.8740388697632735,149.60905648089576,61.01793827636731,38.56213243577831,18.631332983203464,16.237463095246863
18.014409074435044,59.16221726020784,7.463172702860567,83.95747586227255,74.82563332203098,18.28905970557485,45.087130243429115,17.398706886454864
22.082003368269977,54.339202238066854,6.171020936167245,94.34539420723512,37.28492076177447,40.190451602094235,30.797758768940376,15.747736738258176
30.19189425509658,80.17281046771042,5.84454399646392,87.66160227008385,29.04417465279539,51.85743514029985,28.558988880187968,16.92783788096989
17.403269622615788,49.00610942837197,5.628973029114085,79.8546818409677,50.300048297411955,25.613629837642506,37.62702671041342,13.416096600656983
10.839222009447152,48.896516211769374,7.03755172690447,44.75515871990625,49.57016508447104,41.27106964975087,13.461871447533056,14.751980889201297
22.744205707955008,91.81490348767664,6.32934774266997,99.55756845949473,67.5639917918054,34.18229295004687,41.04255659663801,19.124515597737542
27.7587039995546,74.66771346981497,6.373145132466801,61.43303218866669,31.562075714322017,56.399459487539175,44.86180663158705,17.660775045736553
31.001308748694147,24.223294519604455,6.42039914420668,98.97484355397017,41.93067237463853,34.30208137866949,38.70378293967279,16.119317039269365
22.684193189573005,51.52111891184395,7.006471442334891,163.47312428688954,17.7844514109972,55.18993087748583,13.181717048714265,18.92339503414172
22.942866964419988,32.82015993656919,6.41023508301204,84.71964711007874,70.62475454317735,34.02544929188773,36.11334238240386,15.494717612035709
30.769503671278738,45.73963959877117,7.672026889416314,105.84322016884202,53.75816942485045,47.7117580533413,43.16798846414947,19.65242186986557
15.651291501522897,20.0,6.566880287027114,127.1994515742785,43.04850629028805,42.51945618362699,42.34199030188604,14.413799546354882
23.057396124084953,57.94515633459086,7.030892383479161,108.40873875897721,30.165927821132353,38.61727333485698,18.735286022188852,17.030600768283126
25.95211944962529,42.87087271258033,6.902619928952204,108.77452563826888,31.542859127341238,32.094714309460244,38.13085465282405,16.940187204689774
27.24609360642517,60.898578851946574,6.481776339870981,89.12792698935759,56.214003496870866,43.23095421317893,44.36456322223318,18.408091590194402
22.450966534045588,35.623181116762126,6.206514506989769,93.04366074816302,33.38862431598935,35.59464737515088,30.235725749168154,14.91789798923736
25.172205058529208,61.2436777975806,6.665981964283277,71.19968433436514,51.56008134722854,33.10233775191862,18.378390217682238,17.397019377012995
12.558363232935053,53.77625582819509,6.755049365603637,125.38135026668223,80.64417291702546,54.727227413757205,36.62922074179947,16.555763233310575
21.70875793833076,82.52929447782894,6.213706975936736,47.75525030157712,44.786185655827694,45.475302274932275,38.430863749214,16.96031811874024
27.267543562772335,81.17035292618438,6.583169432975328,129.13265015146607,35.57833334038432,46.43638951907203,28.88633468539278,19.505031760255076
20.088529828726603,71.78018404515424,7.118102489129798,57.88904845764273,55.73010808179144,36.084014813877374,20.474212353089406,17.666426378898063
25.294921107947985,55.10079329008181,7.53497386953484,128.87821822229958,31.61312388827409,38.140216529166956,37.85497667228931,19.589720986266112
27.23436250401349,89.7807059289044,6.927184660174711,89.38547421363457,75.79976795494105,37.514233326488885,23.849529075025934,19.757893794407707
23.287253995711175,36.70447083240269,7.431379843190141,63.04393935600759,71.05429502792502,43.372389125009775,33.178773812310965,17.335385316104635
25.852318854982855,38.946620556545064,6.185312894396772,117.37895935238909,47.53742571569534,46.41803451842506,42.46533084010357,16.262142090800413
20.186337173576938,58.74325350166403,6.850941126029647,127.86302605227324,36.540602278636705,39.697486296884286,16.729615224383846,17.829818414814422
23.966943601519766,93.81057163381679,7.169259754290636,86.8576405568939,43.61345190836959,32.07355005819359,37.262111983754025,19.467486754515946
28.051080847946114,56.96491639694869,6.051833333514002,121.61831646036799,45.56501581871858,47.60570457026549,28.347343757441596,17.007880846683218
25.784864804842172,57.251321351860774,6.257204943977495,31.447465159919492,55.75350697560597,40.33403868208336,28.5547737281234,15.38488500590067
22.067343652180323,38.37134465832286,7.368952380917625,60.38211130760198,65.59448493951675,25.59163621229019,34.11453147626261,17.29770105797816
26.121082021453965,74.18894377905568,6.0124505721065304,138.77226791406187,34.45231053862115,18.64705249920312,23.82892774868674,16.804867983971018
28.57304895318309,74.2976438149403,5.829434983672145,93.28992177406252,65.16364348014116,42.978971754604736,20.599846904570857,17.437248706812806
14.75029360711261,71.83612802099864,7.263990786819756,44.133600206534574,59.265284192169474,31.70526201122296,15.726441823754579,15.776574803464886
30.795370324779487,50.56168990728956,7.098381612490219,79.03401458674018,42.3831576379009,44.31062129396453,39.85410167535372,18.372919297968203
23.31872630659464,49.39939847440491,6.716060121991885,72.29798582424758,33.699321564844844,32.24381691136065,27.026622519128292,16.018147500781655
27.12744966620115,40.60316624392544,6.477144622677086,95.02114805581226,51.743490759388514,41.33185772495007,34.55952329885893,16.961436324161273
30.98623461822614,61.258087526414,6.280737747197509,88.87747048577057,34.106172744468736,36.21598472037909,26.11974340094676,17.07048053762462
18.14163151384767,43.79389006082248,6.640974436904526,105.36795186814483,65.35521273743909,57.519208102733046,20.70591597300035,15.764139688530657
21.452794987862266,42.33875242126067,7.289903478700775,97.91601845162276,33.14175841801692,49.50315657818644,35.218500879513115,18.107308300742307
23.557256520621475,53.644639246339864,6.619283063071038,140.79217765111056,58.21559289744716,53.4729690018783,32.623700589798574,18.74317280210925
21.08123239437786,52.66265737223676,7.583479633623483,112.73645799159007,48.79075452777377,40.24047769119066,28.10480676810059,18.781620863685163
33.67468287918404,51.93032206767067,6.051029007179885,113.73014833580758,41.59062673437198,48.22360939114881,32.415168507531746,16.60364061250781
20.716139530866037,66.99666895260393,6.490159622835865,134.95471371683564,48.45752740521064,40.91650077601142,22.316123550047973,18.419918407907527
22.222266102565666,61.18571703225419,6.313470666168042,88.33693748711255,66.19974754451303,54.69591367433726,38.48479819644249,16.37897171210453
26.021945158014884,55.67765954233324,5.9574292284188335,62.14367669924545,32.116138865093156,39.27437934743726,40.3391571082758,14.193174009536703
18.989252369619557,62.74519392467223,6.423458133495172,136.20910973896747,43.81765167212275,26.025106596392064,36.07443657069537,16.521345461863145
23.02159644121868,45.12709438343052,6.70866465083022,104.07525244324337,38.72384652969218,20.013784747460612,27.02411392725064,16.277510706603234
26.587266306250875,61.57917935864517,6.762115089976015,104.18053623696785,49.42074299676928,56.68311119564515,30.474774357467275,18.134571243083585
23.335697978087445,62.259037392669505,7.585226089472278,81.0001023540929,39.729786612310185,44.78504474150859,42.550691585078106,18.474748541772808
24.53306570550026,37.45429710963779,6.73223373486178,81.49434000689267,23.47878136420078,45.442568500417416,40.24932974088942,16.087562833953317
22.353339437758144,74.93540631555543,7.075068401839808,125.40167016312532,34.17293679601456,54.89647842291582,45.9509527240698,19.23542834710392
17.427648454096165,46.77849442159507,6.533047123149488,129.5396739441283,74.56632527807167,23.482650562740446,23.75584917349461,15.492440314015425
26.607966056696192,61.354646988096526,7.339027800226297,123.51470217239975,53.70092316929409,36.41398784768192,23.03830172810294,19.62436930261691
33.774665358236206,77.46617610802906,7.699224642794035,123.78884816336425,53.185430807121165,37.63930170384967,31.074962300656875,20.0
25.09200815391719,73.88515136570804,6.765542565487975,117.07088611779277,45.76081414987043,47.42275233207015,33.2551660583704,18.790602185301587
26.126320586237746,60.515000828532536,6.0036704922742095,103.94568190234469,49.22561863836246,33.073597748991176,28.861686679523498,17.261433485168638
28.4636137755843,54.56251495676897,6.225597488611416,94.73860947037059,43.5528211575293,27.9862625648521,26.882524577316754,16.55154359879957
18.653347517266504,74.21267862863351,6.640967151602581,136.3097154982466,57.90392796561598,27.89651349002893,40.139161462633034,18.460727526827714
33.51257329064803,70.1204246671293,6.728249017625323,88.78837388528699,51.512132813890595,51.494180762720205,29.27414327562288,19.275534676246714
26.01164398211401,50.72452469933805,6.849212567192186,111.0993764164224,32.43097684762077,32.57467906196882,20.278308656653408,16.998229150881325
33.15928449544555,48.076595294974645,6.73009884061502,75.8796100613726,53.80586754656289,34.479825156781885,21.202487304515802,17.315770077858577
21.33483502238005,28.914672274560026,6.503492458127969,80.22102889448648,13.11887115092674,46.344981507279044,31.97651460106801,15.27424436650964
34.09030961278912,62.31047762525381,6.181900779398935,92.9153629642832,56.207887995166786,33.010545917651,54.0212198792935,17.399527446444996
28.875777470173915,58.75953382472402,6.700569130632115,75.8818486981851,28.85964714745218,22.950515772443584,22.19245005003857,16.62650001651508
27.765200429261792,77.04287061963812,7.427493678740328,123.935554764349,48.55917370744886,24.18298826275101,27.48100745061552,20.0
26.170122271765738,65.3858264022055,7.009964302713877,59.55897245364912,32.08058595205716,39.43192603284542,49.23843820212832,18.016344509843442
23.757356909627752,80.01343791259035,6.767351974818099,102.97688870143219,50.042347992996454,44.973284303652214,26.125754161292246,17.954536110485694
31.00265829236936,49.53953658125744,7.014783461911375,103.97524290526543,58.674177789143336,37.9775475614958,33.64368673017124,17.83205909063101
25.701799349240236,77.07225496451427,6.314467985549574,45.676012650409575,72.5424062787437,44.304427038090694,45.007285780729845,18.326848441470638
15.164651482064237,52.06625431343017,6.245867426958339,86.76928538429173,26.879635174827822,23.871624739923647,22.388170552769424,14.692684906547571
19.414067691464986,71.66394092688408,6.126107447817009,107.67098614144429,64.63209433506702,24.54696459031892,27.525918223827514,17.475482875618113
24.070771239036265,38.1186241120396,6.437356688615281,112.86183979882205,51.96729058066207,62.53935916294242,26.125072530923674,17.14752979087558
26.549994915827774,63.52702949049283,6.28899705164546,93.87078374199503,43.23999270763064,52.3278427213668,17.856837096262467,17.49444156229398
24.71705755550052,30.22968087831135,7.10413737032607,120.30664613442146,61.397847575891895,47.68971891898518,42.55492756550901,17.56381688286401
31.094853948968318,55.99293771087368,6.262338291158906,96.72051228291878,46.461127233721896,33.40275329265561,25.316765292241076,17.270070910113187
15.244490679806876,66.6053099081687,6.098639141887542,100.4095873622517,60.76295774601019,37.61993809269549,22.990034593424863,16.32755074150034
25.717939682525802,52.18547173153356,7.471288589415316,107.54961606959661,35.11595430308007,39.983226828664,26.444528895436626,19.096343023527236
15.910103873064227,44.24343556866049,6.2743123844593285,127.80998886202507,40.50504451555562,53.14346113716524,37.430651241232844,15.676451669158741
28.798561477420844,72.691777039439,6.5767642286251755,79.72845992753405,64.15400079191899,44.02782766445092,30.903148296063048,18.337611427072318
24.527706427789987,58.44805815229615,6.725661412371706,85.39534382445107,72.28100785355633,45.25913801287801,23.66666955655709,18.050723009200247
27.09804986012059,52.65644029453993,5.931653440539592,79.93310524812355,49.47452151270726,38.323450648825,33.27319875932042,15.39940242664435
20.68058519705117,60.62843881731415,7.117741884751535,90.034068515742,8.190666119663296,47.926650668400846,36.50075758198858,17.844470522098693
31.397324658288756,99.55003712918383,6.818559520205614,142.78702774239295,47.01426076087318,43.02322747431273,29.809883296777944,20.0
30.208623320294258,77.30254274672316,7.2791920059403905,117.18175957989466,50.48639176733644,40.4402273274568,28.121912569074723,20.0
27.917721515059437,77.4386050228176,6.16038903139095,66.06730764493474,46.50839934960243,32.56915827813729,38.12700750705776,16.67315119983486
24.352413765682797,66.53319478488547,6.54956289623808,81.98659103233976,55.04507842498297,38.864282578983676,28.566518027892467,17.359478327071336
27.899286426475662,62.49727908865721,6.519677877497098,111.18301672829207,42.84635108604017,29.204672962200444,42.86553205032018,17.72855983978622
21.465537160063256,24.058765675043755,6.631944247175011,72.80476657201689,62.58306291017041,39.59860994013045,23.938921023277505,15.985778074707063
29.27777829510356,49.81529480305302,5.77269262571142,78.23979877555729,32.49930090903437,40.88911357964899,23.752692273913663,14.57813858018193
33.2474044716196,52.79138380196288,6.555418189346111,140.34878998522447,68.55273061031211,15.95481615393686,22.769625759325233,18.691829069452226
30.35305279989593,31.876619039287004,5.786768044288127,81.5987311458044,73.25118235941639,37.69660460899496,28.089228346480137,14.21350401246935
21.351987650962954,42.6387631467685,6.679167035598461,128.6400044808816,36.30410392909539,28.241197953954075,30.02003249093055,16.934681899056276
26.807086586365514,30.287452936160488,5.43567543774074,137.65969568592814,36.29600261595406,44.986393255166945,19.394912723417487,14.29166112138282
18.53429228120676,59.42514246453941,5.574206582854707,77.99613726493106,56.160429706662924,46.37159743550995,30.774058143313486,13.149087380393038
27.861951555878377,72.28148956273225,6.909274358219999,73.30112330328576,32.19169385385666,35.736601823346824,34.522833498287646,17.713180612643367
27.253017064312694,76.60161777936493,6.226580772402609,91.71603740556505,42.6109569334652,45.49022087121916,18.276067561655765,17.27516094208177
15.65091830233918,66.22176693118861,6.00607096318388,67.34116837979126,66.53790434684022,45.91066936335061,25.830628588952916,14.278156324126604
19.19108078043818,45.549054882021466,7.135422810537774,103.63101635508227,61.064101467154444,37.70284160588232,34.53988582855184,17.371839444595135
23.584305516281166,31.01902262220061,6.663813108664208,93.8304426443984,79.70294512534385,55.34286975303658,21.284645872992634,16.668349913839453
23.495701264295867,33.64696950897747,6.9360450977668915,110.81740047658904,52.56176221400312,32.749250629934984,27.472171824692296,16.472909579748627
18.952615322905974,40.965261341182526,6.416878963839585,141.90830368698462,40.83742996582722,54.713657032531664,38.705468551470375,16.640277171485856
26.94489364676092,46.66710452946488,7.839814346950002,124.52454942310958,50.768652674795305,37.748005708167945,44.361462105008144,19.17643456234793
26.25736804470256,57.6037725301262,6.197743069720103,114.6771932623707,47.74117490887049,31.566736467740327,33.51932168999302,17.05230864314551
24.028654340107405,44.787536728095475,7.372247774679944,41.01854761096246,47.95164336195297,36.484515241956174,28.64597371337909,16.49536292962566
21.221042499208185,65.08463840502392,6.469316979950044,113.30127946307125,49.642944378564,29.006107722706766,25.98881583491418,17.669385362928235
30.243535632082818,56.515897458007906,5.672744802543627,151.67882982113647,36.02349936730646,47.84557867389203,37.28603279017238,17.592151299966442
33.27703556544147,60.15818567611539,6.741424372874055,9.684324510594497,54.233266324559644,23.972310219247237,39.067251192925355,17.00501775285517
22.582192580767316,77.10375829006807,6.657381280727582,120.68147628926876,28.870050983621134,53.89608553768826,20.74851362305882,19.42828522014441
21.939165414225897,42.29652398699445,5.974339092880385,95.21924275730608,39.24760088137828,30.641327982535397,37.28341452755146,14.160696514958687
27.456038327059982,66.28056867438552,6.038890361432642,74.50614990931166,48.21681855290274,48.36653371845954,25.14362958619023,16.244761436275
23.209853101265068,59.7904015728589,6.4876511784575035,124.03385751735861,16.106700310166126,40.24225861060468,23.123553808382056,17.71211079438826
24.30301399668383,54.99770578545457,6.674873907623991,151.2911770182199,61.53487304517376,42.70815283049596,28.770846371596576,19.478470233381962
28.698265758623357,73.2788448129894,5.2646683585603,123.25692186513261,19.20268235228742,34.09956628722636,37.93290594049891,15.744743220207894
15.453219562463536,73.18521231835511,7.026560726261901,88.86424146215421,60.043815363472675,43.528080003331326,32.47524259871738,17.125633795072318
31.591511624263347,45.80263806017358,6.252751013092511,71.69590526775531,30.607860651077566,41.34974288550864,32.25865331832654,15.804437673295812
25.363402621646706,57.26759124213114,5.834126257800912,104.33882901368631,43.92621963944751,25.420889318306724,32.81953323199745,15.95666566657617
22.9425342771891,64.21817523876098,6.970533275725965,126.19507877144764,57.78695970424144,30.37499997066742,33.74126414952289,18.80625986543376
24.553829228892756,55.90489877966123,6.488191010290772,88.38840921298817,82.97209279219224,34.59087888990194,29.08679025978828,16.915390438070414
24.812146775102594,68.77531998431698,7.108082888391127,91.2885102504761,51.74677966561024,32.4500348187355,35.05511012313589,18.648974288557238
16.343993482775375,64.21788026865413,6.718976131489878,184.66000749515194,20.26060507700738,52.528109453836514,24.722542432199717,18.422120105470373
32.47469113726618,87.48841860534019,6.499242748525977,132.35955837879177,64.30542698953661,40.070141838474996,35.20806120756423,19.66554672549804
25.20662816135309,37.04581296105319,6.423635027509922,134.50386035180895,46.521223927114725,32.213286523601184,36.85588278267191,17.37105050043585
27.215010652236877,58.16346015378904,6.741356380278069,56.19142281823564,51.04859981688235,35.09230175996961,35.59309275653583,17.002124546007597
29.757748852870215,46.37246232731713,6.293234370595335,78.78433962119618,58.36794544831422,34.95536916452933,36.008230653552786,16.398982838021784
19.894187712198498,69.06161183158567,6.0737137056267505,102.24044918362718,16.619330646414287,37.119505279949344,33.71892512184116,16.63703849648345
27.367359495176142,35.74242164931683,6.804954561327322,69.96587326344552,50.09805271602794,29.246705952804003,39.38754332274091,16.386448993021883
23.661794545506034,65.1946906533733,6.427756079277786,148.01191896667882,43.854591650709565,31.86068889402681,11.827089728170705,18.736568632184586
29.233853876082467,50.54927352977488,6.516783824034503,142.30936919771938,68.32752359008279,47.6660691116421,36.82996766052129,18.070320989387177
14.363862898242523,48.987572008184785,7.044689918077304,83.99363987847839,60.906706450081145,41.85343103366913,45.80366021726301,16.41413454152519
24.504528498793654,38.30252694688969,6.44306169613213,153.51755819822455,25.594971158276795,38.476624534597995,25.024836200329133,17.50470662397376
21.98589672108019,53.023860806984906,6.507516962770895,99.87243709840173,68.93938778523572,40.026228173151,24.13016113309997,16.612186000732304
27.161314753170778,76.26750795436388,6.200175244274534,177.68169152167147,56.74287632240316,39.54439243424589,40.290552103790425,19.490327994535722
27.350220936841012,59.62216974705781,6.7153699669909255,104.3405839157511,26.791376038201733,37.90868895268356,22.58608528416574,17.86396567374759
21.461870525889868,69.41520626811712,6.674913956340044,117.28578250985267,50.836296552391595,45.17104838707479,24.66620549939638,18.422825767399384
21.43913067911978,84.96962732949413,6.950387565895279,141.99710323508677,65.52239170783783,44.43159985847926,31.359588157582373,20.0
24.446673157213354,63.95633377233864,6.2104355814965615,138.32900049423426,31.78934191139909,24.282370267727845,23.608390318775513,17.009636522083706
20.516788863423958,51.61800641906489,6.271091515204907,115.32196198407681,70.66366003768125,38.68437814090757,37.000196015948475,16.602959952420772
29.209918477260636,67.00878322774184,6.8960686995727345,95.76579041668492,27.310568388087113,24.941806006592348,23.673583021942562,19.248382687119598
23.15396399776277,51.835557805285625,6.626106501681432,115.42398099979357,38.13159235029523,46.35577203455706,32.88506678165344,17.979113617477537
10.465058903391792,52.43365975054246,6.046890936903653,75.51447484371656,35.85693746915462,47.676665568502834,32.275859703972046,13.506921025126914
23.12588971689097,37.20160800571523,7.1532770338672504,104.56401156592348,70.65400597382992,33.892211023583044,43.31110457926776,17.50518467667551
19.80728089578014,73.89386236626588,5.650774715799875,66.72077402506015,42.63475795176205,38.832410446652844,39.322414930365824,15.89167184085276
16.843620922695273,54.20996136525841,6.892142376631876,46.57355079759096,32.55774496008503,18.88559702877754,25.76377966837077,15.859254922192909
18.812866808887136,62.73147368723793,5.867393982000902,101.51280292418329,56.67816318371093,49.72789814092027,19.884060748222034,15.573596466061028
25.547042359164852,44.46057107090041,7.442894258242763,137.86833672015018,59.91771485889078,47.09673740251402,36.70375073581949,19.338735606611344
31.643204141241156,66.53921444573209,5.727700136547188,127.77413924788178,60.01304142191197,51.50085261737526,24.772873321973385,16.992858328240317
26.5659223693249,48.57088142797374,7.076125325936374,97.54263112823175,45.92991252160986,54.865441403371,27.31458609676999,18.351231138154965
21.9674830589213,57.87436917447263,6.459182819994378,152.4096909452649,53.81801451555422,27.758907070232247,21.521378479490913,18.230126032547144
27.279520975853515,73.16739046858689,6.316698715080628,82.92815827460278,40.246503706560716,48.880442016384414,35.43209544629467,18.055235433479154
22.70454844890504,71.86138968348794,6.5926983282338805,42.46502014605932,75.12202516903595,54.793044444184595,24.828055068499935,17.200528434687534
21.526998154184277,59.669548912245894,6.815950169578906,34.53696117397115,67.16307737986898,25.054221289707638,29.71966649357769,15.68251751008411
19.228186658835078,33.47803450939922,6.047799748834565,64.56427178212849,66.24435243561012,38.287887881542865,29.843975472860272,14.030230098487625
16.240855966241405,100.0,6.092106137415714,124.49874229786687,61.911739018603186,36.36598016770576,31.46848495931129,18.324987364450244
23.050381467202772,86.18788455409704,6.824802432556443,80.9559194959784,57.795999589925025,48.55461864191498,35.293108013757184,18.562097309452742
25.79026744960066,70.84012237332448,5.6463285231752,113.82875925571906,31.33456273775318,16.0605893365592,28.05743702484623,15.89158740357913
24.51688164992555,48.70194327613544,6.207885453403957,149.38850150751932,59.499518543834725,58.15957696232194,24.06857934490766,18.214160559296527
22.92016536026321,58.29611757447053,8.02034347707972,66.99709112266582,51.7139784509498,38.874629358054065,15.123642929956429,17.78986725027473
20.271269696516093,51.84869355335225,6.015993517705359,114.35499195387669,68.95046127426379,49.160944020171456,30.82103703494136,15.90306499616525
28.041230958424844,78.95783908644582,7.073901395879877,116.16889217967167,62.111287735736425,39.39762762308409,28.744007675055773,20.0
18.414340400267076,63.937543362777504,6.207024615643094,74.1778603458069,58.25570705229532,44.92125050979674,24.316217359032063,15.908354136103565
28.880139569217377,48.237542124602506,6.754522572398572,140.6263277573525,24.73662803704766,16.7858174138385,30.500419697220288,17.818515116657675
19.988914905366375,52.93867351312827,6.827177845298109,91.36878833351571,48.66499195087294,36.1511762719929,36.847861380919085,16.97736427568238
21.237823813234826,76.81782213854856,7.064478367591474,88.48741057260972,41.631616101445154,48.477612113436784,38.895104679577436,19.141817044531212
17.666074046921615,84.00146770230718,6.399873086593612,163.34839655253919,53.78548886274611,42.887323467136945,17.71890065260487,18.713019704195172
22.492989265571815,82.92497345229368,7.494442319377427,115.68300227100154,43.766775928360346,23.631589072732424,27.113109591877322,20.0
29.876562292389895,71.35548097580966,6.20533171770741,127.75871649056494,45.86081335860041,40.61424893876613,37.68820169918742,18.529635756810638
27.578140442219784,56.21062696796045,6.61711020679978,140.64678794565515,56.88550857360056,31.81257674138495,42.76832827618419,18.834771823870373
29.892110560140175,20.0,6.622638466108803,80.48578001622349,43.51792829646836,30.945807488265622,23.46189077473266,15.909737330433229
27.61071272966968,64.45740035712332,5.939015940025293,137.49463291161038,51.82387309361019,24.79305726683282,41.02658343386062,17.244323345835866
19.481650857348153,59.972568617338496,6.35706387251044,84.9431765500699,27.208821636885403,46.1870262190713,19.19922974212305,15.55500778888617
23.346053878362213,62.09973144482032,6.580756749619204,83.66129831985108,37.51397784859912,51.13014443935635,39.186276504959565,17.57696331866964
21.099004354412685,60.80846020549809,6.28393947843529,91.84000083075591,59.84065350804441,61.20143134162845,27.745949342357267,16.738521048398137
31.6528745201952,40.10606757076265,7.720461982728267,81.33805495165136,31.54711824955288,25.259516082570716,42.50258612515,17.82873213348768
19.01605676786844,68.36112835276778,6.080688163200235,124.66469297971489,68.68587616404496,47.67372161226476,26.287750269957648,17.265610562919846
29.468488446945553,69.48324471047775,7.089712234070214,108.01631965435168,64.61599032951982,48.33171370420908,27.52087418591729,20.0
29.464769350543847,70.23508173089489,6.928229906574393,85.26326756148661,45.9765509699032,34.194953227819916,28.932858966369217,18.6976850780672
34.14810100858043,74.1986550536008,6.493068932747864,120.23515099464466,94.98101158253696,30.824216145906693,17.703598762216853,19.4479159991387
22.951567036852513,69.06077467382435,6.067395473073876,91.74452687840962,68.6465536677244,29.142576790330697,15.90021863393072,16.069831982898396
28.561610797900812,53.849558826916336,6.115872339804115,90.1578888890597,35.76080739941398,34.72646756539785,34.08123354432569,16.210270704646735
36.408259182694216,58.93744728125865,6.241016350391745,101.46051654704631,61.19261080550072,42.0262159585595,37.907698778826855,17.747035145737094
21.911791615331516,61.36687300880065,5.607129359026868,113.90381066998651,50.987945994796355,53.60112010506813,34.860620022728824,15.515535309303504
17.3247987623382,61.615491736599274,5.998267287100354,111.69542948132259,38.34931863710884,51.05338338010117,19.968195086571818,15.436076278279005
15.599949830461181,74.97326483957595,5.758761742318178,89.10252453241509,33.95136285250687,23.845830557313374,33.84150996057634,15.001810726002617
28.563560144306656,69.65503129533737,7.172937501588859,125.41333622318207,64.92340002332568,32.11156751399488,22.078368210370364,20.0
15.58424895970708,91.1601515935493,6.809231196194109,93.32817546761032,41.030818030637995,52.9964037430947,33.26122166578932,19.511344458031992
23.138404735310385,93.09703469827008,6.8929870494327306,80.35046534173843,48.471854674444224,32.689071674049316,39.050393161619496,19.37784938070736
27.186565935194803,61.194743739208874,6.794415975770974,55.95935053697946,36.184611076602074,39.43085836589824,32.93973482668015,15.966768948635286
25.92587768414957,20.0,6.583483811667081,129.49535442997063,38.777630940521135,22.947110653859145,41.748271217935454,15.611664427179178
27.12722432092086,78.55248699190899,7.230340166064568,100.37170228582022,48.09606199892792,51.53033415512948,28.80010022917804,20.0
26.11144927900427,51.894354915194185,6.194618672134132,106.32617075531545,55.82273439086227,20.87251794148612,28.26680542956508,16.255449608331897
31.394329066566968,47.9777411725349,6.553334827683522,131.37408747098547,11.174612546728273,23.571894192133808,30.538810382246247,17.276155832475542
20.238418096306017,54.0233208751595,6.8735294139120615,85.67781305206552,50.253796987501254,50.50817060836703,19.258871329610066,16.48679663022771
21.615024307707344,53.300354297780906,5.839395384071936,58.76802254577614,38.808184811224464,59.20061679566557,26.776391395063058,14.280785570958434
21.13670277364588,69.18404715158088,8.048294448071275,102.09342106645656,71.03543980175337,37.093889152750855,27.478934642079484,19.75374861684795
29.150959059313053,36.60846331310662,6.514282881388793,109.23884656240887,94.14128969008155,39.531371881371754,27.728000453704954,17.540891934878566
29.501992941975317,43.83418881312598,6.570994725287797,92.11452801518881,44.61081447569427,49.082795597829886,32.1463293373073,16.61004883964877
27.25612659659254,65.14737831296125,7.128439015837461,144.21212734228507,24.166571589302084,42.894478146973825,18.15736704141367,20.0
30.91746833444964,69.34416045619962,6.9574776665051115,25.415002968359307,51.7531545487785,36.26781820623336,20.835088129115995,17.09118580680404
19.109795663118096,69.62312467404018,6.519039009698229,133.6016991369935,46.91856005760192,35.14546378614307,39.05655677310777,18.163495101352503
33.336120557755685,48.19445581600051,6.565064719049021,123.73460951092677,79.57025973501936,24.332020425150166,13.942014207489525,18.275841496250013
32.61619310856129,45.3260152610064,5.74792573452601,113.70312333101378,74.99884015063314,42.3294177212022,34.930968550982755,15.605752500806167
28.678109986228733,52.400477493181214,6.221767111075012,0.0,62.98062455894846,39.08083177930524,27.011522553618533,14.45403427294686
33.9089945438553,63.59809128427088,6.75860510807948,138.51666349810804,41.19958878181013,35.62153820887319,31.280979853307613,19.543819674321387
16.71688396161113,82.28216053908824,6.721946419521443,69.20697668092343,60.16649849271205,29.981852044376115,42.464790282671515,17.080014830163503
22.377759318686742,29.288442213438746,7.110582875002043,84.7692406484984,53.97509538602456,30.994691467065692,28.950537713077416,16.297163035379455
21.32348269659024,56.6890686456245,6.439749470888338,94.88222005629794,53.61984804949086,46.183769205066994,35.003104044046154,17.191265686025616
28.607396618786716,40.009823384621946,5.806356743284567,112.22254103955926,26.626552271481945,48.81663648409047,30.468535741455323,15.559101249729013
19.749296301989272,35.21635983969765,7.028365215387839,119.1828412657765,65.9269300768047,36.728838437093835,29.12499064197356,16.612910912039148
28.787475746687427,74.50434968017225,7.218044673091008,126.7852166295789,51.61712492466852,35.67520426753621,28.134597617277098,20.0
31.852680719983567,68.16936861749008,6.949122286428115,124.47560530235549,48.487379786831376,31.463519533857966,35.60846678804981,19.15603532864354
28.476014500419996,66.74150273920893,6.418183164571254,107.58781612639378,40.99765257486759,49.36820043574258,24.147185071029273,18.568402787796806
26.418755118307505,73.8153875959649,7.022193025938289,112.47767977172772,38.095752505199336,40.30995769655907,20.943814491589894,20.0
20.060633295496253,52.80421654850796,8.214455239004106,67.2773885253326,54.75887871918473,43.679009793272655,30.5957997874487,17.543877531472894
20.765745169373176,53.51043725499708,6.557576157220238,77.46919579542933,23.762557972128768,43.584701300934626,31.542272028707963,16.140930934133667
31.24809452648333,92.78595925083862,5.8441316538774375,126.86380671024497,61.842481394750635,36.92298379466063,15.40673467680832,19.102790618311616
28.896745019526662,56.301434186106384,6.206857475223924,125.11628460186044,34.18841844506472,28.346399001565782,29.91610057111469,17.288931656576995
24.80490240311228,71.02698169581137,6.8127380001520255,121.71398249333262,19.11978970692062,30.038668443140804,20.184984630283914,18.91576427988365
22.91045227117055,60.095723114449726,5.697597844550969,84.56749715030418,77.3284297388903,51.27885532647451,35.014744859582564,15.525571097564686
14.870960634443115,32.27612204882377,6.584701537456035,127.31476395831088,37.12869425981632,32.743156851494284,15.570521152826934,14.548195415328758
19.645737906577807,29.330564942980978,6.690168325157941,65.16266642558926,39.167612577174566,35.89637680251649,45.40060663890471,14.990374843442888
34.55709543569861,51.31523670090143,7.267560869906326,132.32079429586818,67.01807496512112,28.6560946462879,27.29441266691338,20.0
18.597722144987667,75.84151877504983,7.15509742802715,92.1738759626233,77.81646350774962,27.83933481073593,23.0803044121015,18.71510393993938
25.947399106105404,71.82437484954005,6.932292395875885,150.52511219021898,27.004976320948547,32.30835002971277,27.736220317054453,20.0
30.03721986597599,73.71115746336051,5.418660494742735,54.35673723803545,35.65747909623996,56.88407184244459,34.45016686907113,14.114134525527364
18.725386659988537,45.19430731595527,6.960526564023962,152.90212137755566,36.75981766759105,46.58037391192429,37.1237607138795,18.016997810661202
25.923552373905416,84.23808735183471,6.852756693030123,89.15607012509615,64.02202494043482,34.73211128576377,27.805509519801305,19.028975923638342
29.689577687553275,45.526600497204235,6.627972188539173,88.61562231964767,74.586981918943,50.82876794551995,18.49047668150248,17.064189783618353
25.06249660953625,63.19236598004953,5.634888936927258,105.84516456956791,33.796211576328815,38.477011267035536,20.301622931022553,16.169770667720154
39.34201527833384,59.84471565138395,6.11161304540647,79.0876326159791,71.2211800695233,53.54340046991838,32.29110158992596,16.909125653565432
16.657003705609025,57.39189269528121,5.916588615232967,97.83012996093079,39.364488327069466,62.117303503962134,37.898617036083614,14.835400850054596
30.293642649419393,80.07888207443409,5.492495780246455,77.87121204187436,55.041843544183585,50.281617392661914,38.93980201267294,16.347800093075943
24.135991313017676,49.42334219751059,6.498542424292602,78.96809407062439,30.928194508582735,40.94550955222577,31.344740603286255,15.256680870956979
28.859600774183374,39.75592116432108,6.10108893927861,114.60657850901715,48.17104379627003,46.9930987351636,37.73839652945138,17.031784354412064
27.20653575849623,60.29993229309629,7.812652790134456,72.95303514089451,48.333309288909255,40.15071219282212,45.29879374073601,19.9976931401778
21.334219014450017,54.0025989857021,6.415614030281045,76.95417294983554,45.272625405270894,21.640016360249575,39.52278170189034,16.457410171851876
26.1449819622967,100.0,7.14687657793298,58.81626250760773,55.77456471979546,33.453745857879554,37.37630321123497,20.0
15.710492743008563,70.14761214659963,5.715450487653388,84.88207960115982,34.89453702721211,30.484084043467828,23.547542535261726,14.130974964723048
28.016237502856967,53.859891371720636,6.234955206997565,139.34806089171767,36.74415052719738,33.23208958169127,37.70095696342403,17.02153816269907
26.49079232995263,44.1583264621937,6.548448938017157,74.62199079691095,56.56808217424033,57.93671432639444,33.68985982310998,17.344576461413038
28.19330084321551,31.79567384146823,6.0459230256961645,78.05100204438276,70.13052996463593,51.221497428546584,35.20516502693711,15.755617978703023
30.290591625435752,44.621713713938504,6.288899657597628,105.81765839444607,49.65779458928115,44.40884801441647,40.088850231556094,17.15823265996127
26.838099201048554,61.72412657638698,6.3910245468782305,88.87610698601421,57.555061601932586,48.12342950451358,32.86846278694553,17.694698284068284
25.740447098991382,81.40992977392155,6.383046007277553,166.8446330004895,61.371200154460105,21.078865140941442,29.179629354708293,19.858640452081442
20.59465831669354,76.82533713581878,7.427559286517673,95.12416105971229,62.45757782950237,47.2818371308953,21.44107353871264,19.072747348356785
21.438896181754746,63.43642247469569,6.689113142715755,110.05655038652115,35.69712911245042,49.396243162021676,27.627869458837402,19.053436326681492
30.933673100886654,55.15248501446273,6.739755281470652,128.31306354397967,38.34484654692644,17.602528123127172,31.702818137301474,18.26715578192112
32.18167702852989,64.03218534618232,6.769827387172535,127.73733597588551,39.64888109084698,47.65236753779399,32.22095472146023,19.040657793034633
23.80944781843973,52.22043003773136,6.806313188668557,106.99862744672137,78.92950701340946,25.759263573329147,31.95101038936259,18.45751016657762
25.230013736266372,85.77545993645813,6.458556508062568,95.16617539941997,57.62289408757856,20.299946435539674,37.67607887808835,18.58409349486619
20.47692812503117,57.1621472808738,6.339626814260577,160.7208560913777,56.949735805775255,53.26318216859578,36.92291760173697,17.961566761738712
30.863784226337224,58.7049321262991,6.583408029759139,97.007191740572,55.49353629775608,29.92950952387658,29.503294068347223,18.662218260896996
28.32708411845889,26.762663624689978,7.078401974456736,86.74929686714559,30.188098945707516,32.84053260615623,23.221903140352417,16.92571306764813
34.70608718231875,57.06847730215854,7.063119094218192,80.62453035117944,79.07285706165558,49.896045427573455,33.06686349422058,19.252901795459895
20.608384614101304,72.54726206947412,6.379800762155795,48.19590391879732,57.18781296180441,36.947617277475985,47.97070038092364,15.78041836789496
23.109960504908916,43.98416134442183,6.883921847334055,124.6484725671149,60.84740168982429,38.19834626270918,32.569942202232355,18.033035304668193
26.157229612627862,48.739194982607806,6.402707668480166,29.557948086975205,23.51718066626297,37.97913093562071,27.632608381014244,14.688150398451485
28.232447688628852,71.89066526600497,6.516935274717622,99.82831477285238,61.69465778542277,43.475987709747855,34.28668921973728,18.391470782669867
23.92166181226184,37.8501416472292,6.263238309222901,93.85418097185845,44.6568132480856,37.73665583609324,34.76589007009019,15.739976162098777
20.635194547731498,75.86701511312877,6.409177430546883,167.19895576694344,30.158255379106443,41.141260743591005,34.677204803246205,18.788098468325842
29.407037644617855,52.01784164740347,7.17066503477484,45.050463138591205,35.69354501192304,34.96441874587294,40.983041560365606,17.700533479107477
28.605676812727907,54.171476692631956,6.546210573669618,72.96690139046929,31.026586873199506,43.51819589879362,33.088743655627766,17.351069828023228
20.418629497181374,43.141823923116085,6.567641254276159,95.9171062395505,30.773237073280846,43.138430319045675,40.603297883282785,16.51029641413775
31.77721400552748,65.67069390641825,5.776391110371021,94.07411987592494,50.908217305463154,58.97885837684182,31.841872909900083,15.990042302978038
30.85099354598302,96.8980797754407,6.345378046183635,83.51366227569865,44.19855816902523,36.18749050326297,42.09998614007099,20.0
25.671482486238965,71.72245859190949,6.379342548127636,97.57036271793498,55.01104043242081,38.1583448219502,39.65388156591683,17.971503800825907
25.39798931188018,47.03572107089196,6.085428257278298,62.21311813390776,75.13963806602007,42.38824325937041,37.3743952924232,16.18859448612348
27.770288855579537,77.03430878237215,6.510832705851782,110.71578636984817,48.05744429558994,49.644356443147196,36.3134858861032,17.727723301228902
20.69148464871871,55.24980681098626,6.285408854886173,30.35543973767265,16.326660590623593,29.084148468227987,48.412141416563344,14.4572285052947
25.15015739582041,80.6172747214134,6.539997927621791,99.22691932368228,46.370626826782754,41.03576521775068,38.612940709331454,17.946288639201846
14.2380822769541,72.10014603246545,6.560751504909467,81.9892991720928,67.90091654596807,14.92173963944933,23.205463963003904,15.722735981206725
29.38227822751468,20.0,6.0221228210886775,130.48863828269907,48.710907912547555,37.28468083277605,31.967204411746565,15.427110904507813
17.192533887790702,44.93880550567459,6.300649108758405,152.65933211899915,72.93995980537552,50.72727030099361,27.882265854181906,16.504734410647874
32.51709914214499,74.16577834253084,6.538687141380417,90.06843493748927,56.79412389706728,32.73857563652682,46.515810534383604,19.340374119406786
23.349399530167748,62.27485908217526,7.092149715578363,141.72177787424292,22.425953984039165,41.76837615285312,40.01150047676366,20.0
23.941665090344117,44.64366078438224,6.62835958639787,90.51651158108768,51.64373375657538,34.71094425616398,46.25560819696868,16.29096821180214
21.86133046957747,50.49615726759281,6.169032410041286,71.01620430612729,54.45501941397093,31.405978022663174,23.92004377412174,15.099631422187972
23.55980563038962,31.40645069865929,6.699502379621926,152.3771089655686,66.20533701910466,49.71485998268101,38.8133974283997,17.18030347572227
32.092656725740184,58.67440068710406,7.35377444466088,115.6232933420202,77.29454857417352,29.547413101543462,19.083768135711743,20.0
12.560956717324602,93.16034589023647,6.958353236294509,100.13315567829443,63.61588279563048,42.92965293863093,17.26294132689614,18.186081585185978
31.384826930440937,72.07400086098488,6.77376326521781,120.61532425295945,56.60719696080825,43.08351620766159,26.824350940207246,19.607906985605275
26.69011740550854,92.85625501782634,6.86279508774116,108.22645105390502,60.14282407367519,31.48200482961376,42.09900109996564,20.0
18.964891760713922,73.2359563468497,7.219977020714316,97.92341776175446,47.479897903256486,41.556852569576286,22.059079672368703,18.360490735165286
19.62343803475381,75.41219015029037,7.03781339700883,60.206955180760104,28.056832447888567,30.650521625320227,29.865505225414054,17.031726544731907
33.38196513604102,89.61118031617536,6.7833801905588285,91.883897885162,50.6224412933429,45.21791874909158,39.51074294564709,20.0
20.272465600286345,65.6589488901334,7.034321109795043,118.69766270375418,55.47935491188358,26.850542853571064,36.77130528927442,18.371943368093994
19.2332474470202,57.1915901773968,5.95917445186797,96.31685722939568,31.945135611321156,36.60394496808159,47.729492629702875,15.412717297682942
30.686572711823647,75.48986274933019,5.748867373829859,127.06977283391157,69.89932459249913,37.472283403421,30.026975937678888,16.846356631291396
26.692764381429573,81.80760355682827,6.578549325321915,111.50965071600366,65.08116523223647,51.1295533821067,26.46696364295466,19.517157322153672
20.310372117318007,52.800530359316866,6.534340354825269,73.6559104574378,29.423578770681964,41.40043071711892,21.24415135136818,15.572147818855196
26.083124877023096,49.17646376489956,6.228044973243371,60.42484126503629,70.48748433184812,49.55013490112059,27.0560004790608,16.100185545381297
19.871236581798613,62.082840486463205,6.9129263349138546,95.28464500209496,45.37528446185229,45.54691048489879,21.17120832651277,18.07365889812598
30.504106992113027,72.47248300397493,5.568568206774382,84.27314655686237,38.32262652322477,45.483030008957584,15.628437760723084,15.549450511045015
30.30685482436567,71.97136572992342,6.232613871971098,110.08965428865058,66.18916539119789,36.680668097699325,45.707140650736704,18.97530768331008
27.660030994109714,38.63748599718602,6.257522227561193,78.4558702371181,49.23418380859913,50.20905883524886,30.39125439420314,14.993270105528152
26.808305306235084,88.67409100594982,5.681849107450271,81.53823022735368,78.48777981255304,36.438295906979974,50.73173496983301,17.932796465781053
33.80594062433687,50.382526059047244,7.2473655036346525,131.59209152784737,37.20667934169874,22.701745200698923,23.28569250662013,19.694052387935066
24.998431636941127,56.02402504667131,5.820399365668338,104.44608905883693,24.02513714041018,37.85212831533107,26.56953113036792,15.108161897404305
19.090629372895993,46.46018460018271,6.205829971346157,78.91818803718121,45.793425782507875,44.53476404644068,23.79704790594316,14.587378993574847
27.247369564161534,100.0,6.953989878902567,100.52925426205059,61.83833748590709,23.933742812871866,24.873951480057883,19.749607628443183
35.430235247685566,63.63106005431951,6.823022671714366,141.36733729005047,36.09285521696685,31.14897641279614,36.98882995367555,19.91989961900955
19.92620253407074,47.235373789776524,5.945912651757626,108.81360064824167,30.048494258001814,27.69411559822644,34.530591730115,14.725136411880262
23.192686166530073,72.95885324943669,6.841244604630318,117.78852428275388,53.43391104054131,47.867171047089634,37.003275403342094,18.92705736534626
27.08223019050726,71.53703668965049,6.644892239329111,77.43296390417672,28.044691847487254,56.72862637012495,40.73817273721552,17.58135988142771
24.730475754971305,57.18409464630174,7.666517781055734,130.79258131403802,54.60039049420121,37.903008457867834,38.858840353339865,20.0
20.088482098113424,72.60910069175075,6.701970208034152,169.54306781391406,44.890654231577344,45.31530363068259,21.932082044464103,18.81843351779601
30.609289281152353,47.62062058753703,6.429379089465734,76.2559707246144,57.4169973252856,45.05519365899723,25.80945149064779,16.831875499873927
36.6002036100863,52.60622587576122,6.071749021440288,64.54318076884033,29.24256794113097,55.537969464399616,30.9718624805731,16.070819785079124
25.98065729511954,29.846750181509055,6.127878316522215,105.26626731505445,69.47244727165855,33.47447096047393,59.8226667581055,15.506686425314099
20.479658551319996,40.14073373670656,6.0871154522659205,126.2651514953323,47.254482725094654,37.80121035241676,36.179201137051,15.29813979611158
17.255197374732624,87.11446208506028,7.185549406955961,97.25830983849215,61.452840018572346,36.592313505759414,30.853510467254317,18.812697384590322
26.289879906105906,84.62142941583471,6.508984957508235,68.40380811872012,64.39813191927334,40.75367240040263,35.38619777396601,18.748861921644693
30.519386716581288,60.98682972973444,6.782623561987365,96.7424751465883,32.638325714510664,65.04316802116809,25.175087564713163,18.338282395194682
27.375838732476907,84.94397170784757,7.257123799990444,117.94276818332364,63.233862644121146,40.30811115197313,32.09940408801844,20.0
24.98798079540573,57.59888270087542,5.3207679288962675,87.78904519161821,28.623998372835118,31.4528934739294,37.63729747848058,13.4812001781013
22.053641741053468,56.348845461481375,7.1394368823501875,118.21765053264765,29.44793385860161,28.45502773106881,29.76803452366927,18.52311148917779
19.53918183640955,60.847659726983345,6.527698455891667,134.9413235571973,79.45998853982651,52.52645007313047,23.947573967622496,17.162441175659414
29.17375663162441,58.12617607014652,6.717524185820222,107.20691877311343,66.67780053194937,31.40745496021921,29.377007578562463,18.031386681360463
29.568858106927927,56.772055146597296,6.085798389125874,99.16156686165122,81.10496263150633,46.635869591990954,27.443387131230534,16.766642049127384
17.271351066546334,77.15097160724329,6.1224378007757405,124.88031775678846,44.44678954088134,33.20308670741372,19.14298064263282,16.27748586399393
32.94919489090342,62.252034809343044,6.744422944906494,74.31697517688309,51.53642996117013,27.333072634168282,25.427582718459135,18.09445603101542
27.870356104470005,70.68722646650707,7.692298900165735,71.35870498921233,57.91032120128545,46.05199600301821,18.857497709356444,19.46000284318126
31.997973225728966,75.47070787915996,7.001656656407451,92.00283145213044,49.81706650109158,33.69255133236468,20.105640876031803,18.242225335377626
18.289361257574424,65.822786934821,7.13276146070927,85.24361635556599,38.807959689561436,44.25425639238894,20.87244409706824,18.59786592722328
18.170879222922807,45.44593011137642,6.40399936486929,75.89974074128574,36.558729531799266,44.99282940846044,37.627610385806896,15.26924719701662
24.255153451163515,39.70701166553942,6.199897887707186,154.91405424996321,53.20793349243424,45.462652450124686,41.913320506876005,17.05799930721693
27.513922134475973,62.231709522109576,6.109597524210503,165.15979628482873,33.997102375065424,37.31851316056814,17.711362583694182,18.73433498720163
33.98180411463482,57.43115542762598,6.255863137651656,89.38884873233253,33.57704761449721,46.86183556504707,42.64146933019592,17.648102626389917
28.530394569075657,61.31087143380183,5.473608783414737,102.75156849245096,55.90358016731889,30.774536715519172,20.98724661631563,15.154404826428378
23.786593615939832,59.75918941127121,6.137540328554199,94.36471539808628,48.57260972771577,15.459097489358658,35.97504075177886,15.299879261330034
19.86815396167054,98.75360490249851,6.219823421970078,133.22497720354468,64.05809405872527,47.06892173120108,32.06846856613044,19.411518676431808
31.150002863595752,40.04660616537993,6.4123209128025795,139.16936685520142,43.62632884875737,41.6559050483747,35.086812357702826,17.0792365834462
20.176472871246425,30.15080595268313,6.565875054873646,46.6820860393106,41.281160750366965,33.89921755986029,20.674055577512302,14.94688387434044
33.142342773861614,64.98565250279414,6.681225434312806,114.28032400196876,56.353300940532066,25.288472380249548,15.501141738623152,18.369505803536732
23.578076751967455,54.35366168117707,6.49253731377852,60.79535976516554,37.81962688169259,19.63421701164657,23.57673271893943,15.732824062589755
32.95291036308925,64.74101804594928,6.2092784568286215,152.74816473625836,40.12808411664972,40.51743348208972,33.41494919968526,17.949298097606313
28.39465645029639,68.75824533426001,5.51832067836724,113.20744090631193,40.723184144308775,56.48785965729952,45.65523340388688,15.607941403799085
24.31502255278771,79.26157042768347,6.212345695799104,75.29951384912093,46.854468405566706,38.6144258356902,21.762211218511364,17.190506283520648
22.403018140869367,37.391612694240926,6.013774681156497,92.7603583618644,76.58654814943854,36.38664613308455,29.20930010681352,15.015358553236595
23.2954606132696,51.64923153214256,6.733033374139302,91.33068225201525,29.348167625642642,39.75632157504157,24.00736641192305,16.73614889922308
27.141583461876188,66.43141888321146,6.954643698346847,115.75338828657448,69.43261373176188,61.7920511190877,29.862190537789246,20.0
25.385782481088583,71.5569539353084,6.96928553352997,131.25737812532435,61.066801344348754,47.51904226653133,14.553717111762705,20.0
22.030942959656475,92.90174325432578,6.87847636806391,65.5537812408487,73.50468271054989,30.66424748299611,41.98434668311921,19.05724383730542
24.17184294841184,74.33555956670801,6.433237132273756,155.16263502736342,97.0502907248341,40.28103903902103,30.192288626290445,18.24364324314251
25.39288514859575,59.148171061705845,6.239022217262051,148.1707032346253,71.47179531181783,43.32436911154941,37.33732531188868,18.650861457060405
14.35632952792594,46.643463705860086,6.126448623166467,73.74029297226863,63.88500421861792,29.436611334211552,28.14238381304714,15.430496546356874
27.290840573943495,51.53565220921472,5.7462505416991245,102.18405383086927,30.312554725624732,47.591366223425595,31.525024609015546,15.374429157024716
20.101393876415965,51.1094576556434,6.9959268502539285,151.32425632342947,32.206666077334354,31.821912028556465,39.030979941173975,17.771182086427437
19.233337983971275,69.8285044277064,6.412644481035013,136.9875576003245,55.40285276547832,24.89054232659929,31.053734584753798,17.849576637691694
16.56327826444645,63.85496168378746,5.876829853189563,89.89770909856313,24.528857781206533,40.76133553839778,31.341650592923642,13.944533734665283
16.030537510660547,40.145256437367316,6.086754312144882,124.43019443703619,59.23158876936829,39.17844140509645,23.64847165899601,15.118159732134085
18.222762484438555,53.4614779636435,6.066513271783724,189.91594875157415,17.976171638584827,39.989780977973055,25.7246115065672,17.561477617410503
21.454895211847546,73.16321330177131,6.521512242507564,103.15479945553636,67.28350078346924,32.353553823372124,21.897474897272517,17.61709280260301
34.76629568763284,65.27493532461088,7.033733925535343,81.02055245679942,45.17449532099602,33.748873821289585,24.09585929216268,18.399309222776147
22.37060162052398,68.52966924019155,6.326005225202208,105.17259556274198,51.89895418205283,51.28446660369111,40.00983288371334,17.56133567361364
25.888750531340158,65.74382565085895,5.373733242608175,107.39656286491955,38.77441555369276,44.41085615000748,44.46887448005711,14.936863759742387
27.002406932531642,84.39646101913289,6.40540983242054,84.26389782999706,21.522103846661416,30.43253923422715,20.02180092296487,17.255136379618037
25.655325931079243,63.54064595736555,6.4219030499514025,113.2487520344265,68.52042918791393,20.493031055798923,33.161374280294204,17.709471831930692
24.612782696370033,54.20965803193953,6.387539884532239,62.367968208174965,70.0355209243207,30.8558359788779,27.45846887839645,16.039828283245246
19.023531182003776,46.26367438299659,6.1862694167621495,80.03398398973962,44.727683521944535,41.572990721601904,41.17574853372611,15.713113930348742
32.25463774139606,63.74414187314568,6.608719540362921,122.74734328464393,59.928943471010115,33.68068281645558,31.078881745423356,19.48517603218792
34.03598321818943,23.389439778373735,6.533070557574501,47.35387445373246,44.13662869684394,32.903497948231795,29.940194362073054,15.796255846359719
16.58670652938657,57.23566497250932,6.487584842936676,127.09502775984329,54.32734766399369,34.10839561069337,24.041845502722115,17.088958700567392
19.8798570455681,56.91240210117984,6.706320680721483,39.64055902882891,61.38708798380164,39.27292437263712,17.745759687260684,16.084915298360794
23.60094828811497,39.532937195740786,6.285083588426073,48.06026263371055,58.3262738686081,47.846279129583486,36.0875078619959,14.640191913250057
20.177311025449043,46.07601242016006,6.256707165149673,85.03063770832344,70.11454420114018,39.99580796054307,32.82382859801155,16.31795193998065
27.529827767279325,72.14486295222362,7.1900616447927,108.6059152845805,57.78321013558003,40.61937021517651,33.01955312416344,19.965393127649133
21.358638987966934,63.460676236124435,6.779677704857718,139.75790809382164,50.42126925557893,37.75139636117179,25.205383178731218,17.941742320991413
35.825280339033014,61.526825005609915,6.913473030471399,101.72868289478787,38.57871548183867,35.00643167845261,28.8338524359197,18.272062195154035
30.95274297171798,64.59521300898034,7.113052292667034,92.6033917727203,42.82241929514119,48.9424087131993,36.328567888908665,18.50553359569662
26.062870153161075,61.38941381923385,6.7629720903124,117.38743743954413,62.15077095087524,47.42402067844196,37.8569010378489,17.768242951913564
30.13493131659866,78.64293844287472,6.964194339568086,73.87303538596197,27.47260221628822,60.4527991766605,20.572227072651756,19.288289891851868
30.529502121786546,61.85143772555473,5.710327418964869,104.18245478039219,66.58710955119194,46.10564298389253,24.93321543598882,15.817813587414937
22.180262559708783,38.12680329271874,6.602076935998014,64.0166122613392,45.782844109782005,35.01585678192537,18.880932623422858,15.088307122856168
20.918913777290175,84.45194947311616,6.408640769092837,102.4777155062624,37.72091143388165,30.953486908898103,31.610115300746923,17.958089495629228
25.390715314848237,65.55510400993269,7.338842045449905,96.1049102245179,33.519137348277994,49.52945260711616,37.074706496825826,18.985930716572494
29.30818062248972,51.16119403807399,6.96382276590165,75.87196235651749,60.115516784725806,31.8501311568989,27.77027586360465,17.4353816006922
25.695301993267087,41.19897422557472,6.18477740460341,104.95121909613218,49.78037969295023,48.097366865220714,24.697146952002285,16.90768594197402
17.115017589045014,65.93871331437069,6.686397079264603,104.75648959478929,73.8314783484473,32.400860061073864,27.31758516955767,16.58370876543032
20.98587778024579,58.24241992538437,6.58384066672462,135.26362037017404,31.053865242111183,43.4915838378728,48.450506519811896,17.045605949696178
24.63013568202811,83.61220179048613,6.727165716576114,51.83099790811637,41.327545654072054,29.402487851336375,39.53542479938839,18.241988332424654
24.62167197837085,54.81139078999758,5.990578765312674,97.71853276908872,48.6166826280888,47.79885354332082,35.84797738183729,15.838123032157124
34.86271088394904,47.439288154763,6.680008232619112,77.19212800889562,38.72214884045099,27.66328344490751,32.560543164661375,16.75356086018466
18.07006028800501,73.43694327353893,6.385924325355883,126.09286174528876,50.09177996212704,42.72957329506702,29.89806828304761,17.064117984677004
27.527946209179373,73.87922839075247,6.6412248820278,122.61736195576398,54.792511496232784,38.021600657729884,22.746942687236967,19.35060467800633
32.44556554164145,62.52977051415293,6.137807417438915,115.23639535205864,57.26726358694611,41.0180643722626,21.506476605535745,17.8118154571116
36.35724872711398,70.14535571512363,6.2074684143017,78.88500225791611,72.59250696326691,36.04196165838366,25.45671458789431,17.721096488158764
22.978012884080194,59.43469318886643,7.086921010183351,126.56411748820287,30.447913568276295,35.80740052629009,22.36976096158373,18.264903507493127
27.457147263600998,63.50797651513871,5.9742262208299195,54.09607213770005,55.06640479902966,41.54781204009772,25.13749630384124,15.499395387929201
27.848801785993235,77.47486323845885,6.011122799478976,47.94067889221685,40.2958577061775,29.978616219101482,29.18483499104338,16.246725695572604
25.977408657766453,69.37977501032255,6.474209371392211,61.72387000294228,56.45020070035377,29.919779383333236,29.797587291496335,17.740474184365272
24.50577399380347,57.46088342501063,6.114054812407023,98.99575569019282,56.46998279529571,36.414505003615886,25.036949796924205,17.294057494651707
27.17987694750023,80.28543818889226,6.057485683868601,120.25493202964881,35.19620925151503,36.025298602809926,33.96167643712164,18.568361952246757
12.338769573901573,24.52716940812731,6.552537985604148,10.719025779714265,36.482714860488684,29.946035361956255,28.487949022812934,12.036373933406127
28.410347450313157,90.78109967132903,5.747467071548147,139.6822849563936,57.674645952043626,49.24214692914665,31.71758904942544,19.046208278438783
25.630889518309836,34.41061357663897,5.996018882543181,103.93336588535303,50.351067661161956,36.655265815683954,24.043276920531405,14.624647906585771
23.887625516108674,50.59360762841556,7.527047791461822,52.96682957230674,46.705672389025935,37.73337797003889,35.54298043608006,17.16349490794423
35.23431097859779,59.38623697207397,6.729737529484504,103.02840910868743,59.869802446624604,26.724716740304537,25.72123119798733,18.719441516055834
21.625329906047238,57.80278993907758,6.1267183238650444,132.7757624403526,60.97577713793198,60.71635854612119,42.86843389390925,17.20719588079745
22.984620054674846,75.09616560039832,6.7091075391330985,117.98323045918777,42.05554830947446,64.27067395554913,28.200069167270662,19.161993968085877
34.95776651102367,44.132450720846485,6.783665238493315,132.97219187661898,37.2192029353625,32.19601421595652,29.242527508043807,18.72325235302401
20.839693475750718,63.911502262245946,6.9972072100451195,59.01260111808667,31.07121534743537,52.260863811690975,34.74870789073782,17.663141119660725
22.249423585317306,51.32681852670369,6.436421985271635,87.57984294584786,50.50181180302228,39.081866162624095,36.49480154763989,15.908703711645266
24.26487288284575,64.42711469006125,6.9882488513864445,72.25923308429404,28.65259584277153,56.037695928131065,37.35674944153065,17.987238675380386
29.203672410647748,59.02841610303185,5.480776737558914,151.52740615132953,51.49142687343551,43.362330864003866,44.20470426411176,15.965277114094313
26.039012536766567,61.39403479024467,5.971845934762124,119.1808853045989,68.25255187136659,40.99762168767399,35.29508418723227,16.736359612440204
18.536873264238686,51.75112751303482,6.581935700868228,185.4102876687292,44.69810344570573,15.007304603814182,29.464108089242277,16.990044210033805
22.33915718436405,52.349040748558764,6.664816766403896,85.97171399748318,41.95693579189754,31.213940265733168,25.76283267678546,16.778776008067783
21.963227833938944,64.3090877104114,6.044108856165679,78.25977364953086,79.96767160440717,40.205206695749425,28.929373734402574,15.369150427887902
24.613894773884773,74.15573258634066,6.62970999563158,95.71520084214548,72.64552728781469,41.98666252703978,41.87213192343107,18.886491564291827
27.129218293149144,51.02580998703228,6.18807987565637,141.35071664267647,38.531031941668786,27.851662860626153,18.90426957582105,17.83364357954156
27.09102877943986,46.96848683140635,6.361520452886417,89.01640931873958,52.085197715884625,32.71228471323721,23.447935068327247,16.759828571518423
16.119941229757988,69.20190248507755,7.012386900332506,103.73312793720831,54.93017363522124,45.53447017250819,28.248106051731504,17.81780936726175
30.319704937804282,59.51244160413466,6.9544687484443,102.90072108660458,53.05490634089267,26.167892702666425,23.341476243626083,19.405936702180362
26.262844229983116,72.45747200978929,6.001469836318369,101.18490283606569,77.22010171569181,41.3372972372354,26.729824121262812,17.62650167186997
31.92266023796953,46.41304179943278,5.9713742689899485,80.42804618612566,51.3084483862913,52.37953531489055,44.44987630677209,15.512646428778469
27.22099163645336,33.30841611864854,6.294413302223342,95.88126796268901,53.558523134465254,43.85469629111821,27.615255682960324,16.022936667417106
30.50661478867881,52.00493877260499,6.486626849413537,94.59692195945927,60.329934427196235,43.35486743165977,33.293188521303556,18.547556814273758
27.332726557250634,48.50471086102476,6.1710507557126295,99.77306020976053,67.848795740715,19.798485508222363,16.734425200034117,15.828584566952026
31.73112878101374,58.8181739987955,7.0203212213998345,128.30550454458125,64.05348791456159,31.78087223582104,21.18050184545229,18.7330507225437
27.611253180088895,50.447321785944155,6.6736949208542775,152.81884103873477,58.07127179467459,60.5420183359104,37.46146887697601,19.31897446053294
24.51042376778548,71.11525427004673,6.703042554937214,74.78695711990879,26.619502919091374,34.00838082454068,43.34422750835911,17.597791169556604
36.36217360223441,55.677746063662255,5.866730585527514,88.24019125636855,42.67793413912361,52.64476209547068,31.771284778308193,15.918442087586786
29.44518561139946,62.25711748160852,7.08364535869189,75.2496430478144,62.29131810807906,33.891591106437176,27.551869924882677,17.930537417268837
27.868722105022066,62.36451837661416,5.089915588879655,105.61304611666819,53.75598045918959,37.221794984905365,33.969293047110476,13.266441474287202
18.61847791730832,62.92432638618281,6.917027725924685,83.84951627467069,62.39192950734428,45.155868453535184,9.220523870249995,16.621900285372725
18.55846191268231,59.638063343175396,6.967155868835386,107.19390501225966,78.30749092506872,41.0069301599401,31.83297074814434,18.75912665605196
26.463577410709267,67.65901035615471,6.28379940636102,133.10880731334362,32.34555192411013,43.8151245100108,21.63111519913999,18.090326794101628
25.727605988841205,48.06517299261289,7.136455108623712,24.225049425861748,67.06865262206875,31.81609745273013,36.35274385779233,15.71767482826806
21.929387174958418,80.99126889980825,6.468451223522827,114.75339668802073,45.04454806259553,28.637298105312436,12.461608734552446,18.818001039548395
25.7049134980603,56.45193924947197,6.531215851663721,86.19438853306363,64.03024728912098,31.141283856094987,24.972992192725755,17.870433312294836
32.94313464021798,40.326762931519774,6.669764393702108,113.81266803953167,49.38168884947824,34.67681858537633,29.67219329513604,18.2001198632106
28.477012372751492,62.8211003548766,8.093287455905527,73.10591686749399,81.90506808339494,37.70718617942589,23.905670536352368,19.412104210973595
19.294957451236307,47.232292763287724,7.172216954041502,135.88782964920625,51.95130404392607,50.37275380639821,26.99612479849486,17.988441411913136
24.442455864285282,69.98001801763313,6.850565600356459,127.39841854120853,40.392286634660294,40.87341456025048,37.23547480541206,19.19699197928449
20.975167595737197,93.14408364063567,6.043597756699403,117.05056445627929,56.298119341876514,44.845971025085845,29.804031883861935,18.85876417795924
23.061500417957195,48.20141862663225,6.571794912739746,123.79677153430295,54.85914171077405,41.41601012580132,22.5553535602834,17.11245784802018
22.931921671851786,64.98558499835977,6.093437953076807,77.6313859848348,67.07145641165671,28.84565746471224,37.52320052806233,15.947524473211148
22.611772086979975,33.66741616943059,6.911055423641407,81.4112873593213,56.72079197907388,40.17269526005649,32.0078469525693,16.758695709496347
18.724323140133027,66.80857844162021,6.570233487867428,122.57308602452439,87.12596958753954,41.30782110191536,32.339899836679976,18.656067733666074
24.36172659240905,46.714293003004656,5.937739160193052,76.96812571694164,48.32893796896591,47.599232213413075,22.85991179817517,15.073808467118065
22.19696181576345,50.62748072348277,6.540562291709252,143.3690513997426,48.505700753292885,29.31411930356535,9.619146618703581,17.820981951661118
10.35275654998866,43.48070265240258,6.075291265141847,90.29226786156906,40.94170924920419,19.595891348516396,22.750950133149022,12.778195355662131
35.26486012250832,70.98226839082103,6.575608110668774,115.05683169581866,51.28502507531265,41.76263815170498,21.937051375716138,18.912796813269544
30.44384827108336,75.10956536209893,6.070461341817372,162.9774855776527,53.46588681624431,43.5385000158838,25.093624342554225,18.640779231762654
23.11849637537502,60.35077821987762,6.513743816680407,78.8132993779577,54.21815794933816,38.20615193682952,23.26515467206156,16.378986365254004
25.094095248702992,47.033599419964204,6.875234930967547,102.06285252534349,51.00781513240999,40.28020900726791,30.901588072375727,17.342376662895617
19.14172826341219,83.84284554155794,6.473474004037447,131.62549493911922,40.85268174909052,48.78772378582805,37.04701976836562,18.10743401860373
33.47861438905433,48.743848083680156,6.304555866413805,128.53832166629593,36.77502307876467,35.41194423472491,38.609291418823034,17.64305569153367
34.486443473865556,27.569515501088418,6.601638110528731,90.16554069281926,44.372394127466656,37.21359157841421,36.697694866909025,16.986700170786417
25.783468641232623,66.87583514935602,6.848591310396427,84.49808687434438,67.1230649035267,40.79036444613832,22.819000193506362,18.54068988361951
30.117653220926723,43.42837989537725,5.94640836505912,93.00592202364845,70.35199528237219,27.80185320830657,30.471206346558713,15.325478612662423
25.87643389466962,74.82913190248762,6.630328077352601,143.43573298454092,48.845531953393476,38.481027749522454,42.521326785360415,19.959698184724463
18.316372805620347,54.28293454989872,7.1587704095087,91.62682430920161,35.87625550298863,39.36256682665794,17.322125336216722,17.24295732269642
22.940883155181712,69.05569860816294,6.7868284816383575,102.34347077450396,48.78239584524813,56.37042214320274,40.78584035540105,18.807934916867957
25.659639833859785,81.02250519828237,6.528877073333614,87.19640587229725,81.3749815290512,37.018843423715396,22.031173308882565,18.450589201709942
22.72726140628278,41.86711703068917,6.819868753349447,121.1664569438796,64.98451752974931,42.00011239944467,32.350122300672666,18.15044912143225
23.90673361282482,51.51094303661392,6.726248228051341,104.6657511275097,58.261140372988216,49.18617605389742,33.30228093575223,18.28557912248833
24.543002212454425,58.864933910144046,6.876800554579907,69.89698567725313,64.44027375578854,31.62515274689572,31.519304292555766,17.503271389762954
24.59560751067269,83.06326978551515,5.488034194508527,70.93527657895017,73.10849917011969,53.75740386876166,47.82778315362063,16.361666968228338
25.261292452487417,50.124259230893315,5.723271933168367,40.041833003334794,32.7070069767932,57.638702320572776,27.59334479622966,14.56989651255684
19.696974668016995,51.08244456076489,7.002414574741619,75.06035772623152,44.11940196954316,39.71103712351325,16.884097000610865,16.453074170922505
21.41491925436032,67.17210863333713,5.74736041191928,123.81837410896516,42.06917550744777,34.605739385406196,32.851576540214765,16.01407617639602
18.577078671500153,51.34156911434144,6.700769317859603,139.71281614036803,58.80671595606475,56.27119424390388,28.63968012220432,17.72803071114817
29.889077748431003,62.28788824346425,6.323975171983854,120.56675089651552,52.40166335959396,47.95630872768148,34.438409665753376,17.654441462802883
14.471765290798377,36.726938685478096,6.001905377202002,116.63896601922043,61.34466936034112,40.81969204663836,37.056761934989865,14.369604460573775
30.76795171658463,93.21494913834894,6.6748248785737365,96.2042185141405,42.39668975199166,54.26843819615703,29.730482626364296,20.0
31.93174698631422,39.78436154535895,6.600516751858286,123.2474366474196,70.57928076018734,53.209921885493195,33.49048344513839,17.936479058024457
23.48909706508689,55.17370944014687,7.555171326048189,108.58834669245653,48.959994377760474,36.637430460417775,31.15390345789624,19.00326615525815
11.984314560863506,59.51278446236858,6.187594397732055,154.13346915961372,60.41818327937274,42.487298532991495,44.3350995525977,16.686110604289937
23.193447190163546,88.69032201535194,7.2200550600345865,97.04664057469755,67.9310974838441,45.76792487925956,27.035505977058676,19.928937757447585
24.679079193555904,40.1273132860089,6.676211457192157,140.29024251208392,66.72686473242453,40.28730029887851,24.503438415921096,17.989252499845232
19.94700890035543,89.75556203218127,6.169489059228644,126.22342245453581,55.41242612602695,26.091294090957195,37.045847224889826,17.879003560401845
22.423908030958785,71.35765231653033,6.899623228758623,122.06329858612476,62.29020359573818,30.617404963017535,22.56656147725827,18.68111097995475
32.65097599431676,66.2564298663487,6.782869252226976,39.655260236145395,76.1249099595843,26.417372145397728,33.137262444660365,17.96612389067971
28.324635811508706,45.230494694730666,6.5179216474290245,127.87568684643132,57.70401850962044,44.92924303024004,28.643286770646768,17.922152571463442
20.3771794281095,68.5671186305711,6.633147678220312,96.1747606327254,39.0553039690763,28.156476828762557,29.189434523664534,17.635747841487994
17.01200415202284,49.147700663703,6.2015064844772345,86.68220516695325,58.74576096445828,41.924180708174305,49.49843699208135,15.223923919438855
23.364913411951147,78.99991879797618,6.087106437372746,55.5126087646626,49.440781729706146,58.319038262751576,39.87269395937787,16.981877321722113
23.93271610324781,45.43406956338401,6.8797210869112915,99.83238598095451,14.779982983934845,54.27770184912146,38.17263626655546,18.0574749711308
27.48099593681658,58.302622583158744,6.388030287843363,101.00654790454728,56.92997035554639,21.625833530660213,34.24456512381579,17.909113011338484
22.323416437161704,51.67090367980243,6.459958500875453,60.90994234555586,51.749759750234105,27.212985292289936,24.467887028478597,15.998538252637843
27.557497876809308,45.187155563595084,6.639910797972139,55.80159481318924,67.34626657246157,32.23483575820141,32.091853493901766,16.777193355369203
34.675770200301145,71.11979725361871,6.632644172391904,114.59858440384333,38.7485951376754,28.309763107806326,34.66659440662936,18.798392580227645
29.077505112221314,68.03188121114451,5.785336764512968,126.1511539318413,27.414355064310385,23.461856226782665,31.591883441114952,16.651666154210307
24.759557463346137,78.13515298351496,7.143126043227429,105.70848729767265,52.53021289115764,39.8915966027476,30.75800261875169,19.90027918448137
24.084247644733527,33.30187337687749,6.560591075950339,134.5250394905309,55.702660814081696,47.051005494165636,26.82040560968476,17.084636527394057
23.216634329100643,75.96256053511566,6.398673368588925,97.40845046945505,51.40749418078353,49.54034038722887,32.18766919745026,18.411197727318662
30.903204562260722,97.5817335803534,6.715423002584873,98.36946176799393,50.310630255281055,35.255238292561906,25.795429188371788,20.0
21.863432770243488,53.2253836623458,6.618271096807431,72.48915913777628,33.969095686905106,37.28096299684408,35.627385436538084,16.3175080739314
25.22611354499991,88.42722918163454,6.883531344744851,53.19274067338848,47.916242945376155,43.556772451247554,13.873830390738906,17.68057757002356
25.255989509405428,56.0525809191026,6.768991836075471,155.63986401578754,44.773912557433775,38.915144381608506,40.86994853159954,20.0
22.491079035942338,39.413853936580395,6.8589231144981335,133.9389715074924,66.0906311115116,48.10606776095802,19.506672785056885,17.433793072603763
18.137672260579496,55.415513363898064,7.175496952863758,58.22462298584565,55.689880460459214,44.30364862834514,21.46195980744354,16.841249424491668
26.614872518088344,75.72305951512914,6.9418122744854855,104.67255723493841,45.83004317382208,36.23695576485971,33.27083348497344,19.664848112218795
24.694980140723082,47.42735276502703,6.4197568898357185,96.99861066689,75.85827314634149,21.433636883465567,34.3195346428373,17.46567052432951
27.50120234718285,50.99492011490269,5.938549421961584,91.7802258051087,45.96638485677486,54.990316054819935,46.62622381123495,16.969391391248344
22.331998467804166,68.90309148439786,7.333898966502257,87.72946456555181,58.36680085829245,33.13917710555678,32.37027623447301,18.612431333197225
31.10410649406524,60.045901751078596,6.381138313326444,111.43807440903936,47.49617999616076,43.575586457302606,29.676361872057328,18.564323578426627
20.616131093940776,68.76934428730111,6.263446293319739,124.54526576414423,74.46728772542006,20.834083312809025,31.530395028342593,17.603463506893284
33.56020142008946,63.56744311137504,5.631636591117781,112.07173507084616,51.302896637204164,39.88683416614195,42.723902090302225,17.792806088116063
16.261817450858693,67.1943797932736,6.669236552656056,96.38444876862418,51.74621341836011,41.00261960862199,49.39519992531504,17.580649830772515
27.173850322784457,53.51548221285688,6.574443301976885,95.2831984932664,47.901944618409296,41.48602072547662,28.52159760872812,17.369061285282765
27.377153412633117,63.475964130455885,5.74244253187526,128.10442950768,52.94767889001822,70.13793282717997,34.3421793293769,16.649316856419894
21.02221466029559,46.089404914560994,6.726637021066588,113.90334814348186,67.99306757971864,33.68881626206567,29.40488652403579,15.883785074838661
27.121969689305065,79.32650433755083,6.2509040396492805,102.180683891063,62.68765767027032,48.20664226956693,29.245869269969074,18.762916078072987
31.397593348800793,50.48587924774029,7.845157503644347,98.92296107199677,50.421142716742565,45.23232452209377,45.03240499091814,19.909378244245612
13.915905803229677,76.93271231324084,6.215319403954566,110.35811528836867,75.51987659684981,33.21361007332414,22.594146209092084,16.794255887911916
27.51372403745407,56.49589558525702,6.282403333901104,85.94953934321651,63.09478462013853,48.0566940318093,11.325750328933374,15.796132754923281
12.533645898349612,63.02998516135982,6.062611887872817,124.64616451924631,43.42728321203976,38.356790630691975,32.53955487237243,14.50183982872419
20.17167598238396,52.57553173663949,7.138938260520986,67.72424314486399,29.294774693990934,48.75243217576719,39.60805223009659,17.176545023331848
33.145831824504725,44.760068532479565,6.313612102767624,87.65630470700555,43.77479297305145,59.609626234217146,31.759173010008247,17.66919572893001
22.09108983303973,33.82859418592048,6.137542923117252,118.33318286338071,56.20023167825379,41.507988906341,34.0176284096641,15.553685284546614
19.130600177955138,44.170137621113106,6.853477504960272,66.0135155993718,58.9580055594714,37.188747709315486,36.019147049015146,16.601392172376364
24.010311355076592,55.14136720176118,5.809823532293407,52.80974372051499,70.38706524953028,50.515561838104134,30.887288587276846,14.437131540328886
35.33953169081776,63.17818768243326,6.812555273124474,101.89233026287721,33.581810373215,53.96653165934342,34.4504609875866,18.923744468993533
15.84158876396987,75.15568969924895,7.390699858300429,49.10625536660588,43.412669990797845,31.167424606079507,34.31689518922928,17.069467941099663
19.743450441803276,53.31363810304727,6.783303916417545,61.03589337844416,32.3353599518823,35.47042910461925,14.3311632220841,16.5925739725099
32.48715841589813,46.77058853599239,6.818949158129962,122.69782355519297,29.918011826308316,46.75423271841262,30.91093514983833,17.999307023021753
34.288511717688664,38.359278209959314,6.935030108453742,93.85644227182793,40.58271881070022,38.67967989585281,17.417737336324016,18.286215313011656
24.48284387854858,67.20095426856156,7.354854014337759,138.56460849126958,55.49918366441032,30.45667987013213,29.69462795914062,19.776782887930512
18.80473648736679,80.74791772994016,7.104946980009552,63.85556977187635,61.57091652335474,45.40694827895395,26.037752409284526,17.69502392841758
35.479217509045796,78.99495401934433,6.719834861136512,97.18142903103147,35.774688400674876,46.714897157067725,38.27209003494262,18.805836720553714
32.97221195874599,70.64899122220856,6.951945700318,111.98753659623277,37.860861209191405,36.65614244103025,31.95530207367998,19.14713759464854
28.394734938811165,69.57814975901398,6.057032537267444,64.88455209613274,23.30265237014849,40.61348765331237,33.78554276870583,16.56777866328507
20.9379882553129,85.46435669564012,6.888146795373661,130.95285713498873,53.215283124154936,34.23426931053881,28.468394256301995,19.31638623741898
24.754853295809816,64.98122192125216,5.997222014408126,115.32036649498116,39.01791647043893,29.047625740880274,38.4174501008509,16.361208433220636
24.19819959477585,69.69194514036258,6.316488790684186,51.72138739937698,74.94547067317771,35.029353933718134,17.22139727581813,17.182529202645515
26.654256523077887,55.188242072220014,4.958718912428381,98.86774611374199,56.14713199474392,40.73932350175907,22.835980383029284,11.59560913603763
32.25500719065668,39.56934943717864,6.700714829683731,111.57870208775898,47.42831384814837,25.249107785307036,40.29045697287042,17.266938706918435
29.397085205687016,49.74226649250635,6.178063994445823,82.29829979415828,40.38331358683321,35.75987068747841,26.514812006942524,15.507309471512645
19.613119615076208,59.86261442198017,7.055572607602231,55.60405283473558,27.579946697086562,40.87830130592739,12.833343958632916,16.19271807259084
31.882482250097688,60.911780587519544,6.695096305302702,108.3537636834223,29.481923345818537,51.94659910124867,41.62113021291108,18.679496882203434
26.565660700065777,88.8942878228309,7.062047947350813,166.33728850847683,40.66788568141798,36.87407645199469,38.615488570878384,20.0
28.43532897929458,61.21915751386603,5.958201727663731,88.39047702526929,39.51645676963543,27.540976498907778,35.687755252885864,16.084153786237064
32.33270429639301,77.68265166038466,7.019193018579816,147.07723543854127,35.012422357310086,37.90339987302271,30.75524805561362,20.0
19.442098752432244,53.47384137635526,7.552928172181663,77.43133534715595,55.656420911635166,34.334306959099095,43.28597614526957,17.673132875652428
24.820872106467686,55.324861713521486,6.882079149965947,106.46636905029855,57.713983886222884,45.52178555057363,40.06894743250001,19.204394173164076
22.342727243203925,40.06488544164828,6.895174504346144,123.14567592628357,43.12051404047408,36.62094673637771,42.38284855033608,17.742817326178688
17.16070287317272,48.865079806851426,6.584798838197467,99.74759002085905,79.02728402397976,12.894333784207292,35.564003843577844,15.62668677231233
26.733549888024598,67.9047208704563,6.237665609717318,91.06793053356307,23.79905950225862,76.91624501197805,30.982366810008653,18.44495608453217
37.55778275792212,60.113402705912,6.880596186350754,121.78382564051121,50.87245848458395,41.423632915909295,26.806681031881606,19.293448020501188
15.799611277471236,74.14407929845851,5.746958544798966,156.7436534580766,46.72129693868112,40.89191510308579,19.848609260273026,17.12043286791467
24.83859694475265,62.718809225175754,6.291122437539592,109.01760773917394,41.73948677049115,24.58590028002968,34.016364923730755,17.06073993642328
28.202714675373866,54.71319402543387,5.614471598831409,84.51819470408958,39.53505730980411,25.354307340383883,34.68285867836484,14.99029489305398
25.615391008280906,92.22445295680438,6.148171811342459,94.30745328220951,49.895601756314626,39.08051042326968,27.20174934474141,18.533296320547116
24.4343597374213,58.591446469304294,6.82102254594678,175.59122936936123,46.617082590174064,43.3617133231164,34.909448224933065,19.46402880760051
18.503918182770878,77.44501454557957,6.752696688110232,104.04721349014383,44.1218520933116,47.02114139176752,27.34257734720685,18.750159807988062
26.163933714700818,53.98186190182984,6.525456847767736,82.16758904266082,30.51920547515938,42.3743765731826,36.93942153077569,17.882578141329493
21.21618011492037,70.6439921907535,6.585200497031006,65.64796250552381,25.728322732842514,28.140577968318656,22.94314165485825,15.568653414219071
14.050391475107233,73.9202348872753,5.557067691067895,45.22296717662183,45.67225287206652,14.95533390919951,21.559107719930385,13.197095907594745
30.972961102568654,63.12737955863371,6.313718859714543,110.9075282153857,43.968558432552044,38.997776506217946,28.07537018225082,17.426310014021695
29.79192909921021,24.682756159550966,6.159324196782395,119.6392597847351,47.04444709584759,34.660253293908724,36.630283164018294,14.455715576032562
25.2583048842554,60.27378691284169,6.17047015474273,88.0991146010438,48.37067303165737,27.37428275887715,20.729716282727814,16.70742113660125
26.145373441028514,78.45690071639963,6.799789313906877,99.55088745907138,42.162464871757734,48.28058224105626,38.397496152073565,19.43253723959302
30.37159006357781,67.91221249541596,6.069746336747345,64.88614872134129,46.813888642726916,24.244232508200117,16.859294924918302,16.768097546288097
26.121698283890414,66.6875831284387,6.197659574936295,103.98785394482503,37.197075378447586,46.169688394565824,28.026032995245675,17.528941053723926
29.520087773806573,34.16614599063721,5.456465377145242,114.44485961701373,72.85918713744925,25.898620249825186,18.695390983178875,14.73407344201086
23.51258899563075,49.193173939874114,6.352938409811915,83.94507198497087,38.00389777775047,41.34088685583331,9.120805086534144,15.711347813842497
31.559918692869733,66.17036446727158,5.956081226143191,150.7135800875752,44.435289358019894,49.33974322018622,32.93161443820203,18.261933256676713
26.603928629663418,66.15574915180338,6.5396014643448215,74.88681019759265,39.14316816329179,36.62066684397726,28.57751113095108,17.78108141990534
25.97025971802937,78.22000170199354,6.024445976628767,108.50429812056947,38.891276896926456,56.899198345068214,18.823208537356088,18.337719994783516
18.64969455643984,57.826998672808585,6.552271122774608,125.44951659113816,50.3696234995692,59.17886325593504,25.867089136121763,17.413596984997504
26.434779271508543,66.08736130010722,6.427657119628829,97.68131499551852,48.46648685175482,42.371750000196556,33.53460181543451,17.713034422312226
20.840225412527744,60.24561362896941,7.33602088652116,94.34569543316526,43.10809414437185,45.41385370590273,27.054802664086647,18.2121488645285
21.808586367357528,45.19585895247665,6.748608990226597,57.13401548651013,45.747860126685325,50.60708866316519,28.410551075452812,15.507526745211882
20.923121858419393,26.16313003357879,5.5801810637188485,140.72024487148852,39.20279673510094,45.4442637248549,26.812347437415596,14.234442082358447
19.668825340503872,66.46514538195115,5.867555577948646,94.90320394997212,56.025884565892405,44.37243217598544,25.341582948560323,14.983247577064867
35.62385701508481,62.60920812619217,6.527604004496166,116.12096274804475,80.8278911388607,34.75930597223912,25.23730180205538,18.98330122349433
31.656695309942016,50.727374368497465,6.035076025803675,120.18161463580422,36.877380841501726,23.12643824822288,25.002421069634117,16.613524887979377
34.6018375107213,35.71240415226203,5.015815784882074,81.15104523946741,55.90944835601907,26.099045867505232,23.974856991415407,11.502551567608355
18.88552490222218,69.44609271613108,7.174773156916872,94.07414187126355,50.67423435531065,63.82367358761519,21.86164321847358,17.68460708668901
25.356268749554463,56.01119888706672,6.860112008452704,140.0344705223051,60.02944637198885,43.22458957805001,26.962301458257368,18.532131410536618
18.53246187397952,68.35312083552219,6.760488436745886,66.48407002778666,60.451894407441074,37.54316518608669,24.880577181375862,16.810870636419292
21.52152561401468,87.96072795617637,6.1963384772645425,163.8375422427177,53.081190458279906,52.63327259117909,21.426410955874452,20.0
20.409365082917127,27.878536795204425,6.713838385504965,77.65381644171178,49.4026913582735,32.5054202713817,36.12811724285562,15.231737494975143
31.197920032207808,49.50598786946454,6.147819837889559,64.61447630078464,43.483247005273306,45.83108267413188,39.86108777533372,16.294626305075212
23.0188516094912,56.8593658003213,6.602428650108846,103.96927062065603,38.525594703370466,40.77192033560038,29.999177803172802,17.98049933273298
30.34189666847008,81.82239261219976,6.039708387081761,166.25044793019612,48.54731508572323,44.600275011036025,30.531783903446712,19.90184001174107
28.02060444794259,35.453954711902725,7.2581442252780075,42.671021932233856,30.731167528734794,36.63590130706143,24.45948827304322,16.403893753562095
36.51819376052394,89.03791538520908,5.714881672959078,95.76952844530923,41.09216014823797,30.353056927096198,38.536250854327974,17.03169051613618
17.60277888430138,62.03783852349436,7.116141914755415,114.28795051769667,66.60280436708852,31.77128926860358,43.90544892061072,18.369498284544846
31.296166198933996,58.559990073992125,6.519457914008665,101.00949875606594,51.47768331619537,32.161157977397025,28.689649367794708,17.555374828006364
30.732204352003638,57.0291035517164,6.255266502329005,111.45765010009029,63.38996628403324,39.97029687677844,25.828427772859825,18.54027064007287
20.133105809864826,53.45605451729957,6.583501460847869,78.45900753483177,72.04465829987636,24.43864819526057,32.731802127638765,16.862768162279295
30.035666682365797,75.72175138903732,6.8666740035890905,82.00834462205857,47.344558161277746,27.525713849779073,31.031448352307113,18.977362644088267
26.680724815131143,43.97218868876342,7.1833733683471985,95.547320585224,53.10988751290462,41.35524297529202,25.998756196341684,18.22773227344069
23.86261870023296,65.1812127246578,6.656571511566766,66.10335736291746,45.47231158770867,38.723249555860846,33.769566664258804,17.36175386593941
20.880322565140002,54.237275014395365,6.054651957368861,98.65940795679431,37.81091359286591,41.902315342566986,37.505260859119176,15.498855709426321
21.40445274275407,48.567998272288534,6.527815061882894,88.33764118985496,35.70547611001393,39.54956465666891,23.713452789401764,16.446624131957133
35.24906047892963,98.78962763525844,7.408396618331186,85.89864444535395,62.64725558894737,65.18950206888213,50.33627183772484,20.0
25.003414094787413,66.2857610213019,7.173839042756312,109.61519237795913,53.12940920728472,41.26738433990874,17.736462743217377,20.0
28.910650007657296,69.19898316991716,6.954381739062179,45.380215204020885,77.6990460812158,36.20920350512724,23.186474189272793,17.896347808333378
21.045503091662233,77.06665171002993,6.897843510061193,93.12729689850539,64.58078019385836,41.0113178536151,31.871744242418906,18.92846430883949
21.100735268891807,38.67975082022179,6.849725045303271,169.52061296844585,39.03180515695448,50.1995504251033,47.97498494701239,17.737573521041774
30.40992404624971,86.28437863683048,7.079377417254935,67.41670941023125,62.605132703401566,39.50371610622535,25.499274466555,19.30012766609989
18.25211894224234,22.365642322573866,6.271685607139047,138.5650148945324,45.42386691346617,46.84728358636246,21.474029499235307,14.141469018082928
22.923931160473643,48.46850384942219,5.822456967112497,101.63968362738096,68.25289563693502,43.960459644022166,34.39393182742997,15.642284089784896
25.17013705536116,53.1145249023165,6.5345017503685305,81.91126573355746,42.7049918413547,37.09584423157356,28.01124473825543,16.551060476480803
25.556863009200264,68.72585047455759,6.091209206611154,60.380750214105795,34.21361059635991,41.10875798881952,35.322045559635455,16.768435476775643
24.104533574919216,63.28077399212231,5.972489622311408,104.19045895855696,38.063673844078856,55.98922114192076,29.43375560079664,16.754483005187584
26.979098905479617,57.4977788895241,6.139860711706034,143.60191317444028,38.83002646377629,42.430782950379644,23.142667662960356,17.642557967521256
28.464278779089057,59.82003983058414,7.742656962266843,88.32366564409709,37.396223530720036,30.139789758289297,48.79100776331384,18.47117859133692
28.67318772729665,45.329654647161476,6.568062317037922,97.5711572578968,41.4108758659234,36.80489572867125,6.364875207354245,17.25800624883811
20.07098095666087,37.5415140827374,6.680953918180494,130.31112550570995,62.85037805487856,18.857527502671946,44.56191000279817,16.42327137200748
23.579224510356013,70.8976743350409,5.888818596497873,110.22612374038843,76.94066312399276,41.3739870675288,37.466095233871414,16.342159096646768
30.97381430938469,70.40559168804278,5.578123520603685,52.83172660826264,30.047157266697443,53.12062343782814,24.035285667782283,15.394293155214688
29.47323593786936,83.76741562735587,6.090473678440597,102.96661647565551,68.95269564249725,26.58594231866146,44.97936083867012,17.7432058322877
18.13570274259468,48.149743547771884,7.219097792604374,145.36704731996795,42.83444426038357,41.49732734508049,19.028646406045915,16.965348879302176
26.757399501761007,70.39222815451384,6.667137733038261,98.89176440597505,55.218237968033506,49.85431805869287,38.0648876960602,19.36766956230043
15.108873753125948,55.74439907452902,6.7992975457221965,17.755317115678693,25.18780954140054,50.91138633196484,13.338839095623118,14.265167512985112
25.234674510301847,77.85712477790223,6.86928301960103,111.64644974773219,57.860525260172835,52.79801172275831,20.832974456236997,18.657864602049344
34.48883508372988,75.32944165017213,6.204325310100861,94.04630681367892,19.92031404775906,21.317461686544966,20.81310539481698,17.046178008981226
20.260536413655068,63.16814098836685,7.1939827919866834,45.1271675823635,54.70902608465248,45.0493095461181,23.99474671656961,16.878882284540936
20.82838477254209,54.9070476500102,6.183596200388909,49.62375729838647,53.85884070544005,24.944348149053948,30.092648923029266,15.561399634573378
28.820148907864297,74.41398267912392,7.203116179631277,129.25321429866426,52.865114514432015,30.016678634275287,23.39218908713474,19.38815179743897
17.28599242395177,69.70356784884848,6.72115107806767,78.0285176321476,38.976347740506064,48.211222596085065,13.708712386417691,16.165632803957337
21.836224850574805,49.73339396870727,5.605477422876839,72.77510857792024,58.24290011644465,41.580471218516166,33.70760614960543,14.543589755873294
27.982205687908763,40.08301989780853,6.125995256699732,98.93084317204993,55.86622264125076,47.263360742393736,30.39160738341983,15.87695888565553
21.828570761552985,55.672006489773054,5.607530733563948,80.67391005040184,46.8507082453832,30.708833951983017,33.27141872718544,14.40238544055631
23.820150063945142,82.73120723022313,7.081641066397104,103.00145883333235,60.07775460762791,54.73603110162877,31.375343274127818,19.625325191377986
28.720928551575174,77.19730738099557,6.4876322895988,93.9183991168999,48.56593780151742,46.88333933841051,37.633882255881325,19.669235020272655
27.107730417682806,43.31508795494129,5.3858287800251095,64.00013259719071,57.93165738363143,48.89298119293459,29.396141174711175,12.855665773910102
26.33409198147701,42.48363876150118,6.687873440859829,84.66406604315846,48.11181008908865,29.198332238848643,38.100165078482476,16.90473219915103
23.304388603649805,79.12025774519229,6.23141786880584,113.28259963927313,53.25052986664311,51.71401240212619,23.794426815190178,18.88459165777853
26.850305576344777,42.965461428632565,5.758097072483339,101.25754120715877,58.620844116128936,36.83838423359597,24.250636965289175,14.970672930804861
24.381336599501218,67.63942985463012,7.338982918484349,97.54172552824505,44.031311395729475,33.88773729854609,41.00831516318554,18.702390644499477
27.289028049628925,50.75893176995514,6.553642933048289,158.12152723538154,31.49245120618707,46.254635400456614,40.845349265818314,18.874177902876006
22.51533987441011,84.25567386782524,6.353284298843343,121.93112576156607,54.14118508322232,45.83211774787939,34.58993714224666,19.24259348472929
24.087155128102296,48.44362801293182,6.3002876095069915,125.57323794464027,67.84087067919394,31.531811522426622,22.88713669712154,16.627038606110805
20.05021103723993,77.15042295308743,5.7433602654211136,95.02094776615226,54.48726459436169,60.5630101019252,22.242940517633947,16.833743586196285
24.82496194996882,62.77287981090547,5.8477255502079455,106.60435571053824,54.77213472044559,58.14350576389775,40.62451169889017,16.593683739060083
20.944995681855776,63.782922813514304,7.1424583924375415,87.06700031422922,49.367358402550394,46.05035140811769,40.18131942062527,18.43077515018735
19.429767749190034,30.445371279728977,6.263058565107141,123.32649296572384,61.08677979159801,44.30403422731688,29.491365138639,16.22018983116195
26.293305739276942,26.956299701914222,6.511033850468432,96.68800287702871,47.21096875793094,43.29786226260296,48.735079415758825,16.45770306607486
26.063698879288303,56.69151089599029,5.477834761899462,106.67133246791668,43.191518283097075,24.500033739813286,33.67120057556912,14.847120377763904
28.914368674742864,63.703590951249176,5.840953982102247,104.81833906465505,66.57947379312299,41.128073879214625,21.142405007751044,16.408100371575195
22.844372152124503,43.12203258393415,6.804906259937376,99.45499355783636,42.041925225609766,40.99541581895748,27.79495120265687,18.293334656473583
27.04026423418378,43.66959884285487,6.6888558800569164,188.14564201467311,63.342064196776235,34.23988313761619,30.04376462404299,18.721014510963435
27.753987861368316,68.422089447392,7.376687599362158,80.00142167515833,66.58903192936563,36.90650827998416,30.691189093992907,19.475169966147003
27.223869039157975,68.44281720685696,7.171478165815613,79.72865409523924,58.50225398093091,16.187076052845274,40.00002574281366,19.033775869430123
20.871731585989288,57.933884094181096,6.384644513757588,120.8229024043527,31.26146720641051,29.02727069875009,22.349688698685128,17.07103855117068
25.746817411355945,71.70302581779113,6.736476782356635,82.14493002774462,50.407323638337466,49.2182629150729,19.347901607102266,19.401939721289786
26.820701480273307,42.3869655641978,6.3416982785484635,91.25780915953321,46.97000004412074,57.31196901639361,34.81858946404076,16.52156451508602
25.03589233453971,54.66097624369544,7.5274049093193245,67.40767139933146,42.5600111699703,30.56619314704229,25.94412392859317,17.925264122000172
14.567611708144577,84.7181640867551,7.0745073480261995,114.74673758207761,52.14127381019642,41.82848654975939,49.38804898773459,19.39019272635991
25.8024481198674,61.02483194909727,6.5848425454288755,115.12771733452455,61.53809521246322,50.98382329397317,37.54576305180506,18.341913030597066
36.06265519698621,61.894687718805,6.600197392438176,90.54423820229667,43.121710098032025,34.79784974105246,25.796828381278075,18.441539905105202
23.199803656215085,94.58919878951609,7.222425143629904,121.44450065440218,47.429259885894886,46.762481772346156,39.70282991027365,20.0
21.359614510723393,39.009867512268436,6.789788923556924,44.25624958799225,46.384115992520194,39.662103044198396,35.843286360664045,15.943072903147723
26.86674279855699,71.94645549963165,7.279314008535043,78.79439795456969,67.45806568316468,51.904019884253486,35.06957717970622,19.829117105785528
26.561891052332857,84.9597941971215,5.403176036870564,94.90062441367208,46.1434907328412,27.175492603313767,29.02204854729206,15.67157848215678
30.963675827082074,55.12713110252181,6.730614130749399,64.83152509291142,31.483915133573817,28.954233712323468,33.36360681310772,16.255357527383385
18.71065922045556,72.89446180282269,6.2422825676593074,47.538608877438335,26.398477415142292,42.79539168942811,13.176336795258685,14.641004168131639
28.65690126287496,45.26970754183643,7.378188993813996,90.76312104884659,55.440943498489546,40.96206099900437,40.536715233776405,17.494867648920053
27.952110306257318,49.699014066489724,7.273199343594914,120.82060261182225,38.589773901711474,39.436761035066695,2.5115008826558203,18.64770361475757
24.28926731529727,65.77449624071451,6.516417904550654,138.46325174279536,60.03086757908718,45.75834160204483,26.46301524779268,17.53098629200536
26.69343658960845,71.97850009665885,7.267815489405516,83.58136350383882,30.03170017239303,30.69350435442264,17.234315574447727,18.77984642533416
30.147287407991787,76.81404768609369,7.391557259996253,121.9964751286478,41.91631750084088,26.305643883785713,25.993190870147814,20.0
29.36157690014225,83.54442880409239,6.537203335963073,119.09626114227002,30.041467257197773,34.99891891971274,29.407061820703156,19.699454608778975
19.284903439631357,58.98830162167227,7.7359668862159285,136.55824523003488,56.519160733233846,36.11721441301901,20.42565172867031,19.43456723313244
29.10079093377742,77.90417632758881,6.484329423665139,89.49426908937996,59.732713109369755,37.16252818942089,7.804182058886074,18.938542781367207
24.67655697483741,54.86542734826276,6.392739524832045,46.04498514445977,55.079377364549,52.69045711353877,31.656525793128463,16.35396387159512
25.364370490077572,73.53136967382402,6.932936294292172,102.10557557268234,33.71095519394236,47.704172467992095,46.69151825622316,18.912446983880287
25.36598495500847,63.11233196778273,6.323104634428843,69.58618777090831,38.81354383834,45.33239869155429,27.189758665199946,16.638249154717
24.248785056008703,66.68516860622886,6.542669887897447,78.29484672813977,53.51470982917331,42.21999594629311,37.6746476498064,17.126539982014602
30.958537485535324,66.35261811033057,7.204717212025455,90.96342567840452,24.68387887813454,35.65811544284445,42.03507870045509,19.143992173275493
24.58141020075394,35.92942485303282,6.509609426108635,89.8321710595257,46.38297583418146,31.46054843216555,14.799696603633615,15.129888228992955
19.402269358084155,43.1381721170884,5.652491103512347,104.24677800687384,72.75358030003822,28.02842579307979,26.34179878817343,14.643791484190132
23.032350720151356,61.53812159726284,6.683659693924598,121.09468949258853,47.30066676229438,33.054931495293246,19.78891510648959,17.55733428434296
25.893473584052376,34.690813805382476,6.151853210473803,88.96793250172101,27.671830414520727,39.57078011639012,23.54978369617469,15.209456235529666
31.146073921485254,72.46816654799633,6.932635578647273,111.87092519824014,40.88886128485797,28.45015799817333,43.616093609173035,19.630457314140127
28.01547342474417,73.07333949432213,6.8480948579131224,100.44448029791516,40.539615114836366,41.695197577366095,31.789435891393538,19.616899990251778
20.74732360626478,64.90755829316686,7.235700174083261,128.06483187635334,82.10463169754841,38.05561872764355,36.310588808361395,18.53432737459824
37.425949583394456,43.18298980863117,6.953766150396349,94.3422444668105,74.98518620770844,36.02701588456797,29.648807152289717,17.916785119264713
26.3238765548899,80.70208408302773,7.045122141829032,97.63219972676333,60.96403151152367,51.61532901211637,20.315578834115648,20.0
31.376953689995073,90.55815959577536,6.165451619931144,88.7679865600328,44.853861038879025,15.393813777772687,35.42492557774965,19.167770451287492
24.241427832113853,62.20615241168961,6.901993247945251,95.13254380124513,68.00944491469585,36.1627045471507,40.02060297154257,18.379821977203985
27.666796223527246,67.65803067676855,7.484225644680145,76.49535614962377,32.99810541424312,16.47562554370522,32.53899372934926,18.48828992245329
29.197342522592024,63.026079821940655,6.155675045681616,73.5220814156946,66.14862972866389,42.38562672929442,33.912994894079475,17.97386362184039
31.09097355877128,67.95553783498198,7.3998691458635495,123.27296155848175,63.919603061300656,47.62181583198926,20.121588909065725,20.0
30.286841526891124,58.20661865060406,6.225324954399335,67.50394950446196,47.729813980260786,26.488937957861985,35.654909065193806,17.169546027746843
29.360985000364888,59.48153640234295,6.074014377475013,90.4264573090629,67.08779470026158,27.769424161086096,40.76811058341079,16.228552772799596
23.424566344029458,73.58576400746048,6.648100221677419,130.46028358812987,43.29168305804225,23.017001682895444,33.236683794171626,18.99360897448117
22.14126979021969,95.1843624284466,6.857955208064404,89.41897614989179,31.023716028526497,40.636419927131676,15.625734032984859,18.625774781284164
26.663037551620988,38.99893148397392,6.9558750619861325,124.86221361056725,64.66947519499882,36.59211723795973,43.08503600620225,17.483024322772604
29.665640361705346,58.4428127339555,6.019118789613399,82.26862837819475,48.721356062908114,37.21345269608407,22.44140885084989,16.610345613997676
23.886396496116966,42.29309272151877,6.717270048627145,68.46509180949418,59.02670904948002,36.320283605141185,33.10229461511929,16.72223761737827
30.325859828571932,83.88037347864125,6.157222714258247,52.15522435297538,77.31329887339109,30.26400935632061,37.623810148487344,17.406468697963604
32.263083727430896,51.18393046020152,5.755538871964712,139.38172207817985,39.166188914055546,51.318740238960366,38.63694657640795,17.35739660820099
20.4183954046329,38.35198809321309,6.035631842233608,65.89386455096754,47.84930742740037,42.72340680131627,15.599545505761235,13.935020502941658
20.8153964810186,69.5728049827286,6.124549817022091,122.4155977037528,73.54451756866571,28.15336463222396,30.9377380485835,17.136232537652837
24.29812470547332,86.16466672114667,6.760797580176254,70.00158919619852,60.03097596282925,32.994531841674984,30.40817288706087,18.687478472306083
26.538063340945982,69.95396802841144,7.076106831534334,139.52151753819464,39.50325883693105,31.279312255325245,41.51222550181209,19.710286464579124
22.377164931164746,63.07196815922876,5.763396685062367,166.203481738453,35.67473444690782,54.059279034730615,33.669788339285034,17.640809505379714
31.761013394335723,66.13711384163992,6.675980537104028,49.4040982092899,42.07879039844982,47.11219272682865,41.58494128835969,17.15794185455033
27.120334307592255,81.22260994238331,5.911650907114547,67.45730697523558,38.92377942795682,38.735105430774475,34.31934079908123,16.32106942338385
25.197235241203696,46.88701094978775,6.814542704507,123.19395591409675,53.560221792342965,57.07221184953859,29.406670363510262,17.565029448522342
17.820452380657365,58.3222934387053,6.188634709498126,115.39128770097444,51.176517607963994,54.52043595199184,31.550875372305274,17.233533839818787
18.420920917862464,53.209647772356995,5.97433549098836,123.30765564280574,54.18856631413026,37.6928910585823,42.1887753368197,15.530314369616136
26.405046251409033,42.48202039062435,6.899832257673787,82.78733348786872,37.38780797660326,35.89434677876191,19.62454531599001,16.57689912843954
14.337021869225818,55.07437110874796,6.206538697277453,159.62602483070103,48.93749138712117,36.37636044102651,37.247636080964256,16.07718620709739
30.06318704822036,76.61581643973673,6.342018024323651,103.54148400069323,19.16450339065675,30.47253404031069,24.979072070233705,18.49711057300645
24.209230778138398,68.49903222589089,5.390005456221812,63.49112269469442,52.1750947604205,57.33974448467163,23.260167326010375,14.81986949709844
41.215464847973664,69.66465750162301,6.973275680711737,92.40554499871165,67.63160967433798,29.935874969411227,38.18741093292939,18.851762608723615
36.53958125308055,62.19713417479977,6.910454260584554,63.89299311313502,28.628811359807294,48.683043154274394,22.93530195991205,17.800539158226467
24.092754653762416,67.84985674092883,6.502728922140657,147.72824075662314,57.251423459711916,46.90543130908829,33.0165977354026,18.23658807855601
24.468314987343426,47.99114486477842,5.736209529322121,80.19006211599651,40.834784723591554,36.95134021776434,26.08846862272188,14.607172909731485
29.97790757001015,55.35735171109156,7.104684589167381,114.77450454233868,62.03751730540054,58.10045103664451,11.144506432828212,19.86205900023318
33.51586304959019,62.88006355453015,6.166868306819604,85.87980565053459,52.37971176818418,24.409036789184714,33.82172784083479,16.774941773211545
16.809854712819917,64.16273788322836,6.273323274949706,81.5383807071246,56.07056168990661,39.2030869902111,31.010570183654316,16.131148814442657
16.06812267322657,64.8028178238281,7.656022028179765,42.69237456156848,50.972358481331604,35.10959835059496,14.719355884681457,16.58911892888591
21.889825972228092,57.92497076975433,6.148181777945386,117.94523808971701,69.92497709576529,49.60593150270853,24.411283667689105,16.39978649015666
27.91368791586932,54.33864898304505,6.87110498121325,138.97543757887553,55.211157165426535,43.53565864375168,15.544063066301563,19.324040989667665
27.484367952537987,100.0,6.781046131041308,72.52097255904545,39.41864428996323,22.727048213335074,35.85351909837131,20.0
30.34885727491925,73.60180909398598,6.6950860964400425,53.64312655003985,51.48072578481506,52.394794437464526,41.10394562168077,18.531916977797724
19.00151235817346,66.19721213928933,6.641000271277256,124.09948128213487,44.466784355509255,44.854617229245676,36.79592484036949,17.654417749402587
13.419280685155616,56.50187252690409,6.688194280944599,50.61275952681247,52.43599859779384,29.64508138037069,37.91304125440073,14.703084630462127
29.290070976510727,53.23171759584186,6.63597029547027,136.58598807844777,43.70345431449781,36.50320895213608,25.85735675466549,19.378931935565518
20.859018635173825,58.037991094095666,6.47404082061197,72.86814631136139,39.84783896680528,27.001150850279178,34.375424088882994,16.301027441390232
14.90756067805681,64.39243265380026,7.255641562055371,66.90121771526121,52.98908319122669,38.291619743835206,29.927450958862714,16.444387710258344
25.725318729796907,31.793466839053785,5.843669719600361,107.45387263393874,50.8368444292483,41.50117967359822,31.482516128710557,14.830287242013648
28.965878441093388,36.459156069379745,7.010729052007688,68.85582144965687,65.9593376756877,36.65352841366052,37.65945168363618,17.231053289999295
24.389714339393613,50.44676416591564,6.911171149343776,78.78666756120371,43.77566181300781,35.495355001271456,39.40389936517789,17.49732870795107
22.710758069087554,63.10709155167853,6.849199560664701,110.61945798013019,20.28719228757039,23.872596309488213,26.881948882891873,18.5820723931813
24.203188839270467,56.410902792722226,7.058489713820064,27.126629885000618,44.54193802305031,43.37241461503208,18.73884150915961,17.352033109527056
23.147086187996084,82.17181839149227,6.453700302365804,149.27257737784967,25.603538616251345,20.755454031370473,28.50076372245715,19.003126545017253
18.259764440299165,37.76404819506347,5.5655129620865615,101.30920397397213,56.23507961144864,40.31079518237262,28.245813717488925,13.293542178732976
21.426596615047842,48.72981795594944,6.463853670142757,61.21101962789416,24.891531074768185,22.00844175967539,32.27678304011325,15.494955469736025
27.606399525069072,82.80137611486651,6.0044028911877225,69.48263892139475,35.17443406378848,40.50504890486287,36.66396734771298,16.778390399771535
26.6083927068825,61.9667898701272,6.134070395070968,129.74939134782406,44.564983125877056,39.93880995412251,14.683344276127542,17.950879831916396
25.8402990298341,73.27263874201738,5.878790163083794,118.0315880522231,73.15925907141717,44.0334496767854,24.63269159046819,17.362747230393623
20.024257590733104,90.76870414904195,6.261327570778083,141.60341971855632,33.906648264276235,48.622857168015926,22.288894485460474,18.92550235690923
24.092484189321663,49.59293373147266,6.201688153008275,79.51771465587295,50.186074747198795,50.47588422250938,40.007150309534325,16.8972949273016
14.114674767785726,58.51028493311952,5.311215085036449,108.89751511452408,58.69964865435889,23.8995740062407,28.3330328531809,13.082366507855417
25.892383319426948,55.91359648603693,6.850110955641145,112.79703735351033,72.26090829831045,39.417939468669196,25.8969314435057,18.63743495192327
32.14428853906784,30.681104932750866,7.610160929002441,120.85802500756711,61.666921275821146,60.10940884560054,34.306413539572624,18.645135161246145
17.62933933978947,55.34404794366046,6.803118596748145,133.8184337029621,66.40860427448698,41.19100568497707,25.255949192671817,17.658407380830603
22.070361633411224,73.21593281070999,6.398538021732886,78.48208282466959,62.96460588277312,31.686518596986865,29.878441785625206,16.714367487299793
26.64553389355065,68.10884312718362,6.4726268021618925,96.57489196718558,31.86315542905791,39.20298873560664,44.512569600896214,18.13265779745709
31.26421317213742,69.28624754082016,6.289507065993412,81.69550763259565,55.3953815647557,36.163340596859385,44.29032259109315,16.65516062826102
22.758876918499254,54.367365290407506,6.545020791933479,98.42164379930873,62.72991428258334,28.23541842867846,26.740925415497447,17.55416505398855
21.538748353670517,50.15854145991538,6.4814959529633835,120.95298346188926,35.6524956548897,48.69104188207008,28.54110558272338,17.335763651794263
15.155384287919585,79.03883507847931,6.079475784800853,50.37893499217893,41.30360184913966,45.84352558275362,25.047771994153557,15.106808948830382
25.51719064654053,52.54024280463496,7.341444194473916,133.28114708377856,37.95211557309416,26.65490927887872,14.593077799678637,18.624418128889136
35.21038020071872,64.41123058189821,5.756422882145115,65.82453627208751,61.589344789520496,39.06725416183098,38.28951476077374,15.963106856726176
26.38679230982338,62.450020210163075,6.859165771597123,90.77889040908306,48.96078319506302,34.33536350817877,49.37073693337412,17.413773740899085
24.888605104081435,81.92575524385677,6.449401186341234,137.31825774898374,45.18731158497355,23.98407485475033,26.452404498793815,19.46484982470054
26.61041155383493,74.5711853650854,7.450415907532872,109.84029153950215,30.774951250205184,25.851805425240148,23.465650181685827,19.62430929201683
24.94453998025699,40.57112068999319,6.67043229962411,110.18589844790979,48.98908620209311,27.34040176199668,27.817225629279946,17.713050232555055
20.93492813869935,42.1867024983744,6.320047231408376,64.58121864114668,41.48617467522877,39.41570246557203,30.680368382628682,15.19414698466218
29.116399578388528,68.68364727103702,6.376146400782751,68.67742192528478,53.65009347896243,35.420469997966435,20.91575911834496,17.49027129252338
26.12880761555877,59.0349352893125,6.5199533472598805,128.23769190006757,32.85549202031824,30.408120379040867,26.33217231212695,18.127489011952726
25.088066259668288,53.17242324069354,5.928604652501799,82.32569363546831,52.66859389259301,36.081169703790486,38.11917803150415,15.098204098783812
20.12316986360875,75.23441825991706,6.116565237441044,85.15264380100452,43.415738442517686,47.47534971845477,31.019045075738173,16.356301954258576
31.517539659673794,62.81189073133366,5.607528015404071,128.91853753164136,31.2605461139728,43.56696097272056,40.16308822503184,16.490695525051056
28.32351372666555,60.78686080334166,6.038511550812953,68.50259363891418,30.0907394318278,50.01868807621903,32.918142822892015,15.971457731249595
22.23539581316349,71.69742961132575,6.546953240830225,108.07705398658774,32.34469417965959,37.71687135280751,21.28866184981665,17.543343866908803
30.009124268409685,54.373365075846536,6.65008752464226,101.28721978503074,46.904014138391865,56.02557190681644,25.391888186241925,17.92383750464429
22.512145808073964,83.52778478208832,5.510335152501799,99.91942822410273,51.81493151545251,43.48079883698492,31.987296508435854,16.06095608557221
21.089982537444815,48.17928565150488,6.431394148477899,84.44693104367488,54.04735448565772,35.110825766586096,21.019285792311138,17.146944254949997
21.201484412598564,69.85393599513132,6.781704975411066,82.60434455610014,54.61329376592671,40.92951809690369,19.981442136715145,17.609159284843166
16.144657234559546,81.50749257989767,6.418543903311883,67.64907508615404,38.622151085312,27.519240474101828,20.462395573074197,15.90951778956948
27.35771190209103,39.340567660918495,6.1831056771111,114.4799507812392,65.87604362142763,36.93814863752231,34.12643510251053,16.40301451223634
15.84427560830825,54.849972362213265,6.293919427475893,79.95552425449792,43.3666171098777,44.299742302266075,27.070079876619698,15.836315914868296
18.857780843671186,77.13311089328337,6.2296183225113895,129.06233863501754,56.752246400895984,46.11669508098589,39.45953304874358,18.57026258030439
14.622059954607334,77.35866821596538,6.181634720445971,93.26334875228041,47.53766849759275,35.89837777168803,22.828636936426907,16.89254208387393
24.569651536045534,57.42756599417641,6.5869117626224245,68.24648531736887,55.63431847554562,67.33890427522635,10.340797856369214,17.174317827065245
24.24839769864064,48.97993359484711,7.653844113867725,92.86558353554739,46.78507900782629,38.27792256844711,28.95435904957428,18.68653164421152
23.36651893406818,74.33903733496143,6.128150041547408,87.67428402590578,55.904523148618495,23.216059578568466,43.180440243150564,16.463007817142625
19.78711152664712,77.75323653872407,6.340928683669286,130.27310235184157,49.88916695179515,52.13267192008498,30.276555335588846,18.00005029981078
19.1388312328168,42.53004977231408,6.474151030312385,88.92999432245404,62.20760855976033,46.07127303849677,19.023254054937045,15.215549675359306
27.32184931773287,41.941295265504294,6.156322782820853,91.71368856399023,37.71972435183203,42.3168882095525,17.00578723034603,16.01218153622045
22.247240341457562,63.37885022975399,7.049117901761713,142.34640116477306,23.451629961641324,35.35079108908222,39.583215311387924,18.95532337724489
26.581791607680724,69.44040950143338,5.31455731334678,115.24801964390046,35.39963870848855,43.93346516026441,23.54050582846471,15.373255548093532
20.573756569378887,55.51396372154918,6.234470414810662,149.8811804801049,66.0337762285705,56.19016245997631,42.33436262125224,17.177232938162355
25.90531371385541,70.18940729973524,6.909156868159981,137.77135012191715,47.681617701683905,42.01632937340146,35.23274759081027,20.0
31.516390186580317,49.34795089743927,6.352952845805683,73.38512234911437,51.38093443319843,25.29966413189074,23.84345028476252,15.252025503210225
27.930829001963918,28.27959601389397,6.089580520574854,129.69852563200322,34.195450789304196,5.466459168122335,39.33709475449313,15.320313869204135
22.937930908917597,53.64148391501106,6.720378377219382,145.75909876223776,50.983305877254175,43.84559560638385,22.60882277389385,18.294272891170795
26.285994851779638,60.94848219769652,6.953171617698576,145.98439396970258,34.657810338909556,30.140864587398923,18.421303100440014,18.12039555155235
23.796674127348936,55.862400601553155,6.605317722607529,129.64287950730062,36.86328087420868,39.00287282604196,23.066036853244437,18.02955052149953
25.03940092347364,42.620951045107724,6.099389820093558,129.02568984727526,43.962744757641794,31.909223769866006,36.14989321272175,16.186866150735693
23.37194473925748,32.76526536181774,6.728101659575872,90.9201686897335,56.676458867632185,31.19091015803402,39.10373591201069,16.565547249474967
24.178323970573043,52.28866793448153,6.298975349862605,74.87853746951276,58.27771370963765,32.347258667137325,26.831781897056707,17.144528961449087
26.060466765370876,73.46483657474616,6.872593440946914,89.4334804330763,58.68567346906755,33.25124640083434,15.053509510886839,18.89505779428773
20.03320650209025,78.84296159120524,7.241629442428295,50.05632995701711,26.17873827433439,47.762359884828356,17.54586831097555,18.34497288596491
19.92060586505011,77.81570076207683,5.197211622155733,140.28385946265115,49.90003249414608,45.73643793136585,21.458835425125095,15.859451481899237
18.057287230843944,47.76135697277171,6.555533736597816,91.50121121746864,47.04827249925896,27.920111771888266,19.648024965999006,15.986277484023276
16.99864447748145,42.69440514554454,5.632133031526187,138.7399218719488,27.017263758778164,29.282652736329915,32.12344300851653,13.46762280588213
18.913586538897604,67.44951922469843,7.720894292664886,63.05501268335201,50.239756500832975,43.791219044693726,45.50492675779561,17.38396059671661
25.797312534020644,69.52650017396888,6.265937733101905,132.47874763006632,46.24359173844857,50.525023654355216,36.366212592204704,18.54364183876947
20.53606242254058,66.00254407800746,6.873186620912686,85.15358025462041,57.672885081768314,50.371413599141256,20.974153240074084,17.619095314338995
27.56807232115548,29.78905088643355,6.482341570202552,61.46891775072478,51.21870614359704,29.970911592197684,24.44499387466756,15.983112065076892
25.17356874376281,46.996731226748,6.098457709640471,148.81354156479273,41.760192045751204,49.89311431900225,26.005674565609542,16.768610806259023
15.157478932809731,59.55466814571032,6.038973476411287,133.21935008022322,63.88643675685466,22.2373036568115,33.11371333594469,15.664818862742708
28.274877921108448,67.30827291945641,7.29283958655038,106.35377260557352,16.681497488373136,37.97115582989961,42.570037886816074,18.717606005582944
29.05399322795855,71.5096104390373,6.977969030089155,101.0181365540489,49.036023073555846,44.87026442608653,26.26079696439317,19.159229657680626
20.030686625825734,62.1638028342306,7.471792043688781,113.18530056457355,23.551236020120964,19.211949869583485,42.31021832854551,17.89065408831029
27.10095771447496,64.96175709807355,6.5277266675788495,105.83885733752233,36.3171009319082,60.92856924085462,46.83128766737782,17.88880922447338
20.717508812954005,61.27298187541656,6.6439598106230005,76.23172137485587,57.87220554514025,53.26695182976616,27.200745069690196,17.066881331625442
25.48835188374168,70.28429061327725,6.366404217172356,87.63843190645234,30.887037793387957,46.47003972360589,26.99484303150954,17.14359644368284
18.67750796522517,64.69298477236366,6.3564588984424955,158.8215349611611,28.64423271944098,30.349717924350788,27.11504506087107,18.821710812488263
16.034467737327116,60.98606490070931,5.979056533761316,180.16470227884042,85.72917475123437,39.31896375422867,30.499919885503093,17.497490300646408
23.085914051935156,55.97446801293929,6.542005095462176,146.8800551569205,29.61066422869753,47.90420169763022,27.134567225745393,18.56286671257954
24.381355268625818,61.219371375637216,6.105376702556901,114.3467182048787,74.7578135463196,28.77338433000186,37.073419691114445,17.082247063494417
23.01160153192698,67.26887068258912,6.720954461082101,89.86752901894195,47.416967531311094,38.19525768761983,17.609349756857746,17.856729200904805
19.0798472088872,64.01213083347092,6.585005109490105,76.05442318309102,42.12756317841537,49.10383849810982,25.723023237631104,16.44696862565914
23.000504689344314,65.7123962751788,6.643841021837861,78.03152768709393,58.50179585882307,25.0540499822695,32.63339738457788,18.71456374840911
26.34647376290367,80.14082792026778,7.337564969845113,83.40197023939719,70.0489111331675,43.32424711020455,36.96067605728409,19.889138672874903
24.775534849387316,63.97745884119881,6.481141025117204,164.5349212427731,32.80898086837507,22.452303703788196,47.56228050944593,18.417525897253967
25.91250515299607,50.265022192902634,6.878363501426714,154.18846889147795,42.346253154072045,30.561532444213466,19.68779817895247,18.319769944303857
21.649423997728835,73.25410178991254,7.525754732042791,122.38835169806181,62.703046020263784,34.95407394323906,24.783660686501953,20.0
30.8585895735808,39.50702493496623,7.153308534647524,71.18160470761522,54.319914686405,45.13555612718778,11.868747414181303,18.170847454451188
19.119133317226098,43.77879928891069,7.076584849227422,126.79167780133109,66.52876745962074,32.99210897493796,21.121047941177086,18.09500229843505
27.437801485433592,65.03770897080103,6.34665589223975,92.84148914468184,57.72667931647669,41.25548391329151,15.84859762452766,17.195237502989546
30.90945546479981,67.74595001679869,6.614821527783898,35.40971684067636,77.12336013723723,33.12771862191767,25.829620839485372,17.076067346443065
27.40454046374448,41.32423164744007,5.840861853985029,108.61301912203778,52.678828982504754,34.693832278848475,28.17307525886695,16.052235340564284
23.98737886467585,54.25773778519875,6.749457200482207,74.74260877497834,53.32716722496443,52.50661507786149,33.7556339187005,18.34695657635905
22.358514766685104,50.90874251670512,6.637230088806921,75.75839712729888,54.82582058023698,28.497718217577614,27.611203757440624,16.425403605773976
30.18043825523128,52.699855156776046,6.511692562578091,92.48776019295977,47.86266722410163,47.59153973947185,33.75949664329723,18.118575108820863
17.885125373691636,74.15396664409418,7.01359739412143,85.05031081172761,62.72130738201387,39.98936114525018,30.91259333675154,17.28803912682842
20.14937869810178,70.59758195320879,5.896112588787802,98.97229542687977,53.55561835794539,34.244463110920094,21.733414353998533,15.581411051773628
23.01221117254139,59.713167302194385,7.317431425580174,97.53008349948388,61.82270013717716,27.82477167589882,16.509810353272975,17.992715062239352
31.18826878755999,51.81057109327608,6.950882343970142,43.72572721457106,64.1674978043624,28.537636929009086,34.66945599916853,17.49901939356755
26.89883818020448,39.75525494669789,6.464683010174013,145.608339666485,56.42682022340491,32.61354975242053,43.17202388011606,17.517303610114393
20.159771207448774,81.30277408172923,6.425635206091303,70.49869831153961,57.525744863512955,38.49945592778858,50.28308009345613,17.553169798856278
23.448461473075483,68.88170850427377,6.740305607624297,71.42804844608581,34.84505318605199,46.035096361564015,37.483637609876965,18.262971683111747
21.92838427951853,49.399963438902894,7.26042561603189,90.14340244629108,41.74469618270268,36.997607400776374,41.6601216955525,17.319398758862967
21.451055038832326,70.79399246437337,6.550803859345005,96.74995457892118,62.65075179486097,37.666891481177814,33.69167763231148,17.875777743849554
29.894447792783897,58.94664569138062,6.572015450989613,143.76939450495516,71.35446772727771,39.16009776677695,32.41607508472169,18.432084568180564
18.141284353682472,55.69335742706485,6.509059238812935,108.08270356164704,20.893546617374597,44.767776914387284,30.888008190332226,16.936264053231373
33.04390427867187,66.52817292434403,7.391012056350736,116.99396452328602,41.482052791228774,46.4480281919651,29.153522847833088,20.0
29.141148450923115,48.87752625130913,6.315558448531488,108.23608562749845,50.35430903621975,26.13034524428152,34.85661244343308,17.171148550592314
30.45430835301849,54.84365220734835,6.485246200690464,106.94384747496319,36.810883068789835,37.17925290256688,25.83522334908221,17.677172088751725
22.68530243987371,61.82191596299319,7.231717827130497,109.29188509261026,37.662205337274756,52.274040173479214,28.820460387302465,18.50329557476813
24.250296404604452,52.5082321067218,6.573505416806432,42.017975722931844,57.123798106907074,26.838800462800457,20.576269736284893,15.277032530341778
17.834240927376438,70.03627815401286,7.068529430022761,92.50244545481414,73.7206395375715,40.74312890448959,33.799413352519274,18.32039811955845
22.376687964665987,88.0359975551739,6.044359971548521,134.8678333171347,19.522646655167886,38.291559962032196,22.327219670827986,18.355211105584438
27.468274238215756,48.68552801089286,6.397353739185743,218.26993032420057,47.44285776527456,34.333244100633884,30.2699599238417,20.0
31.48031530890698,35.023120555439334,7.2422170192201145,63.8707320238147,56.949205126855816,55.90782651043358,34.00392874913904,17.277435955499822
19.46421591598774,29.973897487856075,6.1618301421182275,112.69239880973059,61.70320958300363,40.36835808867875,34.6871314509585,15.141462915985581
23.17247031507367,57.742977877575264,6.424350480115146,82.86860266376975,54.786910146035574,55.11145071944314,36.17206830252348,17.52795424858402
24.24350389883739,50.052531148107256,6.62834261544574,161.4295571169055,76.42103824904173,40.0562720524441,28.293667798815555,19.279663856732938
18.021053989037576,63.117907516006206,6.005422741003507,59.38651717625556,50.43359889988691,44.60255889317732,33.8885102351175,14.599313481275098
27.956746208792,61.98896508039151,6.293094940689051,118.74818470947639,69.67989185588145,34.22778491073019,26.106997895102367,17.821191918478412
21.380048341286955,35.95174730078856,6.55631834091282,57.7836670148743,40.30448494481046,34.339063247022466,14.233010295918215,14.69182130049067
24.02304824411488,32.77674255777891,6.5233408670809805,90.44299995817502,50.86974419883275,44.0934753024886,34.24247418993248,15.561561395616444
22.74025314044061,64.43899860519143,7.140176010418568,98.97060007750574,31.80927386301724,44.27697457633591,32.38790485491313,19.18393104036645
21.053307471401627,62.031432520799356,7.270728597416126,132.09075045218825,63.51296660823491,45.97987066591855,38.10658802319308,19.33209959939112
24.964775072597227,53.61273002450173,6.071957563999544,67.68499521524416,48.193357060382354,43.76678286954576,29.797690297027188,15.61457979272109
23.92195210715989,35.14284622301543,6.555634259583745,119.90149146542156,55.36731593779847,26.63579072995915,17.17469307426071,16.681035961921918
23.140710588606673,67.07086894147486,6.837124154212383,100.5633317016384,45.299470530723895,31.936313232875843,29.266953725086218,18.224591903987807
21.357691891598286,79.07849318135915,7.258173732899599,108.18380158857939,58.79642752488524,48.49942886148695,37.092644517917826,19.563904698884944
26.597623353914777,64.16973660328384,6.859245148658565,128.74998144055422,55.961509607836284,20.415346345966626,33.80827847037142,18.636479835018136
33.26808634246142,47.287891641524034,6.645456700796166,61.52329920984137,35.080228550431904,42.92607241505603,28.826043416841316,17.567030973163817
25.699436164195635,60.66828248356727,6.833271265991315,124.31784919445776,35.948488511254844,38.88119900930819,16.691526176694538,18.244894708004892
29.980591074555644,39.50828878599473,6.83688441716813,82.93285440731725,49.58346904487972,48.495818674723594,21.79186436076862,16.749618642458962
18.048890374232688,75.86941070758189,6.0361428538578155,132.87620364930478,59.89360936109986,44.166211860707556,33.81791089481094,17.148407943575442
25.78880719646885,61.22766501794308,6.596399396253134,110.0367290361364,77.94343329670771,33.36019720291538,16.678742783405767,19.301227465639457
19.51315840514467,33.47764632370152,7.229580497094346,93.71414855448833,54.54486284998593,32.90649961698337,27.454040681945315,16.142968293579493
17.615375362340494,55.48988459334476,6.396321615652997,82.29922092727536,65.11297103732811,34.77216527003081,30.307377431811375,16.201817266463706
21.30314296270482,66.94952265351347,6.564723321273722,124.69884983065992,25.807235978537474,45.80063047370628,39.19949724672049,17.819696102475046
30.959496672067864,55.004285685367165,6.378741775236989,137.82855056442781,80.19433774150974,16.97786320444756,34.91592440904433,18.44399398734768
29.750079143348227,55.861564178397394,5.343070252196562,84.01445377419446,59.08529316693789,41.57379444357061,37.70248986259171,15.008649991013916
26.215023610272,41.63396689429092,6.510295088617339,66.00980302655809,49.2559323326183,31.16965412772633,32.41482659226087,15.14303813068343
17.336497200550347,68.49811480622485,6.650895965326437,120.82633128835677,47.52955928813112,41.90835297807257,23.23671214230806,17.134234973802148
24.018596743060318,50.27296199971294,6.243753304559549,56.54407173898899,33.39200303211503,43.444977865033685,25.090716256731625,15.844078659683495
26.50850004450868,27.65331934492451,5.9226815255576355,60.83462687251085,37.680698064197436,23.376734170713128,22.53872288606977,13.689538866695065
25.87768114789299,54.43113943994409,6.059696770109175,68.11899173416303,78.6565344820012,37.73133572999369,34.726246735409646,16.133760629599347
15.78103208259627,74.7172457335553,6.882093808067782,87.53648550883752,35.16493342570981,41.555703568002464,24.44862224861954,17.576079424560213
20.54841075990064,54.19605830100079,7.486262386523452,59.91004332353664,34.875983632004825,40.87950095275148,26.847997495772134,16.79692373708455
24.679611179256415,86.06977477685281,7.191216670452716,41.83600271855268,39.46669270886631,38.77799046884035,30.179929905494788,19.212082514524816
27.68145454758595,66.43451922822776,5.827826997584724,65.9366741698863,32.02728870558091,27.791124801859883,43.13049957265024,16.026128124953264
14.019360894500268,65.08137243420549,6.927313655275351,119.27423339717856,50.22959862268265,29.31371969353458,35.257071263545846,17.29282317694512
24.189380122600706,58.074026011235865,6.168418812095355,61.85367783619698,66.33365768997858,26.219526772461496,23.81717260319113,16.11697550279631
25.715243849394763,58.97570688353564,6.208866468745612,89.7919096613749,40.8426151059195,45.54045570839754,31.214781257863145,17.29133512776517
29.248059942581065,56.048645473207436,6.269012201014358,158.40095387096687,29.40013580358768,38.84429158193399,43.21049408396671,17.917951214255577
28.464287921187182,55.4659591187621,6.853033474927715,98.52477609918729,54.37791969521981,39.48246760707287,34.92143462743153,18.617856004072507
27.912856594044026,67.96300743100723,6.979626688224519,110.2759296918878,49.16338493480281,22.945065561551058,17.213981124007518,19.876096481966577
21.00029746649033,45.96253155314152,6.450984464360106,71.61879945245342,65.04086825122437,39.66397202738795,22.678084570897884,16.132063829310482
15.459989314383462,43.86159256913611,6.459464629495988,164.90424561100426,43.182375510465945,46.33637071982683,22.064515979975038,16.39452558194134
23.034736214692995,43.15207423686934,6.732131871617897,83.76116532584714,46.097648305599876,21.581604254257208,41.525838602879745,17.597835035225042
30.008159126042802,90.6848182151573,6.783997269762121,93.1568594664545,47.757044531850966,34.645937412550296,40.05024988690924,19.940141358524286
31.96727263762216,67.9551435250587,7.088112853379265,139.51176033902092,51.33506165830223,24.296508684551945,24.99970417771508,20.0
28.552745511488926,64.56738302520218,5.8578140122454005,94.54797265439143,44.111574839636155,35.79717925270113,24.827358241541365,16.13337838049715
27.14670411400867,44.13727994559853,6.510013669902015,101.43666348025644,41.680338379309866,30.99008102429077,30.35753426129827,17.359596302827338
26.898198241929826,69.35013451012243,5.965987812054411,91.54935037632612,22.24433472677238,43.80908833641603,30.59735236874768,16.29999735877399
22.219406266196096,58.25142980320007,6.474528860468299,91.75502865828318,41.519191863198245,41.69239563426392,22.301392565416023,16.98500247077398
24.3496985322319,63.21253411697625,6.38691235615962,111.11506032484274,60.72834902122628,52.91504405634044,28.006954600811657,17.556312259525093
33.34534762913166,45.350695262046656,6.476625273048649,116.58829567594317,62.75368279053329,39.459221506995064,18.371173841174326,18.60315156172605
20.287209971040618,62.40403286126365,6.1001285559447345,80.70254706362299,42.933304646130495,43.38487802104273,40.17856563928829,15.72573914693227
33.07389395354926,53.64249692690275,5.756355103396285,77.01758631559211,69.49228997272643,34.422925183515225,15.917355897346562,15.00490635838764
23.38985922753971,48.51583264454718,5.452781236642549,81.7259173342731,49.569438924494676,28.969353487714212,15.828484624858017,13.655651647449739
31.62716054547539,71.01159503710873,6.43440992286758,57.96237957400695,29.932304422760783,48.347624346900865,33.48031563609544,17.738364191879377
17.96592495251231,36.934382872049966,6.2844994470835305,52.28709224442108,25.214239153186163,52.432550535470796,20.104990097327565,13.851133433574153
27.929521005823247,68.47164396471226,6.162031167598086,108.91501441674723,68.2738688392959,47.05655699238253,25.99228033492368,17.495480535621663
21.31614932026189,70.26729200329494,7.16127423141583,128.15787409525336,44.40494412108389,41.31228123129532,30.50538288882093,19.772547464820217
17.923664040379062,46.80534486673139,6.070280906602345,126.13135879435652,31.789032153911315,30.25906445514724,35.40240663893469,15.880203747710082
26.092670212054728,47.69507308301299,7.208417041069401,28.54026180590025,16.110857428466975,51.41628173426946,28.231343056409006,15.717212433098787
30.047358942979844,56.654614781003964,7.311921872134628,92.64804738870218,44.064258336872854,45.79509315637012,44.23337437823835,18.538530510563096
20.775292807032518,64.23054315693331,5.524549766605309,66.93724133222324,56.07126288494542,60.248786093294456,29.996488090720725,14.345377572078304
17.504920197707992,57.707175122786616,6.546190729499485,104.31212313462571,39.53463283930693,28.455760497600938,39.52635766606994,16.14459967276202
24.540776178325224,66.50343690287819,6.3001517545820045,87.46529443571858,34.201322597991926,48.6256650124738,32.22844624293195,17.360224166557803
24.562823356114095,86.44469478806099,5.044098027641367,117.75735718733765,41.75936347089909,45.491065048747984,47.049678064058654,16.188570659472624
27.741598137772495,52.38424846275429,5.7776793734657925,99.42540728795976,68.64788028717284,36.57972799751944,38.46690803139351,15.69293765235297
29.74797285682244,34.27230043944869,6.887468053554237,43.11994315246332,29.10527573487214,53.63834880203104,30.347758203780906,16.905501437244187
24.70292409363753,72.3888537454598,7.509599626355632,70.98742381601379,40.37448454366224,44.02345148424548,35.030645735259846,18.303562013230586
34.27751657397131,85.24971863891294,6.951339071349624,100.17355344479961,68.16136609426385,30.63106971538346,27.913473155752545,20.0
26.12117372267646,65.89152544576686,6.661816236256489,102.70331287693259,57.412644341356305,38.8166098372559,27.832801293159058,18.069115779742123
23.267867469965502,43.68376986969498,6.489333809184457,57.82969576887994,52.68691720668434,30.511411928968872,19.572713375715317,15.799720298468777
16.942163204485862,58.14161455147199,7.341331457324057,53.90620889361634,40.27330796875627,35.31484284614486,23.533907180262972,15.678667282207218
23.68670239841916,43.22214773682552,7.57411960097882,101.68736012719536,50.45757221750642,47.03826153539733,46.48777108124577,17.69097577286344
23.31806527294432,69.64283240944421,6.206578660237907,57.889980818484176,41.93256397320049,49.89274045234216,20.367749029771364,16.585460567827216
29.801523981407353,39.73064395952348,5.500006719844855,49.94111720497643,37.109208033938735,42.21212333789365,24.756058297730892,12.952247089383683
27.31241812033427,55.498068197577,5.450906268364399,86.64578462105975,33.7991378704739,32.499251234104676,29.25025058432718,14.2115145753618
19.103154391836913,44.934932605591406,7.160940496079901,85.34661725984047,61.76143394558748,43.81608420395357,29.516725641979438,17.91509169362713
25.86127193205519,61.90237027702443,6.476470729612807,73.64798567982096,49.093908016757965,47.233996379576375,33.069806557847684,17.300574931228574
28.357655858645266,54.50487484293363,6.591620955229359,78.88789129825112,54.71770615704044,20.278882547602823,26.247034335087495,17.59340191625359
32.640156796939166,62.651431548753955,5.604674503521643,100.41507169667184,52.27509778702105,41.16478775030917,33.5630109359707,15.64415168162806
29.437519837070298,60.335258324495484,6.123405543605767,78.39511288960543,56.613782417125385,38.098102016006685,39.1390835291738,16.078071056646078
28.80423327155739,45.20011458413834,6.352259593049609,102.12091064994519,46.179218150211625,49.53711255409573,40.133058751852005,16.921552827897116
25.30042997307582,69.40315595293532,6.603919191682035,88.58594391647996,42.77513823418139,43.85689164861499,27.85990559490528,17.23429229173965
26.941560027117248,59.26851522235327,6.300703980543121,105.02950466159967,37.77079505913317,44.84351701472786,34.890747431223716,16.972174146041343
31.247524503530794,45.17206488201149,5.981336900849328,126.34616696309935,28.790462998893297,35.18089033619038,20.83093102287049,16.40603461580714
18.33611301260175,93.61389834308689,6.107716503698739,125.17743536171785,33.16950244065625,40.01651717132436,24.226271637821355,17.731668919185147
23.25280336391522,67.14645250075687,7.104161642973616,138.6463141319825,44.518734183496676,49.436849698038884,20.610132810475662,19.675949599785522
21.137156256218795,57.70109169901042,6.62239230980175,125.14440690691481,25.95440773346783,39.35120267029723,29.634042489922795,17.76573073510885
26.89576559363062,81.22806790052735,6.806078403477776,107.15672594625413,29.265711437959546,41.74669555731574,23.126245789120446,18.669352590797647
31.151110878253938,87.6272341407991,6.050563094561335,86.99705087079566,65.63209838952766,24.64042701557934,17.834451529561644,17.56829278621958
22.01512856639463,57.81975866529172,5.023088257299688,88.36717231551329,53.36269227280689,39.31459963672784,26.911958219350794,11.742879928085893
13.04847816265281,65.21096229652143,6.238447846557752,73.6666808069257,43.22244907694719,19.880000318938905,16.171329793752385,14.293845593823482
22.93889627487765,45.17995772995589,6.0667147227872515,100.13587873154674,84.0736168835684,34.838551306417436,40.617544829169134,16.33451311049209
29.567368660087034,57.792108738479826,6.67450613431404,120.92162436135804,25.27625421930457,40.63515557726899,25.53981551005381,19.026708188264845
27.688149514749398,57.01406169360195,8.142861856840922,78.22997191350939,64.63416914692733,47.6703079448457,37.88252858910503,19.49191125711227
27.14093123905288,62.77240550432481,6.847583008809128,98.88346424008678,48.32800875830876,30.008400565480244,26.063460079720226,19.04251962009119
23.600033490627602,64.99140717955515,7.867980079691744,79.67913313834693,61.775705343692174,43.73684143470102,20.440497392395194,19.342873716471306
18.604846318901068,68.3974267324209,6.784384847669724,106.28062990562844,51.63430575906211,54.68493404362128,39.404191770847355,18.04374900527832
27.576471608122336,63.56463984449939,6.185056881213643,83.5184984815015,21.91632406632114,33.59256134284378,30.709628664861906,16.296568830445143
20.828590949826875,41.83886060056253,6.673958039060442,77.81468286117841,51.43190701338243,24.529470782773426,45.09527428729837,14.769388021249174
35.92048366690228,45.922993413883724,7.390319299738854,79.60099915203924,55.03333781959397,42.89839957057089,26.26781659013428,18.990488775025884
27.85253604177258,51.8038857080449,7.414781298160619,115.099863215367,17.120220522133792,28.08002993463707,26.44055760346854,18.60550333419206
22.096758487230247,55.766391121151564,6.21233131597846,97.09751784008935,79.16072440702848,31.8100142652648,38.038326737752875,17.275134984060575
21.943073763056862,75.76161435708171,6.6265918478496495,87.14734809999892,54.66811391259158,49.23336941702486,38.09402120399236,17.67845039368579
24.535278966932058,42.5559151972063,5.7853665601644275,107.84213507641633,60.07981610204743,58.76899275376681,31.227443092117213,16.611504582607115
23.80249038989125,54.6387742774395,6.912334312345715,87.56451347597049,32.51705915635532,29.993098836585148,56.682145518465155,17.380085388360207
30.58416887764977,74.29514247321075,7.276677349527947,133.7955368105711,60.35926283218427,32.62580259984587,27.75551366143719,20.0
25.932080848720233,55.50183788255082,6.519899727058008,70.78401538920231,66.34256689344583,35.60131037591181,19.844294104247858,16.830637087813702
21.34184130545736,66.90623474764236,6.166307972819936,94.39085461548154,53.80352342206769,34.52191946474573,21.979559675354277,16.65572353468933
34.45220342577891,57.906869356081444,6.680065475638782,57.85704334998998,49.85942662218853,59.332925138120345,27.802084085126186,17.590886027879986
25.246541657601114,63.851748859870845,6.708729515681583,89.59376824329718,36.59617812652375,34.694321703122135,42.15020004393321,17.570478879632738
28.844198379844485,56.57291184285689,6.54057191592481,49.6109350688011,46.75689623325011,36.12248085473871,28.50924910282656,15.781334355581748
21.958867462776205,70.00598209092531,6.589357562167977,122.38949567677379,42.31955728611079,56.16177473174825,42.5284167869291,18.067747680743523
26.815578138722618,36.824153888903474,6.413092574765314,122.99511301016737,58.579934560890266,45.76676311539301,33.475400923025,17.536656663997803
26.555549955715975,54.55031987417183,6.997977464113203,123.52510521173429,37.25186112323896,49.858992329492445,38.66695437088413,18.338020522180635
15.551753539519234,64.44859015041462,6.868113722582564,100.86617440523403,58.46976082255336,30.938871269776087,33.09734901301444,16.21815387991535
35.0763755523032,68.0054287200929,6.008448426427925,73.60388785869723,37.41521655905515,34.69820316824264,33.0339840529755,16.126959648822606
31.453222304612737,82.39428934130741,5.994704698420703,75.9897810389215,46.064711687599726,29.602816423210395,36.0216848088486,17.330820214916443
23.01402341927006,54.134629997016354,6.372812791486719,145.90516165661563,59.24066595519225,48.012615460358155,25.466332143314037,17.46430774123904
19.488651297720722,82.1922264279131,6.8684185620525895,143.0703131139939,39.443049200209344,52.252432077834435,25.554291643620097,19.341786628173697
26.73780806901776,50.11464260010494,6.574028706945407,103.67665470852315,59.75804733466403,34.00225630818487,32.79637588931676,17.085621749370752
25.433488497071984,79.92969617316966,6.178424794938673,84.53097897759018,58.29491236507052,36.357586770957234,45.52889180404818,18.2136993587325
26.778344742816145,72.26200690047558,6.630759298362915,141.05870268095532,45.93573989934585,36.79509934961342,17.673974197864162,19.510368941352848
25.957886980970446,46.29812130551666,6.334594740238864,79.1649051584557,67.42674802033685,24.527760067218242,13.766515044479782,17.242272599062055
27.53120494652963,64.60558855877733,6.940243230112066,106.86547624287722,51.16676512965672,33.26177922240346,27.890049310171097,18.665128906206952
32.23652849695903,59.231462467017124,6.666529217533523,140.55871916195375,66.53414789878025,47.732662147636006,38.24677664394996,19.245218473834495
27.84051602564323,69.38376890512501,6.342360906273928,74.90984501006118,76.90197387315767,31.245814955549058,30.41100868544145,18.20867500565983
19.751722505450296,56.65092617350036,6.615759386023231,124.87670756911336,46.38048467448033,40.92981862204988,20.64536122547964,17.564183313314384
31.81281426356226,55.39130661507403,7.157524029762101,115.6168238753161,59.67432476041095,26.919810255358435,30.632747974931103,18.6783419282653
33.20307281744144,80.53641874144277,6.215184961726811,98.81450373305317,40.43648112015687,38.55999088871132,16.136214296934728,18.52563284666162
40.760283672560426,58.5191865831649,6.70132849082358,70.19699202600653,34.50778385737703,34.36678845413992,35.0313364869934,17.6085520849817
19.38252983380201,72.3963348628765,6.464769829767002,78.26680719690172,47.068105139203574,27.783285162162333,27.527135868375268,15.883796730500785
26.214410065751377,56.619727724337004,6.71349184193105,108.68353218551975,29.560995803758054,47.90386096155112,29.343740003636558,17.618630295754773
14.589506484055061,84.99994888841285,6.172717529202135,57.2998961535584,35.93588330529035,48.46627361201019,33.41748376408914,15.71120137325141
27.765745781896047,49.8249805599676,6.555167716579688,103.9223157705475,58.871488989816015,30.30461287764025,31.645511339008873,18.189965296623253
22.258998509166137,50.78784703129223,7.0539116412084,116.2315295218499,42.29526476826742,37.838165358062724,25.66992341015111,18.28545471679903
34.617228974124764,82.86775771673855,6.031496509376947,129.55660518427302,60.65771130682792,40.44318683072449,38.26890270117177,18.607363867437428
21.12692514990709,53.32580413657121,5.835297448337459,58.04928776619332,54.491179070262305,21.852382128721505,36.37546051711243,13.905857051073449
16.55408481016369,84.01611459246588,5.854272217756518,139.4874189148382,77.76731093028673,26.02907273605968,15.805726462205882,17.305216514028743
22.6436812964874,73.3776086939222,5.914668734899905,150.86090482539805,57.86505928364069,52.86284436366781,28.158058628219212,16.615642728069393
15.122561143914313,57.6802544015875,6.797661643946332,112.30454703140782,66.71327105418972,29.348731034974293,21.357705650429782,16.369180731451902
28.75549727253655,32.80059791974262,5.797070157067267,68.85854255726018,56.0282699469132,52.581831082516956,19.85553520643662,15.05934949517171
14.674584768718397,59.71022543592247,6.351052327628235,90.15672134919276,54.67090251617109,26.54586325616669,34.281068988092954,15.54602687014426
25.142287905915794,61.52445080300137,6.8091446516553535,98.57208264644478,67.47099563169972,46.58827777140403,26.645909754678076,18.02678755660731
14.610940900719015,77.5082659995656,6.7083295302742965,108.1139052619167,60.03196198797897,36.88696892489665,28.85782680842872,16.866517944823922
23.39851097731679,83.82670764360168,6.307220510018757,100.65944657930807,53.150954194361425,38.29233730845633,24.642520529783514,18.584923481879517
33.21689077902267,49.72519231284379,6.595461865877553,108.4349542868385,53.08481998894577,58.55935913533964,32.96140362255862,18.145583039398137
26.803239457178975,72.01772645982274,6.553572664868784,97.27759727982631,58.07343967745624,27.45813365681318,35.426775082552254,18.23930854502579
20.68253197517533,71.48103234020024,6.387879522225907,107.9532128353673,39.929397208101726,45.94798196261071,47.3620389038106,17.760214229078915
24.84398255530458,76.10119053615668,6.39458264067271,86.18429736516059,39.293008007919525,45.53489663557822,28.55220588401479,17.869969994626413
25.09008436022223,67.48034868203317,7.61771371737848,89.85439849052595,71.38108898559398,73.54573389166377,18.41266020179591,19.87614315519452
27.363151729217027,30.86253463557345,6.904655451965651,82.71924488569996,77.96620495789996,29.22869179768114,25.968850476547857,16.173041968943515
18.165708183595868,57.668663512083604,7.740325458756072,157.51778603512216,36.066763123847515,33.740152064965635,36.776479371053256,18.697008259280054
27.962836369236655,42.66438637624627,6.251518433539749,143.91702358522969,39.96508351340444,48.15922285832554,23.818838478957534,17.610594227489738
11.478041841986125,56.96091340622889,6.457516701555926,116.65882570040847,67.13784229256217,37.997361407981366,18.142979204360156,15.750583244037701
21.850577238180946,74.70006354200841,5.8339371173616765,139.75926991803215,58.00279989713595,35.369490432682504,23.98545850969544,17.356416492260944
22.558630787742278,64.57726253812459,6.095216598955214,123.95384016933647,60.14642157981383,49.575114883231656,25.733072658005483,16.975134384442313
28.166634130356194,77.22136299596148,7.450956574331251,105.43813478542165,63.44901942279586,37.33431563696279,21.338643616282745,20.0
25.113154263384345,65.1263088107031,6.238982855079122,54.832859769409495,46.38901757383886,31.081409296185825,31.7398121129315,16.0561557014834
17.972184730718567,40.52511090496646,7.459640650072229,92.13508239624579,54.949548874852795,47.262101547619814,29.36782175034624,17.69777328397589
20.075034370914924,22.18729490140898,5.878318869660054,89.94886323944944,53.78288226047138,43.75288008027861,36.31764192655037,13.141497378460203
25.993400047737033,62.232131425193856,5.973265482963361,66.0077448072353,37.12262599631809,36.87153404394024,26.433121320595287,15.44343698294052
24.60466329067722,56.79110300473252,6.32938438948829,55.41513176180152,54.72636414823556,36.396984812399786,34.46451814854801,16.059588275616118
22.104379451821266,45.34581390927177,6.4681250391604115,114.78158039701076,68.56566044224502,30.850933950594374,26.061833647810676,17.21530458100188
22.595831052440104,34.49059125522933,6.961543646225064,109.73512967112438,44.98800141734958,47.25096855115342,20.963101105530114,16.97615731340335
28.480839985796447,48.978851797909364,6.725385208593133,64.97809059797164,52.28853873111401,36.39892182745625,25.655846918032537,16.995373350978245
22.411537135653926,57.08262772702836,6.291842371327986,77.62364480691433,53.10063374016284,32.3015409642633,17.05386248759762,15.9197726904821
24.559543779854632,69.98816735559585,6.4333420967409465,134.8366681946249,45.73003174347094,27.144448328081452,44.30572511986383,18.59990807633227
35.849682940402715,62.8294662235197,6.34046854010765,73.66910459450318,60.15351856541537,43.92154357908836,31.13999798228802,17.440542898747047
17.881586815580384,84.12100870759093,6.042673132337135,105.12396711801408,39.799015531175186,34.914170210870026,23.636744877356296,16.29726615055825
15.740786342126707,44.465939159319085,6.0560185316991895,94.30665101296057,69.98968278043901,19.873246860109287,26.978846701743517,14.365489987116598
28.917948323993034,73.2158833808615,7.013941945716705,115.19090413186188,59.39308342448368,27.967312103559536,10.396288134079445,19.67646099864543
21.606784693529484,60.70948114693092,5.585917536036431,74.3167704203071,35.94847098990658,37.66403064341017,41.474825800574536,15.497379550868313
23.4088123612869,70.42003686177877,7.308679348722527,102.70250432620321,75.4701452732938,37.94462335082832,40.69238435371387,19.225747896653267
21.09421810934443,53.45227705101685,6.3285028871988835,105.06167732037632,52.52152191892393,37.564577496293495,30.86033523328077,16.084768492588296
23.700999296162436,76.07520560835884,6.11374569680392,106.9054241868766,39.15578724147422,36.172438884324386,32.55569836850725,17.512004763265303
32.992690560481705,64.42837137517864,6.869879645348634,102.3722157388784,66.56831787486787,25.241462772635888,19.858585784594716,18.441042769094704
29.010642293090598,49.808325226233755,7.242608292073559,110.33827961782329,57.42007279172038,31.254514758509487,20.440240837915862,18.179724877135463
29.311117559434887,59.81963956630218,7.058816220801979,165.75310996152433,23.420604436489427,51.837769864841015,16.421630806498143,19.221964469828883
17.918864721036773,56.40666211594351,6.750926024679945,176.83893330313316,42.115095241342196,50.36228126853066,28.71145531381127,18.04970023326925
19.244231317235652,67.33767525956691,7.043431744860918,80.82351577639834,54.186460058323156,45.779517823440514,38.48828323892746,17.498494625684305
10.804606702572865,42.303348759382374,5.641751211428067,30.452710589425035,17.60649983536012,44.895026040406684,26.93428297038124,9.830398883757821
20.95309589458623,59.559724468264584,6.239084729255926,117.8648590216592,51.27605128081091,49.04755908065491,32.78156664142094,16.834838967020033
29.783515931928292,65.92960878973997,6.044414969987578,105.58757379703799,52.3696905905789,28.792052625078995,37.83067115914853,16.075004679541294
27.584732578741853,60.4953496078955,7.112319365607588,131.8312557755074,32.24762176436266,40.32928366756949,17.007194576175692,19.480320787583246
23.892433685239382,80.20411866583494,6.308260990538057,108.54657699145952,54.05967329389945,28.797328493530397,44.76452340303421,17.93638302876908
24.888498581409735,71.61034161106579,6.922703278391028,101.75811818577158,50.111957586875505,28.970855302347267,39.25856309945014,18.642763771222107
21.55557228712297,59.8877880488888,6.767928471244319,133.86719787631668,32.13058841172478,43.680649377469415,34.11114174208341,18.49003987875638
26.02379441200892,63.2503364624651,6.06884653191816,138.06341765241527,63.79340820294238,49.46750439135875,37.39275624428858,18.07111511155542
28.829391397403075,64.43498327223,6.206520895011858,58.40319823657004,62.567806921517075,38.06150865577462,37.76861042620056,16.449591059754106
16.920566062947636,66.04949406250236,7.146908845407363,75.5018143858125,45.65394369721458,56.49000432209502,32.3411190927185,17.671793950587514
26.49823843918674,32.61513006503088,6.1122586756577935,96.83221122133965,47.021280149122646,42.11784327045537,41.42622362314056,16.228316319955514
29.662174354773335,55.477105563459794,6.562433805097739,102.9531287177375,60.89395906393018,32.23214467583489,26.37871721106037,17.370437392509203
22.924498555183153,37.733413977098614,6.108729356836777,93.22050389943256,46.9900528533229,29.132714481263278,33.69448964156319,15.469491933929477
28.503503060602917,79.17421421189229,6.3430239065420695,113.02621533585658,21.03637699219768,50.18131484184716,40.57314241000048,18.040429482562477
39.07327222236277,59.087257199956085,6.476919028015014,129.883143679513,57.30404836099891,41.28459115739815,8.47040195152631,19.038591127111854
24.47828603506554,57.09988575480566,6.108566744851254,151.68129132162184,37.80111018892237,46.76047378169482,33.50370676779326,17.132782128445612
26.96653525002662,73.45195998049853,6.019776523008059,117.36739071318699,44.152354183736094,13.420367395467583,35.79683982754684,17.00115910063492
21.309714581693044,66.33487196174812,6.643136668388721,74.42998964640671,71.86805851927214,42.44672034346939,16.33246907292446,17.943668305289755
25.90625581301025,43.07048228431189,6.077631295604412,95.57871324406545,47.99032288986803,34.88225811503763,32.25456068813267,16.068468478754877
27.30135812491152,58.93641956208947,6.094671222150664,97.73943276221328,50.0260240381081,26.062404640831357,23.65035215712289,16.252050698837685
25.97421170135069,54.97249540160423,6.030473428149015,115.43920719943478,57.64500913195396,39.373176570515746,33.17445025272989,16.80054237514468
19.901523401455716,33.83200667090919,6.461045976834341,111.64504100301826,57.580009158110485,50.91813533654456,29.24000562871399,15.582219944177
26.031808856627254,49.64585650144193,6.971850817199921,161.5118995333453,36.21203348933325,62.66228286419719,22.429374646637655,18.447289748903838
32.31097969358819,57.24689516975302,7.253264318156133,86.15460594235275,49.09552226698438,42.4215240732251,38.877309308811604,18.976307365111783
27.243178822572638,58.27573602762236,6.13704095700311,111.5425160130041,50.5422879188874,32.90853410038478,26.65307980808396,16.841570563637617
29.809935945359204,37.76652864484037,7.575155396665606,170.64134193232275,54.0804034494324,32.30497443481533,32.15971035217266,19.29053622874965
23.814940149936863,77.27498374571213,5.9976475696466025,82.44379309289197,54.33832911374929,49.63132362065199,40.51238098787279,17.650829359137752
28.74950119711855,58.468454116628415,7.041774261663935,104.35446088511065,88.81161843166186,30.03125880847108,22.66644404493455,18.597707998345296
26.396339191082628,60.563296149908446,6.139151772992279,71.65358496627954,32.36210344119133,46.224273795277625,30.06439398378262,16.312494489487634
20.24544635156384,66.00962457509755,6.064538365064995,102.46260698882294,64.70137430296934,42.93681189959618,26.037382839653283,17.042036975551706
26.592605023994373,48.17885619144493,6.127621921607806,76.59348555587076,67.75063708749589,41.831013918828795,27.822562843698208,15.88020384587219
20.04151668279845,66.84533959699044,6.47377615017544,131.40402710474038,57.39175960885291,24.318814101192075,47.24868166325166,17.485036281416754
21.83559862557604,54.49388030972725,6.789986085516805,104.41956577094186,40.245269076903874,36.43041797773675,33.65420707256224,17.568406277451565
25.946641536461872,46.551216890292125,6.834934018952411,71.9380822005312,74.9700204540144,25.418422086423874,32.50874141297765,17.36456162481812
26.48622136690062,68.60171240033098,6.028007492326056,125.21703093375015,17.12025702889703,34.11752598683234,34.19269867145168,17.638252298486602
19.053837674614353,82.37510788202711,6.005170356244365,105.38998116614762,39.750999541732604,49.17138661520512,33.44207702065973,17.83510604962506
30.26992885591438,70.87244060228748,6.041680653318227,128.58456331670365,67.57523295834217,52.31057903355565,15.393491688118539,18.02895849705379
27.860031391502364,73.84466347710647,6.444322798807244,65.57012116156754,44.44832594866223,42.13948649490885,48.37408656417766,17.84151102069869
21.47635782194558,52.19054090156551,6.394922197904562,111.06473236745984,73.94696787200279,34.29659487566015,18.285043798890843,16.23994161550417
17.312076017754123,36.03570406247315,6.024912268965102,123.20025083934127,27.322928829823994,55.88099332360418,43.86075412821025,15.022978799691199
24.275477104592845,82.35206283149762,6.634801847031622,87.29867529292791,33.31847159077988,34.1640936624382,34.94412292017801,18.490422204325508
22.770281430694197,90.8177233410714,7.631284404167659,62.229918190955466,42.02542744809538,28.643135081909957,31.446232145075772,19.434893142858826
25.565702285265115,83.14210160654522,6.247642269082425,98.75177513888818,56.26098916304793,46.964829679167835,27.556120191386867,18.011561575327303
23.18441669422217,54.963210915303755,6.2832440893982335,136.84345881342784,46.669697744299654,44.57734042569707,50.84128440874638,17.32244955523069
14.962715696274952,42.68048491906734,6.779830785162185,133.77790991902168,42.64401121156369,34.57424089074159,34.83591648139541,16.38715617749078
23.05826530849421,44.0147595327065,6.2205918541316025,87.1471469573327,71.30594646647786,41.00225229569567,30.141504519347194,15.423509347168453
23.471904444658435,34.74401148578927,6.834482240859091,61.50743690870673,72.70167463083726,44.42159988851773,25.71789836391728,16.062152121716778
28.168305123870294,58.389320723849316,6.14072864661048,87.06460838951281,43.784303514386664,42.03678841051816,24.758813850023316,16.63466128034963
21.50900162694475,84.08516937123682,7.4160598037886505,85.94567047804263,24.353482890055062,44.58938954964581,30.404886777377715,18.497316613310176
33.39337336686283,57.87506052191635,6.672387486296147,113.39340349914332,17.637742562189306,34.94285138440026,22.555175746710056,17.591564245876516
15.441797246741215,64.53484350522412,6.1899885254616445,96.84995491287636,53.58935172170534,45.26245044239599,35.437208383557966,15.418750088130494
31.555837489013122,80.63395446456313,6.205654150265363,77.40207364788574,59.83933433328196,40.17557837583282,24.8348610621093,18.79685577884851
23.878405145609477,53.938570322514,6.243100123645982,133.12789201782005,50.94496678367819,35.28189478463647,38.039644115566595,16.831342734911114
29.29792436171778,90.53297185079393,7.186374833124437,104.21277602334503,48.93637839378862,37.54115237766725,37.8606990504903,20.0
25.399007420293664,89.8814161124618,5.865624496199358,113.06246958192823,37.93186077958876,39.02098164075582,29.556514567006463,17.221486880779572
30.697777680127345,58.03332991979276,6.166029164770248,48.250436976061984,59.82469690870757,25.54621662938721,34.64241783883982,15.689139349712665
23.063190177235946,51.33698603971181,6.219169721537287,27.272053879081426,75.17278068348365,33.633407534300716,35.04291127621438,14.341532109051956
19.50689787411094,70.45857069585469,6.492156016621531,56.87362655666776,16.746834839966663,40.64905515592786,18.3013471268416,16.445118080645383
32.10252143635532,54.78712586221713,6.364445153676603,85.58369723179673,48.83748216818427,26.49008964611148,43.85354390922899,16.438526385756795
24.432596770589292,42.65167174398996,5.754386084304769,117.29068052841426,35.444774758795994,33.800763381854196,27.954050285702763,15.436580395080684
26.107792368121054,79.2185798028447,6.300088658202267,29.732593887781057,27.643010089192227,63.846449783718725,35.564588107325605,17.067085266463703
31.173759570223975,78.2467108091562,6.450224658407516,147.7855619311596,33.050361938233756,28.70741635178806,35.78898808842259,19.45287852425748
19.840223789527826,62.33267405645341,6.185951082460108,105.11698080310379,55.69509283526607,36.161860873495705,10.083703267716732,16.83146904986577
27.977454488196287,41.05702869407733,6.843387744523833,140.8088497884973,56.07443296386749,31.66282721471269,24.744566442004245,19.802961692702997
22.050526217685544,41.557106231739205,6.959704214376823,73.42089752577614,71.904316417622,38.83129996046663,36.722950563408446,17.051307089465098
24.33915322177814,61.60843932628729,6.460806650135304,115.11579802517473,50.13172320718192,31.850816568650202,30.498019675481626,17.147600082745043
25.361394826921444,52.50193448242452,6.615270793425364,102.55587789912363,23.62667555195632,37.56756876707567,35.51175469070456,17.969608689133622
17.49889069276532,54.88360601787588,5.4194720013253646,124.53058939163662,46.42745686436042,32.81452964850107,30.73893249156147,13.997691834347705
21.105814785897827,75.32944732590005,6.289448613919084,92.98625897200849,29.204313916763244,50.55127816369825,39.83505435042516,18.269979809791266
31.755364462065696,70.99768976133836,7.0024108458789565,114.19645627022766,31.898061703669924,40.81637037719547,30.912271107555284,19.28846924270558
29.43095594292398,80.6721402074642,6.288281708410361,133.065859563136,58.70838587609743,29.970273430367797,41.39271277424381,19.828726210692714
24.686802113363825,45.14065164934114,6.131369161804019,80.46471118324673,52.9127135839163,48.40796523832693,22.159771382303646,15.653237788871227
26.215617292564467,54.85212646969932,7.638844463015465,107.2673269746895,58.813483931529966,30.41733383969887,28.97887944416844,20.0
23.52878747181771,71.38472543190169,7.409538595097903,43.364132883329546,44.63760729092408,24.35919811088349,25.252803451343695,17.859454000664694
31.782916929139912,66.72117511519338,6.733787456241078,121.07509057190073,61.85794345138034,39.96957512567192,33.10908851249812,20.0
23.99823711102918,82.98570573881433,7.069455305740024,158.6398763038747,43.79895652564833,59.07264424339979,27.770656440939387,20.0
26.15921046067424,66.30805058856104,5.387032291020962,62.66691856753914,66.7502424911337,21.723358710841126,28.163886503250907,14.78169694740606
30.730150720710327,87.72163656158328,6.106224279685646,97.2585621871617,55.16958409207314,26.690120784309027,24.361869093998024,19.16558652410174
21.113142575770468,68.10026702584712,6.265021063413425,126.41443902742341,46.89504694273074,47.52525663160844,26.31411586457165,17.153409132740467
32.79394592248447,75.9325117138299,6.382009950566527,100.94252420399651,53.18139566264145,33.5767860038804,29.917783488666583,19.049920929179137
17.347692951283115,55.147275798233146,6.255027989513018,104.95298654479677,49.732089485376235,46.11948567246543,13.829238790534621,15.659739411257402
33.14821065556399,60.214308178259834,5.224986854241827,88.27001675429084,73.94159772969384,31.62511093058053,11.585889151750585,14.585270544695511
23.136622080240127,73.66416605759213,6.6930123093542795,87.15543240736257,53.68156433868184,41.419621774091766,30.47316753845986,18.23492434314439
23.78650626087359,84.19467255889582,6.771827064140304,97.39917539243864,49.975809914082376,57.444739253854884,7.846587478131667,19.435357875773406
15.549949144085286,70.9385542396613,7.300949395794991,101.25014266418069,46.42263714423801,28.05410352978129,28.45486178553543,18.113680877350006
22.726026413111537,58.752423420980705,6.105845367612519,64.5567621526807,62.647763288675165,50.23760810137304,26.982689910470288,15.585685777598355
19.80096734486558,80.66002544292513,6.064918421110049,98.01934042161913,60.61870008580257,46.79706796632087,34.33630295888699,17.18179024520796
21.961768273132638,27.120320155801775,5.160007757017766,147.05601816127978,45.89237554531058,25.10755748901091,24.623852967584565,11.535335532108714
24.3134451710556,38.66648247739689,6.353216581704557,87.42598619233286,32.66537728065787,45.58900523741773,42.55611815433573,16.296903302966854
29.78895807236453,70.22451335502583,6.950555890531086,62.88235051376117,36.4704779243247,40.72806128862606,36.78530298584347,19.235592122883972
26.038016757003128,60.211625343796875,6.19411606890364,95.4575179604072,47.23756190686706,40.91094009913729,17.901647746787887,16.92590283945001
26.538383267005567,69.08270476686248,7.571722409271824,78.5616156362711,70.23391259178625,43.36517566451703,27.72522914020526,18.70812904119171
19.522403055772187,60.966112836479134,6.371702582105239,59.84974524034182,46.247350561296294,36.49634155584195,42.217481153471,16.19269370633449
20.59622955198635,68.56418541905809,6.573496142144278,104.17505385197863,41.08814585051653,40.700989589423976,24.41894475680373,17.17676009511395
33.993625091756556,47.78395768510214,5.818448459709203,78.69153888546766,23.589210301270306,42.414524250402884,29.57686139979671,15.261685202946468
21.323994826183768,68.55729129119536,6.64361017258764,81.25857499440176,72.70312153403445,47.46057938885529,41.23302060683822,18.145335557177795
33.28104126028648,74.91621792311376,5.510340102573652,104.60282141156166,58.5354221897219,24.728389666219186,25.675235071497774,16.5882995611793
23.784694005595668,78.30825905896849,6.846848977506572,54.004762139129966,61.94014955008787,52.90885896491104,38.98383952066314,18.88397550908821
25.01143968071752,90.20331441973049,6.862214088117706,47.752910492466256,64.42532077894062,28.44709656940787,22.720003179091048,18.74071040723978
30.351825801149648,63.6614766525358,7.179645712168255,120.12616583505795,47.52904656861555,47.61628464146387,6.899089198831046,19.678531372789287
31.359462109693283,64.10866630270768,5.990015640616155,42.07499197827751,51.26885950621303,40.794450992727796,39.82823453152501,16.318824296740235
24.445937198604565,37.152413037392286,6.580281059148709,70.69966914077936,72.32902912927992,27.188436572013025,33.50988032045981,15.999040194510515
23.058784732392308,52.02882898292363,6.781908279693252,46.00481393834687,52.69371333978705,45.28145469704004,34.036514202675725,16.13863807979233
24.720397757388934,57.10376888990081,6.721140819165155,85.41590599453502,58.81287935095992,30.54593360804829,21.256297669557803,17.67886429078338
26.689787641160592,75.75479328414532,6.067350362432574,112.84176242953497,63.05826075800767,50.6879555515764,21.89317906802509,17.42288120555449
29.456518434348776,50.83498313865556,5.30400905522193,103.3701384619713,59.643969986339656,32.89165161498756,39.203492157889116,14.429250530485536
25.02114929497076,71.94510029623248,6.67348014844224,171.75620168371853,48.07746244600259,25.050139023946226,31.945658459234103,19.068520268249387
28.094431490115767,59.9756742455493,6.4237501608450405,132.60746853367002,49.4917423577912,55.33845105036295,29.06035154129792,18.173289378817696
33.1917986613547,57.34247827327857,6.21666470351928,72.06526449530196,61.66460656963913,41.81323671236909,31.767413296913315,16.622216266022807
26.906548061323925,63.73340953699884,6.881972681857733,64.08834985520768,61.64004289902089,48.671911257613154,42.0680442400984,17.653263176087403
26.55826428002389,54.132654416207366,6.477540230922783,181.20063822926502,67.52348898529192,31.485281212466326,35.78950581642056,19.648460391580414
17.40544587454966,53.56444127861002,5.8404024736161,131.87716017200088,58.26645474964758,21.081894632917994,26.202838420918738,15.664687577659565
11.846349315854683,34.42821141314828,5.5342738554518895,117.68108821808715,58.94908420388082,56.75202424087777,18.772097111039585,12.904686794166361
26.94187864615084,56.280686890081654,5.935518367433417,102.24555436646854,43.3064994982333,39.93573187821051,34.70443009462228,16.15801816399736
24.52587884359564,52.800477807769106,7.696506147383394,108.20564702425051,41.28275733392148,44.913518941635466,22.60825591492617,18.690999623351516
22.42608662542629,52.260285159763804,6.861388386966387,55.53780173552722,61.709460115272414,46.56595780598269,20.540984499049877,17.17798130009321
26.217651020931722,66.2530959388506,6.5943061709875055,104.71117510590304,41.387223979754374,36.646089469843105,40.52599349499254,18.25256509566762
24.697981354015457,69.87947929185765,6.409169536407098,102.13694192377044,49.68948495324707,42.26229547615517,36.97924597406517,17.986441613760434
30.638901253169493,63.482917569634914,6.3763035300262825,72.8758347069556,70.68534861456936,55.93952592505445,33.085487413443985,16.441298845089364
25.43055434129489,74.93122785674211,7.0835979916795475,83.84420639294564,68.30855438517634,39.675587711206695,20.092823512502004,19.521039585136442
21.265383574649164,68.63342888745548,6.254702129048284,145.4552918033067,54.52683246195775,49.42101316419575,44.31412848613666,18.44993416395467
29.950831194796447,55.57415715291537,6.788460205342147,96.24475239115412,45.557906302494345,20.087530199693784,38.23094651772679,17.956349029058607
23.91434462526899,53.0571557142843,6.325786024854203,162.13513907599332,48.14931634484743,51.237606303192145,27.569715191500848,18.457140276607856
27.632683418361534,64.6923335515027,7.470078315917531,47.7796169053785,63.01490211583422,24.779957019940262,25.877759534713075,18.696641293707238
22.612946469035997,68.60650664852851,6.871144253789152,84.33609441322757,49.45251083830752,50.094088240335005,30.627917930471476,17.823529261829645
21.75086557251282,80.96766460547246,7.122778407341813,53.58164346259243,41.62576410484604,43.90631220451271,26.172650667690792,18.17023951745848
25.42084115092848,77.86759567410144,6.207795112655881,63.717326383244966,68.2366213461196,39.04079323926122,47.69483165428086,16.88917897393181
25.064143217718424,51.877904902392466,7.029068056283711,75.15382883022109,52.724002086939215,39.004117787920705,26.91577300236108,18.304524737259484
27.399135176834164,58.46990579809108,6.343711287302654,109.45928880311773,41.341162685123805,37.47268906642665,21.456937027678187,17.88303827135817
23.656771233451288,70.06526707376655,6.555017411966425,108.00478513241161,57.18410283398946,31.793304805564368,42.70732686666462,17.824888269512883
15.818201081148013,76.01996667088459,7.317523835309729,79.62129041117184,64.56827619788763,37.94023721369954,25.44750533370315,18.316352571952834
22.836130582058058,74.08454203057188,5.9786124716217905,33.16601327990254,34.88490402818359,62.08059077509089,36.29144086493383,15.73945955668826
28.96909233571908,59.0418325075298,6.6016238656527,144.33078619096457,46.993191299705984,53.0230671078473,35.40310084868857,18.689133764760015
23.513119603784467,41.18966021357225,6.719002629259363,91.42705851890932,46.299749486173816,31.289968214775662,29.531503595639567,16.62802445688139
23.76808298742726,45.01595435631613,6.760002190400405,66.51129489096583,56.78430748675215,42.67687402327288,22.216025883818432,16.971331921279425
29.931882529529684,64.08950271479121,6.274607753453267,108.24792343210262,59.48012484289787,40.959791632364315,29.614536584172875,18.387250816819293
21.440133863705388,65.13338369136518,7.543132050404041,106.13335511569522,41.727891330807715,38.57706556990328,20.64111114934225,20.0
17.2859839087855,43.51980939848423,5.85253405732987,90.31970605000105,27.608732361409626,29.972224433625207,29.810257899704773,13.680920235760837
24.196844402372527,60.66854416333907,7.229442694316234,104.45593046924515,65.47698131899101,44.45897984806653,36.18225173167726,18.893223432979223
22.579130243756314,69.46836535457675,7.107532802795819,65.34910478775944,33.20082094134181,48.46071629914636,43.742240529535984,18.355924595322822
20.16876840123373,42.73160013739284,7.450444394801842,122.7973852952945,54.067763075658156,31.6610131493322,21.297207072445694,17.814209602971175
24.123107720506546,76.57495802706622,5.70588645064609,70.0939871572939,48.02028651903976,59.55541417289207,27.99633116803258,15.658844895477156
27.45752823623392,54.33703277160262,6.0655842560551445,81.83291034089704,52.436658578061135,55.22003249235554,25.801511326197755,15.848558286080669
24.953557192160922,78.86419668864977,7.24597152958082,119.46405448454726,74.76850957560288,45.48165558951232,32.18991502005991,18.69116561895555
26.53490536343119,51.9982133133615,5.561480422684846,136.11876895030701,95.57422420432741,27.682802973311865,17.82553298951344,16.33566590733938
34.06703849257711,44.600617756737314,5.696770549479793,147.57323704139017,25.498438829020873,44.01408625984562,22.570698583000265,15.237087744428916
23.28560569221218,53.12794515237421,6.255846106644254,131.67394715399715,64.75859232999386,42.81978001564465,16.463867535450916,16.803804021661584
26.391743173223347,58.5727781538402,6.595996894311134,90.27783448594654,47.65628340983531,45.13155276218497,18.493563674679166,17.717639231886896
22.453933187004328,54.17280139842779,7.2961125368243875,53.76900792698611,65.71781770568829,55.90464272289736,24.716497648703317,17.451382449325347
20.768201400565136,56.7599786764033,6.407367042534821,142.1516675680868,64.35894614268746,38.240259453833794,43.3670609026071,18.796231466040165
22.07546173291115,65.00947724514286,6.19588042596773,141.12087966714927,71.14617210797245,60.47826579655744,32.78080381546106,17.30871791437593
22.606207142391558,57.43230945305401,6.655694968848214,79.84071539939512,54.27447372744046,44.0650434599375,30.51996698879845,18.255024304455958
26.797378987735627,59.00831409071989,6.7347982416472005,127.63567113473681,36.656352725674644,37.09536824338735,40.77508803222788,19.24043050040767
36.74537893350379,34.36160401196106,6.7206199110851355,90.03466618207784,63.9147423306443,63.993772067064114,33.068783049467356,17.81942228749225
21.4197828186208,65.87547024015709,6.411006896024327,145.03830650535187,51.76996364216097,48.2989190002009,33.82060889117606,18.97993001353707
22.91687347192269,58.66195053462498,5.522456943040925,84.55406012788654,46.492351772988016,35.45266113042527,26.215804278561592,14.614122817583716
24.68438493444376,84.15439470724307,6.041192005446834,159.3595386264551,42.856641789425574,40.842165889464425,24.901373155127345,17.949851003905422
26.978994243548733,45.90652249119063,7.210135542633731,123.58361642794738,65.09503353657693,46.35233021854534,19.510984402148647,19.0828950273249
26.317754059773925,32.87557007250729,6.5935344689883,153.92634534057962,74.05054238011066,38.49138973214658,25.191283471668864,17.039131069688647
31.420478969740586,69.27102740895063,6.338738940446472,86.08608191050362,32.06971161950548,41.339078690449504,27.75581268720758,17.39436929788373
12.868039647323958,65.197905274695,7.059084274186987,112.1508881333258,59.329283637183956,31.827963963372788,32.75775158013536,17.051995801739903
13.065350649021637,44.87350469203281,5.934941683815525,70.92162404966905,44.414192218660325,23.14805469192092,29.705932679642373,12.335322295681452
22.520609139949254,37.05376567493863,6.387325933143496,125.3196775635759,27.990914027118297,41.06419322744712,27.079444273058492,16.647680526538043
30.486500937718542,83.06095096026435,6.568879202587018,126.97124598511374,52.21558731144512,41.400278222258876,22.706585984826006,19.668813128450523
17.17175984197202,81.21165585910173,6.279311248352686,171.91071754603558,37.50293329715659,45.271195915578545,33.19301446364168,18.64219762231553
10.0,22.68814861940806,6.550381411450799,114.46119391658948,26.333701582997037,34.238102928938034,26.017871303729272,13.12922580935172
27.855897031096042,53.126654561152485,6.406153034289117,121.7228260751828,38.273892916631986,26.59445705459335,32.83037206393591,17.5194255953701
26.21828611851357,84.96288082175849,5.800328476107063,85.87508870488654,34.5833912312922,30.346755302526514,14.69382312325171,16.21527709198601
19.548957966002853,52.859061633332,6.590738940939528,116.24138117905716,40.29969720404913,50.55633756839825,32.69136930375915,16.436464781386054
20.07230199639535,52.64081648960021,5.835824104243566,88.6032637393725,30.111738845694664,33.333886877924286,35.97525522236991,14.478456857237147
20.151281401826626,55.758610085559475,6.5828075625483615,103.47582276525999,44.072898370606794,35.57919014196238,34.956246874909986,16.405456299459736
25.5526765873697,43.18654539347761,7.1870679120750545,105.23546984637386,39.30126307874041,36.87586436168888,28.426236597194443,18.556562044404767
21.868423619084965,34.42836383657934,6.359488401361973,89.43085379952488,55.63420815718486,33.807238307132096,37.32254652339502,14.74975847999268
27.470319594877598,75.78820966102123,5.914258435014506,101.8883528962598,58.903084795974735,33.06789172467167,19.816328936353223,18.387959950923268
10.726866685478045,32.355946406284865,6.43650609339751,88.74114490859738,53.90222865167663,31.288764353661897,29.286351478347758,13.467045913879376
20.715740674361,63.70907178163134,6.084014445960734,88.60806624898483,46.46833313189737,54.006565745681996,28.45283359071441,16.200598102167174
19.36973019544475,73.29869239136474,6.797254501315734,132.29993954506816,46.063586064615286,46.8010068334293,38.291197512328694,18.489704414941006
23.71829660813754,38.231605516482624,6.426005626238573,105.26240925479235,37.443875188829516,52.47820773150237,13.836054635803617,16.526579591171807
22.309761207549307,46.13597396107393,7.354881625832286,110.41198816600831,37.805080108850944,54.49339756460838,21.5349622565816,17.982701695555498
28.989218899478832,78.19768782587384,7.081494797838669,56.28085693043393,60.55405802118104,16.50120202567019,43.978006469044125,18.989455308478785
15.703316141699712,67.9933758034056,6.423459747759298,112.7037499549117,23.604461020243036,43.43454642028077,10.5554710092403,16.780003053015978
25.22745738165376,50.74071439681669,6.857804533986545,115.91270391925714,48.78912592530587,34.13821366101681,36.5153917735,18.375878967118986
27.791682116058528,78.03373505041756,6.303381795418577,88.04984131933742,45.14706407658199,51.168096443533486,24.397382695782863,18.695387696132535
34.28323718280977,78.09803585181453,6.516978442582584,162.55089028782075,58.98698152062339,32.58528796757439,32.0376208291688,20.0
22.591170144532626,64.03579039523561,6.3192829018248435,31.323182074478044,28.62482024866474,29.458502436362902,41.31025923087483,14.992345017103256
26.622293021762584,46.49759658189505,6.883227979924854,123.5310140731164,50.18721058228909,25.659541393468977,32.34565496863064,17.017895483562523
15.980686037188175,53.79826944792307,7.216494138354789,121.38414414864587,55.1447651203866,36.97325089021198,41.47626701408814,17.719309548672122
13.040218978434881,64.29580115933085,6.899324103595571,116.24748795998235,21.429031720640076,49.14945262528311,26.061206553705585,16.796320695381283
29.2238718789085,57.17107756278768,6.960968300642678,105.28638116915869,33.88508040707394,42.561672168613114,27.118589953256738,19.47617931843133
24.97219853175965,74.08435767352277,6.961516718617864,116.52037967875113,48.62315229780813,27.973517348638563,36.294737990781805,19.237896140225672
30.892563448992114,37.053388798359954,6.775627961167355,126.04526438667682,57.712203614514564,61.52659090361891,26.484556317741347,18.314546966721995
18.132985555151254,37.58604706400642,5.930356920394866,78.22337248504017,52.7374896666905,46.49538639491568,34.77877104830402,14.274566961946581
27.599510697643762,62.71306667223649,7.35048575970825,108.97586866540269,58.40681379424711,47.774101157576865,39.470433732621466,19.896508381706777
34.34408920271927,52.626833792896434,7.402205413349212,94.50049473930088,33.80941231039018,52.85028827347658,36.946695154299114,19.389926389839815
27.09852804178633,50.594270779533886,6.3830601983433155,67.18694799323474,26.168744754079597,23.597844113742205,17.36870747642734,15.49597391338751
26.382907527955243,33.479149212384044,6.314651042391909,121.51509923839869,51.26758708635184,30.885658614121173,27.268953783603827,15.814807057807966
25.04278040412175,60.293187671972724,6.8062058264576875,83.069187259479,31.55970142678828,48.230113569242725,32.25465987243857,17.564733701266732
17.145592714370437,59.20867337998852,6.7754064175917526,55.06423975661599,37.02016510928295,31.89261671978523,28.048851682964866,14.723046536143151
31.77786467855174,69.8021847292761,6.399026965623491,83.82668017895054,63.98417532239561,37.249865277449516,30.634928107132264,18.053413465705702
21.94571180097467,61.03359199681458,5.874987172206198,76.03303305720608,52.83649335150277,39.222593471687,32.36056595415408,15.027524037826346
27.522416281915085,58.01093882639255,6.652850595374889,130.8543702757033,41.477826421168785,27.225946113700825,25.787455034259445,18.50916426135926
17.18482846714373,77.65500955185506,6.775718269087773,104.59579421674233,39.52952743038555,36.3918281786636,28.45248895635309,17.67013254079394
19.1027016774611,40.312990448271755,6.8629105740193985,141.4714823706982,59.313823353337476,49.145032173518324,20.55172217594516,16.921058565550776
32.17543699611118,68.04583828271365,6.674646386177104,80.00331306300863,53.17956403474975,47.294538898178416,26.177265704741426,19.08756527619054
23.263488555210785,34.93279252806977,6.364442425819045,126.22509615689498,31.781650365159635,51.13014661967468,17.786571177873476,16.26142034659393
32.266377380212724,47.42457179998789,6.997001019753139,185.1886874442374,20.78264400348579,50.098758737907964,30.93197356554153,20.0
24.60884670470741,41.81014301065029,6.532924248782959,110.68097401381421,78.22702748960225,44.05873925702584,28.4542223651316,17.28643880093339
15.790511135210712,71.72913803177877,6.26753849281764,125.84946586969458,31.66281162023663,43.266784983097,22.673638303610968,16.861143439379962
29.460337998658602,59.01884649606909,6.40967330897714,120.80552992676219,57.91544754950184,42.53330760106618,44.28207847063078,17.57428089182499
22.05053841122196,59.79745133110535,5.627015483762509,57.3377401772252,72.66039398507262,33.72952832746039,28.036708135625272,15.014299093415
28.493444067585216,43.39900518405823,6.408879087910731,117.57451892402352,52.21396353249733,29.700552762793862,32.29242355263696,17.54331905859089
25.12605433770041,55.50459756100666,6.8442182599373345,109.19368961948707,40.99344985299193,33.104026538801,24.890934681236303,17.956832357355246
17.284408860285648,48.548020450363325,6.669891511069615,92.20757849805072,28.60926437456432,36.73970683442531,26.685215834101598,15.958610042901062
25.821473826852845,65.75182522281324,7.260332086490593,73.47890877385359,28.399841955199545,33.441740552572234,32.59530776678829,18.850249749194404
35.981115710763994,45.13363297002579,6.368512542992148,120.81949720981112,55.65042273014579,44.138317384839155,27.341991601544898,17.345236519919414
27.464932292572296,79.94691547807614,6.743656581526658,70.82788781168136,71.76464484424977,42.01895216064251,30.026426855106145,18.08407409854471
24.712411234972684,34.86629325563858,6.896370088152886,164.0093681404569,44.06811354943206,43.09323498720218,36.45459692282772,18.085769648302914
30.37671700978449,47.90220251315158,7.671428504143704,103.42507250464385,41.664193067759534,43.5140806591578,25.85579056384918,19.070728922005394
26.053342326015553,85.15800764949144,6.57238274555882,63.30078856640489,60.4622163621678,51.95663937784533,19.34271053409691,18.4705308103496
26.04767115131397,53.472918780569486,5.977906410567988,84.58011165014983,39.710791191428804,39.914271076129,17.78988568257269,16.32803230578219
19.541874139204488,40.276820033933824,6.923964376677641,91.65596985130549,54.117243614426314,50.08369433834611,41.507512291094905,16.179843726614823
26.16924012894799,63.28607343806503,7.432863677984228,172.37129961771538,50.62702175128269,45.16585357979167,37.44917360460455,20.0
30.177217082084724,52.86911636678187,6.338725644886689,73.46233159571511,43.857979121329166,51.29633536635085,35.24639733750192,16.259604736577007
20.819689239499876,47.461946165725415,6.920540769303208,96.51348210245838,49.766927618952195,56.14629834386572,26.511577553023898,17.45667584821905
32.12247910623474,43.56193783801924,7.11436402761446,83.86514890404932,76.44728171974968,45.766495799790704,19.335359912097328,17.409803411746235
24.54146987927437,100.0,7.0085327719850765,114.97775456744992,59.06799416151434,41.03768249671999,27.74158709203082,20.0
20.561152442307296,56.22672149723795,6.562779261236789,84.34349758884866,66.38751206383968,40.973078174433084,29.253165029711635,16.33282180419684
29.988160384601223,31.116489595006843,6.150763120893427,65.8283000158087,36.21958458619908,35.29833920438161,20.94758666602177,14.420706832695574
23.566028821308652,82.40564638508302,6.4593602259932075,94.14116260611404,66.43904221411361,34.96227853423944,18.24274949561104,19.257661328128666
28.79757443743054,69.16606357665856,6.729300226938816,91.0181847000327,59.58530713203478,49.02117163311535,16.15749914876854,19.30176976312122
23.541206838707314,48.50300353470318,6.954111262045864,82.2326686712796,27.506058551609485,30.363297075524443,35.259145500350755,17.03299379417914
24.70086928235048,46.003213669707876,6.66697252399952,83.83568923308648,58.0968610005665,56.14772635562226,20.357133478375886,16.35523160224704
27.46780102167146,70.10209194237346,6.310046016729712,135.5408739364301,42.30088794807984,38.4827674709598,32.475282565727504,19.511726939525367
26.45448528795003,56.29622508765818,6.777689828074885,90.40779357197486,26.812944855115756,68.62077893122814,26.817601172742012,17.764926320703946
15.022341097741307,31.11033272332348,6.9300425338714104,65.97617012564702,51.946635984914295,33.068845731703824,34.717103270209094,14.79465336162902
19.39378129952804,86.80859946907003,6.68980502820724,86.13652108600431,58.085638865939146,42.501889199803344,32.68659609575214,18.8322623122788
29.64704992395408,53.490143066760645,6.081906442730838,101.63006978396177,52.27412102966844,36.48150729751581,28.14450065686971,15.687081133866975
24.339317055492263,82.4335760472364,6.409296982641405,59.91191090345938,48.36292122731367,32.06915908456728,31.043627401673735,17.205666937029623
22.381343486142892,79.17652436948572,6.973910388206233,148.77933880019197,45.04121992312502,50.638003508787186,29.117311132986302,20.0
18.20712992371263,44.984856832757785,5.808491095627764,126.02738432518817,86.99882014012334,28.944458056021936,25.077222794935427,15.08785676178065
19.60131839362076,75.49784796544722,5.45341098880442,142.90518230856338,32.26145917207031,33.23925493025765,37.8406622836629,14.99895379820835
14.891006800190263,50.22836175204478,7.25404142507201,111.76384376463048,63.09382973535805,45.863197089149104,26.615409974064015,17.334446688899117
24.493596406492337,31.99949119794087,6.75570762751094,37.18907649609699,50.23134456333476,47.449608109494044,29.30519882998816,15.410761289956378
22.007812097094764,53.63102750966786,6.803365001260053,146.0600114991554,37.183002405994515,26.08114578772479,18.678999202739952,18.879177015933724
20.167060545073426,65.96456252664419,5.961591513186472,74.09294920870322,49.27401424057132,45.81676885215374,32.192356830758506,16.070262832759113
24.659382874160233,53.05895028005494,6.868764031733269,76.53439767993703,29.106010436170738,41.28899913416339,25.115347222836313,17.013427200981734
26.81985315426369,55.39427488612348,6.637624343784182,104.6897543186633,41.0676438978972,30.8227664213847,26.18521072673678,17.546508689508574
35.465989661049726,77.1534906739292,5.707836211075802,141.34689540010447,49.295985112465914,32.11118464664446,23.283513112924467,18.223175046104924
17.440582902183934,61.59740970435138,7.2121417071369285,131.598614018572,26.73324412101305,19.665485720515996,29.00802841689321,18.09172721509052
30.79690521650261,47.350525330725716,6.579341661809364,127.18843360528062,57.595738077320874,57.17444427797578,13.948219079704053,17.510376897424347
29.86550780507536,70.53045485500989,6.3019580169603655,90.6451884137634,35.54358438632702,50.15420414977007,35.458856103306076,18.873084764447288
21.104536303116497,62.96513350431368,6.311005127007391,90.17177421723665,28.224185629796715,27.10854989821781,29.690681802566175,15.79726974364474
26.016179772930155,22.175927978069357,5.492389047283812,110.378310039402,33.79373396257444,47.989076727917954,26.261715190382343,14.578577103437318
22.711833753311925,66.42529370657174,6.796668299815682,96.09787476149403,82.6393124275323,34.25977656050333,17.614154673672658,18.508596715889393
25.928442902093696,65.87743061574153,6.630928603622863,126.67953721988059,20.3290378719674,49.148105363496995,33.46453349183976,18.21365604688177
32.54565506702275,60.3018169437129,6.402959933833452,124.90352993485679,56.54184633154686,35.03926430840917,24.925379517639392,17.141175543007094
28.028031163156566,73.37550871604363,7.139242603725836,117.74023963518117,38.7254559347107,36.36645904892042,40.44869496198652,20.0
27.54304186616721,49.91409623510247,5.808070490502077,24.22116154691864,44.748077427236574,37.11652732242335,33.890551698638255,13.291798190772147
22.848453400226788,65.04749683231351,6.201613761816192,103.83965091031793,59.05896393020499,33.42644658338687,42.277245509496986,17.26446539792089
17.579716675378325,36.49560943248971,6.074995872619807,96.73438357801896,58.322280722583805,53.99271375233304,31.095760326308575,15.547259376370821
23.95765894729796,66.10635575098247,6.360602510114224,105.04076805278595,39.78955371257314,48.98526993081479,38.62258208929724,17.019977573384427
31.033040774319577,89.29589543309845,6.533735012628611,77.3702608436078,29.63263990050059,41.09948538333279,33.702168362385734,19.245276961441487
17.36416071705176,45.07715471298688,6.715006761905677,60.25642268802324,59.33211460550959,50.245681639858105,26.392148702369628,15.132710521855262
19.724553159116525,48.602968020183376,6.326513273447441,113.89415439925119,58.28565789514016,23.729282847545406,31.497680147873076,16.723525409351502
25.63133868117034,49.34976835662672,6.0613221324225535,89.31096046803815,45.725457368177175,27.715412214489675,23.32810986832851,15.725234266897095
20.076726075763688,61.94997338702393,7.343003474885222,117.24078981122798,56.629165757125676,44.745547623579625,46.55023546379498,18.89644007512221
21.03738276442394,44.054455907194225,7.705820095894285,79.87256866945687,43.31255778536697,47.35536555807889,29.193079122356693,18.166328693153993
22.882007091359114,66.3187106803647,6.571643335941013,142.4773192147803,37.594436524478176,42.794075462557515,30.209682332149207,18.83955319784035
18.171912979049253,72.70259918203747,6.121609816489566,130.0319452771229,50.059432716816126,21.173053249216814,33.11988689306815,16.467056143074906
20.129390768918157,68.01520820180677,7.237727065521147,108.90481325637641,57.78549111637276,29.37665475662252,21.304437405466178,19.548215456775687
28.517139583936544,33.47376861542891,5.776621446835767,93.60134759842158,54.638754043286504,44.16591866504169,40.5709688453326,14.050170944251793
18.46315108884518,74.92751497737909,6.332613337647587,125.5722663339459,57.637440201150085,64.26472289241268,21.797363593855593,18.00755874065321
17.010639327525812,74.0605112138052,6.151941474326849,111.77643445712218,38.59131690066311,52.17912665058428,19.988235501108846,16.159992610391082
21.84987510233053,72.45242058519456,5.920232224774756,107.15752563791814,73.72821687137379,55.77304298470773,28.667807898375795,16.268281015125016
28.65977751254923,65.59263372983737,6.359987883539115,131.28596228678825,44.86428716992063,43.39725422190299,19.765620017683325,17.828885906082846
24.01539096001555,63.30283971307699,6.0679139604130174,142.7960846321992,48.21626522785113,43.324909807893775,42.49552428953101,17.563503859399134
22.677094609421907,75.48584097189595,6.5063272320743275,62.427664465433665,30.220161361731982,29.665145327439237,28.15437384253556,17.19069811697225
25.221793987578035,88.85270231405181,6.513588583836232,68.48847677950582,47.09217265554074,49.51822053051617,4.230660017276559,18.87814607759967
16.27146283570174,45.704393049527255,6.18933413823901,76.59217823563607,57.98356605277276,39.26818297458997,31.599588145000336,15.262218018958217
27.473528268875164,76.17188093692158,6.314743321703065,54.927262070693445,61.43765919038997,46.92732375463719,34.428047894832325,17.630860672118615
26.91717515701822,58.70674352988821,6.3845755160481446,98.11754423292547,73.42911105780173,40.30686352880935,26.628542012878256,17.382423216784915
22.953457629521395,58.05490421957099,6.904923030559713,118.00349365733518,57.80352343738191,42.791184247507395,19.15285579391033,18.886303908807903
30.029622558982084,36.952039644269426,6.425785299467907,99.3574511514299,54.15369793699555,39.12271883701378,29.173543866668016,16.331355578711754
19.362519505234808,55.72815885726907,6.912350870393048,83.97635075161313,43.30557332728522,42.24624697822893,26.146356262185243,16.171408817254445
30.639544966267845,45.04102563047377,6.792906491777328,133.79373271387473,40.0738938765049,50.000765575452306,22.19542464112771,18.85700344633373
25.772468327976256,53.042183557410816,6.785765348450371,104.2166920962025,64.55372772002234,27.33770470930776,21.489399439241996,18.5297233431131
23.317237050609133,43.52720424332775,7.1939229851729865,110.28948902098955,64.26605527608363,25.0707757368489,31.249885991499077,17.48550857364811
24.90063182315844,53.2663741903049,5.940304560127045,134.6270441469928,33.84480948726841,44.25864577638899,37.224174403117246,17.51742003854656
24.46367617094529,53.90834464464895,6.2634084468464435,96.30274183446599,60.84643830730222,54.405742979076166,33.69235070397678,17.177740307750923
31.101414482088586,61.45132377658201,7.381649400149785,161.8064221787404,59.755755370937635,56.92744616801082,16.17601713129296,20.0
19.61660436264493,35.77875206563004,6.371341749705366,86.56554988384703,33.29286672478709,27.755897822899282,34.92382403644786,14.598175037266397
21.18740380426701,38.31722778382015,5.092438155047075,159.93844613538698,58.10685207183765,35.97126164597626,36.17979209621639,13.985276861758374
30.181514460362397,65.4287140609579,6.398515828426057,70.75794454262738,34.25680310777289,25.207847455550908,41.14957400678213,16.400593029829807
22.022325324080704,48.038428243948516,6.567469765081625,115.52454708641325,13.56060548489767,34.4938837361288,22.40089795126484,16.425629758697106
29.50266538665796,76.11794685344897,5.191443441284394,80.72403493581288,47.598463794619256,51.22848095049362,29.547178885082978,14.565425074918869
33.497179915043546,63.3790458302257,7.166967819943974,133.58698350943277,53.867220578824835,39.871082164416,34.54019400243065,19.396529846499607
22.99102486529183,69.1014322530961,6.143143768067199,85.65302176424714,48.273937926753305,36.26125920376212,25.77957041488311,17.07541253104671
28.406811632876526,81.16038480631342,6.664281557593758,108.72613571932257,93.00660225781961,45.4508575641121,34.415278802773024,20.0
19.23153859330071,55.354337822901414,6.387009227327969,80.4837401187529,55.68276843852462,32.04947910190529,29.807789390256737,16.330511990101392
28.773666490339046,51.38269941875586,5.85582429039798,128.11675520999842,52.2071272894805,55.92978364881857,23.22836146675563,16.500162250900463
25.997119929933834,73.0755387839822,5.96474593268229,80.32746218082582,56.443869549711366,40.07284972241474,23.91006209047563,17.21856762127034
27.365191410801074,67.64270345894529,6.032458581786226,150.50244534228005,43.38021493399854,35.98205757040101,39.99431485019885,18.088517420976704
21.772139639823024,57.190045352680485,7.042835954591819,70.12008679115829,63.94218593140308,45.86849234795611,22.028650700826624,17.29753589661182
16.694582922164138,80.87186950433913,6.426230905949924,59.6311624501556,55.41502919265652,49.392861602110465,20.65599772664309,16.242430638332504
27.516260323747524,56.81633535240104,6.239067241724126,128.5465623423726,54.72757555838736,55.959752401492594,32.75503091785448,16.855004298911087
14.682984237602728,60.49160456333672,6.032695543704884,82.25069079209435,40.638196656995916,37.900310937418354,29.755417725260045,15.078240572813272
23.413247538787324,60.31833976251388,7.098075110763063,99.78288059651393,26.5350451032636,50.86056522693717,19.507028980586092,18.7545575722102
29.70590933209985,45.981091576522935,7.2321006362617934,90.33276538492838,42.47920866384064,41.01211611899997,25.844638607283805,19.589609398215018
25.95948867936518,61.163780842295864,7.09237194935334,60.621751985419294,54.23950784389839,33.88619979026305,23.46574817391557,17.70253745752952
34.74171322394906,80.95140266097737,6.746218669577083,97.69019007584986,43.329507803825805,32.231884709957654,24.866659630024778,19.009716318952858
30.125545762908867,66.67452473064263,6.644915020935356,137.94747684916905,54.37590750601056,29.030165563669957,50.19976317445317,18.487546048466015
21.730508058372116,60.46595139598397,5.892031091012049,130.09411009916695,46.51457184715542,32.58306001110886,27.57936076260777,16.75288806900922
25.136566899257193,57.57349078251495,6.377090436644472,106.95378287877774,56.45869226939785,51.157066217600836,22.949992446622815,17.833761891319913
24.76314648727782,64.96300542609526,6.158069898326782,133.3680487910532,35.34763811187029,47.06709601786037,46.1742999263972,18.480135897938112
17.089116183269365,71.24649942733778,5.5872439455076455,68.2144424591747,52.89335017827622,27.5878834405805,37.106038385539165,13.61256262698264
20.298005417578235,69.1385824633463,7.028521709582683,90.23637013284981,40.385687804729045,22.536090797850644,35.798604484683274,18.26468271341358
22.1961954651007,55.02202707267031,6.152085026803863,111.87414822190624,26.925755868040458,28.877068442035892,23.335245645589065,15.826229087708843
14.818897485720317,64.87172391165171,7.097970953717653,96.08755519548664,47.522688154574375,32.232637917528514,39.53186686149205,17.81318077472554
25.237467341258213,67.19909611722417,6.940873200380006,92.59530008570329,73.0447636072707,36.967342894229915,36.53019670586271,19.070767008654094
23.754640776734796,44.89207518709532,6.778358988316709,63.98068803036715,28.121353882310263,51.72863523008714,31.17671665470412,15.586439571999557
16.63553049344213,62.52345811775542,6.806442035881592,37.55975834071866,51.79088375591299,34.52283141100333,16.269575017022024,15.635916589416532
27.02106432638666,27.580441705464573,6.1923430589631465,124.53599274848908,61.963655948963364,56.804999601772735,29.840639980177375,15.25161724328697
28.579363723454797,67.23800564731778,7.428925075645332,107.29664719756677,84.50046027716677,23.198001076786323,43.83944571332303,19.442650614520115
26.135172394324446,69.90514581844022,6.5215627154765246,127.0599513463028,42.606005263299686,36.51367479237694,31.763062557936326,18.085036801659637
23.37965912395515,71.21319188679689,6.650965842559352,86.88292173524877,40.51999093093531,47.855486691364014,26.988267783345094,17.611918151483884
27.957210758759274,54.07429721745649,6.17546183321668,78.61666345517219,32.49961706091101,48.47205252366434,28.172341255290647,16.145540394197294
28.401101802383454,64.63570252536053,6.0344173696115195,100.19643899909903,67.10774502269328,36.642860436116074,28.725981545489468,17.241865275354364
26.537017848598442,81.3593076831175,6.738648004404712,125.6259894583845,36.98878506141387,50.017534337841965,23.60308628978449,19.716545888493748
20.876938747826195,81.20654472436888,6.608756747969393,93.05643355037037,44.441053523369746,48.121964425068825,29.67004136509748,18.197801563996716
26.383003827555903,59.562409511601594,6.105323817048712,124.05355552985458,22.265931839431172,33.17885340687489,41.541876236364395,17.14904140806944
30.977403254127395,62.089794460943395,5.780786640612298,69.8107598322074,63.25957764017789,43.14928468444422,40.63563903128783,15.365107347587738
22.01685470694135,76.6636671710165,5.865038456336227,95.15658600490399,67.3738742116704,47.03613284076845,23.965312717407485,16.722509593215896
35.489696695662154,37.48796977106738,7.098066858545554,97.89657567765907,62.68662595376548,33.89465232427175,40.20717907640555,18.732500912705245
22.37184533007308,55.153863859844634,6.193373092674964,136.7916983176576,25.92012077969423,56.94325450269163,36.089130501222,16.962089854607477
25.162035066700682,80.03355683305135,6.330545727162083,106.22882194047725,59.1072656116896,31.64638053382357,35.066708300893296,18.619266975093463
21.63757201996832,74.62800812527149,7.225170129379531,152.38232554882586,24.909944229139985,41.440928832945126,33.45529505312107,20.0
26.116354179601306,65.53895666474857,5.938924719256793,59.569456001575524,50.870604530963604,27.50222683580492,22.556988969764355,16.121835314958354
16.288891536823623,37.412513920040695,6.136502587141472,103.8975671323384,53.07616369975696,41.033601986625605,26.755374520343075,14.623433108084802
22.269791005916392,59.25134650438257,6.115616585719653,105.38194117541337,54.65274827162398,29.329267839291774,36.66334722497061,16.863092421998232
19.539393998257164,51.151269056251,7.30903424058302,118.60279592760601,58.01954798956203,37.058708586707375,20.34503724900042,18.331421403203624
25.676691739461454,64.9655835422582,7.496691750291207,75.59920190653327,49.879495946610916,24.134024386789033,21.67379915683299,18.999475812136787
29.972236877544535,47.859799728076794,6.875781612701085,150.5333901823251,20.56355730907171,47.99813400325721,32.44957939812725,19.027151726405894
28.230030935572756,44.61414907538089,6.89169236207712,100.38891824415278,58.02681513199298,43.56280049741608,23.683738714727173,17.346916859838096
13.141703195705539,29.027020834745375,6.209822498573635,67.38797461195246,51.464122116916215,50.87410553636699,36.59115482960613,12.408684221367977
35.2103482646394,78.32707027465052,7.473664243452141,99.51925028759145,36.4607031294315,36.52194835360164,23.96625634994764,20.0
26.47639970310434,54.00344232835414,6.633848127179331,90.6051543135966,26.45903868295087,51.33847366880998,31.955041158905175,18.1213255797677
21.117504297535,62.35718675553802,6.92655513222487,183.49705426741986,73.10033278886537,40.39279645394836,32.62457251720585,19.798545245567063
25.785639594954702,59.96642825288728,6.447237530614522,131.49830798575042,68.46950807436023,41.13167459428737,26.143242576820185,18.478356288080164
25.88094911251346,43.9884910055925,6.365983706336195,101.48984067124653,60.58936110961182,61.140533253519386,28.082826962763253,15.910483064634242
21.665756415242182,41.1140263282771,7.331521129798059,96.64249944402385,39.85550133147945,35.15324035061396,24.55990815968036,17.386627518305243
25.98958333671038,44.920273110041464,6.7698618398691535,128.53170587444396,12.245066716827237,52.2745903115485,29.851162354782108,17.751427095456027
21.962638561898462,49.15247341755911,7.225687730535191,129.96586480984644,61.470187631528525,44.79684940547613,22.306502079296585,17.232684522535454
22.978190036549886,65.49909370520707,6.627664085872523,12.653502420380534,55.500301607826124,34.28095107754517,28.211937988023532,16.23690095979486
21.568604321224576,48.06423504719083,6.075816731788454,119.28979464200002,44.38006536391735,26.84309109536527,35.987928062361725,15.01534436343902
17.836643551301737,86.19735947391932,6.208328533560756,100.8389963193588,66.87209460046815,29.669149495445097,20.90599136751463,16.935132637452558
25.72918235107692,75.40726553839727,6.551482621232306,60.66568534639072,62.71996300944275,51.30674797854511,26.103444704176848,18.423597036808133
27.92649718258169,72.12539324498562,6.186749891978336,126.40642418872531,52.641432323462745,57.34399526836957,34.14609927987959,18.55797344008913
27.57441798038186,58.20511646290275,5.946269295686155,167.38564040674797,50.52587626806669,40.91439903210226,13.378841746554702,17.478573950801657
29.09962626317617,82.71421103580725,7.100708515893512,116.70387840483342,50.7645157639952,41.43881762621123,44.8446722911947,20.0
26.62170105007434,56.72991553318314,6.227564964588244,133.01285326770594,60.19909809252119,47.76453433156487,38.362063312247464,17.62624340444375
22.33637250891548,59.53107878768631,6.56909637389566,154.1235727589321,37.13785480185518,40.73302029353185,17.693315358101444,18.340613486736533
29.198319322155943,62.549618096239044,6.648066794942802,75.09213547839845,56.38974682677555,50.99700037970322,13.166433600545986,17.28557603431445
18.212412300790326,70.52734560815016,6.205923437339716,44.27285664499249,36.19113583295614,42.91622250663185,30.236940698672495,15.87578229280304
20.4966430874376,69.55362118504478,7.22539973315437,119.70598189928505,70.04832757628351,41.355413136524426,21.038046432783077,18.65320676830383
20.178999642883777,52.87312082333096,5.941429119397694,92.57165390675647,57.98192857362852,33.00787152505882,37.691946321587295,14.35846535201545
30.40028029569655,52.00509420861069,6.630812631790385,58.77479642885371,39.67657607541606,30.547329205267175,33.152017297053504,17.286608528745266
29.71394257070038,69.59854435728127,6.623058853188292,97.6549019159262,51.20893736044625,8.409119864547572,30.987032130698164,18.064514277029584
27.436526185224974,70.72854875836849,6.472872698567926,121.8264212137186,37.19320429957939,52.341167999418715,25.43794891981118,18.69006589627181
30.359649326058985,54.099733127656904,5.851543693364008,95.5308500570692,72.56169256551193,38.53392944777674,42.80006111831482,16.65305101578774
20.60358608794006,36.19217895482319,6.935408775931732,76.39517107794887,74.34313976706814,35.996026552642185,36.027616805773484,16.00106712572635
26.742975599304902,56.89025855987633,6.871755335167299,93.29478819110469,60.44335523844272,20.482927036145668,34.825326472165166,18.09588841905288
24.37412785808418,69.35288698238789,6.162215735704391,99.41570604095963,73.34984851481866,33.59887234227648,39.600447717019534,17.75039198081311
29.23441051942457,87.08125269629672,6.853743603602681,42.115532121217534,52.276939233087504,32.283135417171046,21.849113092057046,19.451546860507392
24.423878837239013,42.03063056489007,6.687453843150388,95.7167514048792,61.45268850762196,32.052269127692256,40.27790295231272,16.694842721605244
23.075285557949595,53.601431207541395,5.859693927319446,59.66978583565325,68.37086782864634,43.328361431526275,27.8831336290989,14.701799486318805
27.70454259280495,54.15894657711935,6.0730355427143214,119.77077856063289,49.91384606726125,41.22248553196003,32.6778375728196,17.24858198122263
29.380845835956166,80.33708009147252,7.069140722444789,53.16872273239666,51.06655785976018,26.38704066380295,28.748295922624532,18.921248802420372
21.65827402576599,59.47587749312051,6.654708092571025,130.38076613652808,64.00484902143346,27.021589000926674,14.977075149011318,17.905481701938648
24.69462164323812,46.390101609416014,6.217848527094687,87.72504792358176,59.6974694839399,27.00321447669634,37.65878608777798,16.790540012219957
19.707796831791736,68.3804292438273,6.070762054413679,83.71072879683963,38.668089196984205,58.10526087567177,15.404133416740352,15.176915684455611
12.509694912535302,53.9304221993858,6.24230310094229,108.83363791905916,17.197559430927964,54.927226286916294,22.2678351998994,13.91724141765588
26.002298157068644,41.63419089963068,6.277760235061148,74.01896664329824,47.36707906104427,31.477010009004022,26.37740295657503,14.77300783474397
28.04452678127316,46.60840039085774,6.077018483685374,108.36237262390192,18.546287311622315,20.234056800042694,14.371075631925768,16.3808535191139
26.310334045433628,86.01062931633929,5.629117943808349,78.03673675934888,35.13473995841677,41.2804424301252,21.19501901757034,16.490221418296088
15.252191411228164,65.76313832474193,7.070006643200393,83.29796463025691,36.88569564199423,40.46940116237671,31.95856072627225,16.229767218044543
23.245752849617627,61.61640083178814,6.985316836305722,112.16062507987407,41.4703653358981,43.16916986988398,27.226790467715706,18.40710097835786
13.908261199744594,56.25159396281931,5.86337227409657,65.84257798796853,62.30657216245312,47.413738924773334,27.886777010198795,13.652020346561768
31.848505538270924,64.38223263178197,6.5681556477818335,62.06988094712929,65.5651931109539,44.51703953395942,22.67994839209128,16.65445062202933
19.569727089409568,64.20353919003742,6.048880898642617,107.44676522231026,57.63111079710811,28.835604684997467,30.369450590063117,16.27530620069629
31.27701804729948,64.3825324231099,6.369216388386732,99.19300442531846,59.48760464092708,42.940410871640175,27.39801579842721,17.436061539852506
29.72934821842073,61.722676354166296,6.327616710063172,105.06078234428176,59.84180684552969,48.538235753356545,16.872276791853064,18.210322117775878
20.49704823731969,73.03197507458324,6.286082892141064,109.82917710164261,12.54755013168614,32.75998276996627,28.392650643432578,16.3673577257174
19.336075243661274,60.34656519001096,7.501473542038143,101.72126661420944,50.152965230106744,42.99956468755859,20.064705384654875,18.467862090659047
26.751851081931694,45.33091746671042,6.2798371576619045,118.24277871901207,23.053119182449922,34.47219282532192,37.181576895540516,17.23512624254357
20.778379814084644,50.813656636486975,6.095868087466537,102.92308860935975,57.63709213507311,59.96169720941229,26.867946122411166,16.49555473858199
25.512423210791038,30.314719597654317,6.118709285251476,39.78088300974091,18.603377790204547,26.7317286113298,50.172195445846285,13.983804822451233
22.58586204596541,90.40225674063589,7.021888478200878,47.56346216014433,47.29342196973951,51.55948936528601,37.73522029217162,18.744958565678257
16.09420792767183,72.94131887929031,5.673948834153532,157.83847540726248,58.2165466402938,23.291872385747308,28.957846597702652,15.233229291413643
13.847659904377705,47.548942573061446,6.11868854178224,100.00215601176589,33.23363077525532,57.930526852166075,34.635830665791346,14.170333470217875
26.133421242472984,55.7723272590435,7.223411420055767,128.5072495515129,64.4257394076983,28.584509325755903,13.281606490306967,19.034348493592894
22.192211268346874,50.4468528869035,6.621993093998824,89.62888283118772,57.599332549276205,41.896715439893356,37.69903525527805,16.76581255492803
22.234550915429338,83.13820817061176,6.595961002518057,98.25954716818208,55.712370437568644,23.70806813303195,23.437676022740064,17.639267292934267
28.47931919546893,38.701842535936066,7.566073230071851,86.3990603718747,60.47002381265798,26.500188829782893,30.71786429635483,18.2548761579853
30.867211383162225,61.71714088228169,6.623173976474249,173.97781994384096,44.61199868350016,48.97747047624622,24.179019897199908,19.185107727862665
23.637276393190955,58.37208236152728,6.1459069193202085,107.59727267092427,52.27878295635213,50.28162311469472,25.029452998053102,17.5779208139225
23.297006465450693,72.40257946063672,6.358961471561826,83.95426283481407,50.150773583512986,42.39358932367647,28.550943280164592,17.464599889383315
27.50071516556942,58.439861584129574,5.932283845484716,50.45380859709427,49.81176583075783,47.41081665490241,30.614662200052948,15.968220210793476
18.215322151502125,33.626866850168476,7.127968520007848,159.21200328207556,39.919533850293845,50.448787426539724,29.78467295368566,18.047624312425366
26.115765273738486,56.233232480363384,6.787280858768358,95.10164844315089,31.362018279159415,33.15823136200686,29.984123006895775,18.686431963402566
27.75942985911077,45.417566730850126,7.062207074985444,122.32687358684791,44.94712476065787,26.010385656831854,16.994538340148452,18.30715057933799
28.401151042088145,61.19369319834841,7.106491964274685,125.67991870919637,44.120781392085995,39.86296613797205,48.65639683411287,19.272715508005344
15.316236487487675,81.5126555478049,6.2928946095362335,86.11508429708888,38.94903518724665,34.227988141027915,31.855842632544082,16.130681481665363
21.193223650955296,33.90862133651583,6.027623573995555,120.17358326158468,62.78080672715036,43.88621480200995,33.500538765097055,16.071669000150518
20.608683735882668,47.996658969001444,6.474143444345977,81.87585139745147,32.41690073216581,45.48028612087926,27.28007111363951,15.205007181424
25.499434772046065,51.709605693247546,6.063619464605731,70.28720913881753,47.42736261663138,33.18349209430719,23.006762443539028,15.054025782792149
27.40372289883992,54.27553356880183,6.582478437704513,134.93394077536638,67.49509567341879,47.041085429664435,31.2082858477614,18.705393014660686
32.483552037229906,71.10188496157866,7.066048440417345,95.25431860533402,63.63694028899328,46.54138375951308,32.31421528512822,19.587365120723657
22.525172598159635,57.39683373657919,6.415930176975416,115.55538500807965,68.24440827645924,47.23317578889019,40.414471019637865,18.071839704445345
22.51213750845393,66.23704088580668,6.574997544953869,112.32762981645313,41.13829133938659,35.92207622989407,46.62094146811838,17.26021563090745
30.748360094393735,50.61340434402336,6.453077191888316,119.13795880165867,61.76432188591561,47.79922164828575,41.81617923192172,17.999344020300736
26.482884692651524,63.44886518126906,6.901363786218849,53.30389197395125,34.055444045328024,45.20002280675193,15.867768612640328,17.376383601067538
31.33825755593987,71.66696446316573,6.166108802855855,82.4412840605089,45.86189066275189,46.40184644756561,26.316654873521657,16.959706715819713
26.44364001504918,49.015506753943676,5.40177686917845,90.26574527510725,47.2736628382971,56.777885630885265,32.68653695963494,14.7338187078666
19.214416906433645,71.72037179709773,6.7354344296876905,75.05563981295528,41.36239681702985,43.27774189925412,26.79771478070053,17.218860208381045
18.334358226110968,60.78559153091353,6.993917210653997,112.87020544049163,44.57279017873212,33.93037776002533,29.64938546603411,17.640064223789523
17.242438754705354,75.68190360723379,6.723187122379268,135.60679232787692,42.59936108753971,28.89545469000536,12.83891004725455,17.707835098355353
28.310259173792367,56.978701498845396,6.179884752265993,140.35553966038893,35.26409283347457,51.27936159993822,37.313704007866434,17.607885598137756
30.942984115435042,65.71866982743148,5.932493950906966,89.8238570437035,62.84620259008687,43.57307676035448,14.99635808954833,16.332430876234795
34.2468107069319,59.39090652482205,6.747248765890161,108.75897587373721,47.263249956885964,56.700219883202244,17.420083806821335,19.164438238940306
29.215526661616202,58.55681606939132,6.570739476467337,113.36930513470298,53.02154815875929,19.7044780879953,21.882633725666835,18.519984592794028
30.814192887674928,63.88395642338535,6.437103686170835,118.63768282610587,52.45665306789282,49.10667087786442,29.219728369849605,19.353338614686397
22.099918336731577,68.05211203837355,7.411231671496895,73.65594780782068,50.82089637665033,37.38862664579372,17.018197158569127,18.63516869138241
19.217920916280715,41.25652632113992,6.026599952909335,154.61740804794897,51.392068190846445,36.46479005118829,21.516862127481357,15.667494075919267
29.250396662087766,81.50450413226817,7.387518510563733,127.79560553039335,45.41874169953468,32.35192159851409,39.19156033847636,20.0
27.088403761197004,32.10505439175302,6.51589195243532,128.57948031077322,71.27595302772295,48.99571013885143,29.101117175796606,17.489079417783334
25.537221871704464,49.72781835391656,5.582214761564563,136.1038017070119,61.41117142453038,46.13536177283225,33.468375829584495,15.847249741895462
26.93685740316495,58.58596393852649,6.410398672840429,116.02407826797953,50.2757304915653,28.576179749605593,20.11005772600204,17.5434568842387
26.61592741229103,66.18533953628922,6.979748038299721,69.18059730847082,43.29418346050905,41.649214379250715,29.569311803542163,18.052073792654646
31.419084299267805,83.64258791612068,6.3174724835975145,95.8308180533468,48.217687359063795,47.0611433068047,28.91306714950905,19.335866643459692
31.474927924084778,32.12562767662339,5.762610729380802,50.46839814814253,56.26432274557619,41.78010525925907,23.63783623274888,13.68957846094506
27.721101761701735,52.384588074154344,6.417742734101915,112.45217529097252,72.49910138804468,51.07840300026939,29.59138316705713,18.492533374153425
29.22901436281464,28.09749768301102,6.071413813054147,94.9235902550336,29.404286830024333,37.099614561108176,14.862997657416656,15.018231978614637
27.57031276212388,60.47432960865372,6.745907200543981,98.78432849419205,59.896621379626666,17.456423268955255,33.508869954689054,17.94211540146946
22.694151339826906,64.07525376750046,6.886699908033806,136.12003390256953,66.90085455167952,41.86717560768237,26.80405825957486,18.696691187058878
28.7828233745657,83.86193613256879,5.971864796125947,86.29017884330622,27.699222951421522,41.8062576940508,27.942244865412178,17.287403818817086
18.02752465570369,61.80952141340181,6.147097972442175,92.43630523683771,47.282736849030876,43.111864967043545,36.814126416934265,16.07050308872145
30.269457761479416,75.66037694163569,6.878321232553469,100.65919887889649,34.03223040375442,51.06979097967701,33.45626781966408,19.199186736649768
19.027385301169826,68.75755622308588,6.070577860850521,44.80023251759103,56.45794417515552,20.475367467066935,27.453286487511107,15.438981720174871
26.429016433973665,53.47127704492247,5.958920932086002,92.0180903271399,44.624736014666716,37.6151669566734,21.06731176710373,15.632331617982857
20.774230207869206,38.86558879811941,5.910654434101873,25.4261526314145,48.04791399679812,30.77342191998449,40.62929123830072,13.016552155986373
27.766944915372132,64.12503447437716,6.67601930647906,82.43435314312782,43.83416289082289,27.919696118815153,19.279023984578515,17.10048708090007
24.830373870360457,37.61846974281954,6.6545788597587325,125.65567160178482,60.80245149152403,39.27701000437107,35.03493522080921,17.629848558133926
17.026220209183336,79.42810609004466,6.157976984810479,113.41799674753207,53.435494408972076,47.01822030280675,17.22084844634908,16.83899908033507
27.103498155092396,57.56906846944764,6.502542698064117,82.15539068637771,53.46390146059483,43.00946604859159,37.342986425161,18.155753554623917
22.110396115836448,77.92766117267125,7.263566192077565,101.22394654671437,52.4093273762218,33.124775775042394,38.08480682306855,19.723938341689973
29.405733604066846,52.79678348801401,6.012969921540889,67.75031298608783,58.58736320678206,38.54528400456282,14.699113254492257,15.832778971248688
25.006628443672035,64.03276179601488,5.524128695494776,99.9296979055144,46.07042217715515,49.29896444629616,33.594680421503476,16.00724494096358
26.977104926940193,63.14023286002033,6.727537787860185,187.9096085647753,75.5116218131139,46.83129245060022,32.932029181998836,20.0
20.21215522492394,59.324338229836144,6.444799418049206,155.37403961115794,31.478078731722206,34.4722998677337,35.62439443748821,18.21012704084019
22.05333884286319,53.51010729905112,6.14498745659245,101.57866390051784,24.111223277455267,33.82503624336022,32.92192220014655,15.40874288395114
22.706806819494577,65.8868402770578,6.826040118677454,104.80432494746124,22.8697914708714,22.835158394010026,22.30147445767822,18.032895977855055
29.28351240121278,46.107551047751876,6.919612572334395,70.61304056096347,18.806178210613464,35.70588666417636,28.262136260241032,17.24322726086028
33.386885439027445,41.85847006561412,5.395860990059954,75.94632676146848,60.09754722230378,22.642110695614836,43.31717229147175,13.052611757086114
20.97414124128562,78.64240339990242,6.173701045334256,110.86552966314082,58.270515489239614,60.67069687386115,21.137492192403414,18.508386097059315
30.3842407232884,70.90751983338151,7.6587581155984275,84.25322303090545,68.11664737663392,31.4488184313329,32.58286366680938,19.34847317731004
14.15161291137149,60.9883741290336,6.791702457899095,127.12448784554746,34.15042677941717,51.08980855313217,39.2100309916404,16.358463322186317
19.029052994538553,84.97713573815672,6.838051819148575,147.0905704293327,61.18192182118251,58.18106207891991,22.073977529114842,18.41393353756024
20.206107719066125,55.98351721912733,7.086447139315739,109.97862354343117,50.85236093223959,42.162014085279885,18.665706823073496,18.16578649695525
18.237456552796388,79.8405482998347,6.508534412599863,103.0521161751978,52.49879748733789,38.99985743613094,19.871181330791003,16.857997573930565
17.0820580510621,62.633611273887325,6.89834208004581,49.57661125268045,59.384343430244115,26.776347439449175,33.1597708926112,16.00424154402594
27.064994560688987,44.62873874885415,6.859031021918601,122.4283073581615,38.655773734063345,34.95399878351224,19.803169816066447,18.2728397024764
23.929661511360692,87.72060287656275,6.7695207483763795,65.68986095382826,88.80873703106731,56.03965047869026,28.917119674943386,19.278882099808275
26.897026988025548,74.86066269936127,6.3389940146912975,87.4597261409974,69.97820456413031,43.51252629622269,40.97017117042576,17.85687289950359
28.452363430607566,58.18468453485654,6.58602946118313,128.78727677155405,42.024410690069594,40.28348207458837,29.58953500473095,17.614667274478215
26.32808496586267,70.90756889300923,6.205819217846611,130.89274492927098,33.638929134149784,53.121232091756625,23.77749769471357,18.08827271886531
28.28881588075187,53.9444484900314,6.506407152283248,86.00477417949648,48.681437572929624,46.96290548455716,31.003277381707086,17.744009174755494
24.652338568788654,72.43723552589313,5.915754553950366,87.73253395240042,52.73387665373063,38.52126852220237,29.450617167453395,16.91220246812658
19.065033058471275,24.133821520740607,6.104688004363524,79.02043380229985,65.98422889562465,42.16255835673597,33.62126111042594,14.79168871275446
30.28907090410398,44.70297999458109,6.358843979037535,64.06438764022268,32.46918632647511,32.319349625686925,42.95315643055082,15.649119789758025
22.054439336094365,74.68889616430444,6.028147284284962,80.95613553687275,54.282304147987496,34.38959353636414,33.174150870695804,15.85467477468435
20.32201850618787,56.25516692671621,6.247491364627412,51.60609943255934,27.064774633778164,37.93701370741341,46.27026009412723,15.267111728414264
24.11041062097801,63.113134423331125,6.418037011622242,120.49187744524795,56.54536390116678,45.5747106237369,33.64241522782034,18.10041697902371
20.435945403517437,39.79821506826848,6.701131172332189,111.83570815485628,48.38743669312924,27.526370273099545,23.861349658335648,16.424116967048448
22.91284809005284,87.71800493553154,6.974628650926455,116.81587854611539,79.05019643428645,40.762403304227284,48.306423953828805,19.894801847213177
26.720269607817333,77.85794465576515,6.268107814310946,71.36787848274572,26.80996183670485,36.10137839936935,29.001455861238263,15.934244892912785
26.741708696230635,56.98972172437006,7.167552308634312,64.14788309454832,70.55912572235157,30.990707815337952,21.56086214487196,17.52373446173244
20.510849667871852,53.929562147050106,6.969305539312747,101.60542822940681,24.442529972506723,36.15508450508346,48.58982930903947,17.634856043684913
22.56147313525628,75.44406542129539,6.752046915971971,101.92307694850676,30.091845883902437,16.78596736949778,24.135064910556164,18.240845321516012
30.371665023851218,89.73705675253392,6.57682456464831,95.58190517461163,24.843581622917522,32.42411325971621,23.820884543712836,19.61649501212957
27.482000588669706,74.30640383717031,6.6595604209342705,91.31550192436451,53.75528912676581,29.00513117924044,25.58823593564473,18.69355606976069
35.37532519674271,92.57704001094903,7.0935255753331905,151.3232733308316,32.39451783869399,37.200839573992354,31.31701130657764,20.0
30.90064086870764,46.16473006407123,7.111789829879637,112.78075035378936,29.77502742079193,17.20210177036067,37.4468911795911,18.555635803944853
30.721465342799696,47.70919754251814,7.167473364191822,159.12035174399472,53.04151402435071,41.90892743509469,8.809667090494507,19.592314335583527
18.06065724772099,42.165883229199764,6.520663415938501,138.068950762949,56.77663078812036,49.09423296406863,37.412003882492016,16.735597889621676
28.819301758167114,66.62640974474219,6.777483582499307,151.09812778052034,50.59773956225489,38.82703627770101,25.563723181362953,18.246381642955285
24.734465991515446,62.634053247065545,7.171773253311025,67.76611700931994,47.56671276467671,44.98791873404377,26.69684445471893,17.80876441041265
22.245090982308753,57.72073314792022,6.188141982541803,117.7951297299409,77.43364448655767,34.87269443598757,43.72153448737053,16.79112668393086
25.840076702662643,72.13887942184948,6.340791573140848,87.04703533019881,52.18754399362955,24.453788762241263,31.706465278952,17.46781697820412
29.726057673057415,78.48492907821996,6.508018331506739,50.09839865921401,62.08537210883374,40.01691321285653,33.58161078292081,17.52690809475905
27.504157955021057,37.11506386069737,6.949799368989703,144.88009508666576,52.14383188534938,46.80378376985219,29.611519081443497,18.8771716155978
20.607630993289703,51.045419581483266,6.957586075359312,91.18922422883112,33.53185567617974,26.756118743923423,36.10914067105868,16.493504143280532
28.712294567963102,72.30215391184589,6.384567944401033,68.34695109199947,58.24831522853025,35.347727236781644,42.944084583639025,18.248741296884038
21.81206228962018,52.98391974212127,5.745695272810145,87.5630841025392,40.16304032795312,37.528835990955834,10.199477735415684,14.085090533017224
26.08341559482143,48.02690885462769,6.623091972147984,76.11327631678542,48.63520792941146,68.51407645284945,38.676943925889944,16.827679374751533
23.48324966261433,75.27806141475592,6.040841931335799,79.18906097149998,54.5810402284014,42.23371194719892,42.37626451100282,16.50090006293406
23.905668741321872,40.6574989541403,5.755031897679888,93.35189829452051,20.878728996700357,20.944264211362228,34.00850598320474,13.857222499162319
28.831214875202548,55.47630288313343,5.868064219633141,151.9244557913423,25.857468141624068,18.4714909815779,24.58110061836121,17.31400580176088
19.799031400920512,64.92966038707213,6.66319050392278,80.01048350366123,63.64188758746345,47.3049883026375,20.78182041679858,17.0542464422576
34.72597537138466,51.39270129134822,7.180518680466403,149.77811992657573,40.043803301015835,64.85031975996529,48.894765495306096,19.836893699596796
15.894569653527519,71.74733484019762,6.519447258118122,125.46510387938565,40.75517016336708,37.19025515399281,22.760130507017088,16.832643485918588
22.011661583725715,51.466845372039465,6.605690327322982,111.88814690758258,52.4965759605623,36.591804079414906,42.14113256845001,17.1451086908775
26.851059449708703,81.12929240168879,7.091447469438963,122.44360096755625,44.21491104317196,44.30774176197596,33.12409059580617,20.0
27.92157083217655,58.11380553756341,5.7277725454582225,100.40966991512373,56.26382572464184,32.01703591654891,46.36664644811857,15.827801759958572
24.49762139714147,70.0690520505803,6.760088210800136,138.5815031159028,49.23317316900434,14.55845379571327,27.453918685521074,18.909976389974272
24.713046484992287,71.19035929474225,6.49420510784059,117.00940789801302,52.979044252706736,50.37264389275686,17.1393526110649,18.98622132620355
27.052750426638084,50.586899958838906,6.783028729416033,50.060020449234614,39.47212414636621,33.868178715981706,30.01736677756754,16.761070944796597
23.8446526127116,29.19770177016167,6.258258045798092,108.88755795669896,52.903922349213914,50.50117865821371,18.108418896796664,15.051874570561143
31.96590628967453,65.41133631995753,6.091031354786759,123.51919428977845,66.57633630253166,32.3901320968932,51.416484249660776,17.997471596694258
29.19674557115801,61.08432520687304,6.570254452142803,91.32996344196349,41.48377675828702,41.21779127460538,35.035985792647004,17.583488298183347
29.364121755028172,68.3373904136269,7.324595661667231,103.78767618141798,63.72977450408227,48.548319474886945,36.22504359483566,20.0
20.169216383147916,56.60208791425743,6.930455052270731,81.61426015976778,49.22659522516026,50.70350951071872,36.23016226420844,17.362814976359353
24.603057877971487,53.54358451798926,6.246153614909955,58.67123031809319,61.01722483966907,42.32988667481424,24.451282555013385,16.491092974113936
23.497670256396482,90.12709516472549,5.82951398200936,53.4886938720628,51.931569775296666,41.83239095799,28.94375605986356,16.061200648152546
19.97199312155267,37.91468907733833,5.658966358151107,53.88796038793409,49.4988361985311,46.197061801791115,30.882917050878174,12.823716114991415
26.800820919728835,71.00925717546357,7.158049725925241,120.07134227411596,55.24594523114549,44.64169534394152,45.551107707355655,19.40991661447488
22.31177121110092,51.38097212724914,6.022458855932086,25.29154874871014,68.20396343453373,27.088194658286866,20.743265611341343,14.236555214423069
28.277019149251185,54.96332073389367,6.337243293502532,80.00560219109556,53.541459413226136,27.27917645696158,24.171328881961607,15.944299931937318
19.64904218552834,55.24345751139052,7.160605563038788,77.03040144263866,57.17796246362596,18.909408969791205,27.096551150191875,17.284631399442695
33.5952030642091,47.94848588743114,5.693049272260504,91.53521392037607,44.47272629634948,47.665080008396465,24.61082672711487,15.295477510664004
20.51833670703969,68.56836315354359,7.246132254737529,44.30705350191392,73.56329710992539,36.042702262889996,18.328588363859595,17.745169512328708
26.09651168600218,80.85965393924936,6.373179773053749,112.11664284221855,59.60505666394507,48.20197245376302,8.362363836600597,19.141222326352676
28.959296551940337,67.05020491869992,5.925708342380631,61.80515817520303,51.16562690037509,44.03710573454491,15.385244274630132,16.23402894182788
22.146797848999437,61.55072994318143,6.376324536425543,133.97216622127806,48.16019491617989,29.975733184290306,38.79223946065192,17.01288876673412
29.26234321716475,45.203392513511304,6.138701609299261,81.34702937233503,64.66862403909666,38.797775664652214,29.934248792166237,15.841040494599412
18.85408201099792,67.75237898736677,6.720409899452858,97.13160929764238,40.90693884432111,35.45177948335908,36.68431133003256,17.35024528801243
32.2605884959128,92.34524447593948,6.175933783056111,100.11321569665618,23.256874755930006,33.90776519736438,25.339891232733102,18.41565889110933
25.070746324828793,54.28958064307361,5.544178894540479,107.32723158581716,51.08599399136683,49.152873254932814,29.213314717927254,15.045110293775746
22.0179429601556,54.36024630972201,6.389718732795505,101.11043132488427,67.85006859671515,65.10743470547672,42.90526000767107,18.025735990834104
23.504091137862826,51.58366303528504,5.821727473856731,87.18668353802104,73.8696321677701,51.16203641743548,42.421780845259335,15.588168670666661
29.044596346963598,52.65878648258369,6.60215994199416,110.29145592082129,48.390590848491804,39.73043632642596,37.53577706073819,18.120554801633833
22.077723540747808,20.0,5.906434833858338,113.98441391484863,50.65381495912675,52.59507759956124,31.619342298323353,13.2676568876317
21.25321155288611,66.07553078783569,6.255993598413957,77.04595998671138,57.792956487739325,57.12902650310804,34.14375542039392,17.0749833440248
23.89231701208131,47.31671735468079,6.591293902107168,112.79103456920672,46.03475871704352,26.076292176897027,32.96510638916314,18.49509094891547
19.11518943615016,35.846053218123,6.393770637482866,135.75160907205088,57.74608922586723,52.248547613625306,28.66458565076706,16.94369411012684
34.10271953970908,71.29784924598823,6.625215141500522,121.17682588313657,48.71897373397598,47.69682018743205,26.765041524476818,19.104882340890953
22.168027043926383,43.76973322437096,6.840143582858879,127.97125724941561,65.1705238578527,51.881190566564996,38.97894356240901,19.052993067593388
29.158083930902016,54.91996419174364,5.921033150134347,105.15762546722337,60.84470769646735,48.13287456016901,19.634979608830918,16.554674699695028
26.047350418238864,81.9966358678287,6.467801229687646,71.91548661775363,62.15341748453649,37.722709924658595,41.89886621798914,18.434004675490545
20.07732974759016,38.8617630296323,4.835248101245935,75.71066620889064,46.92023532796868,60.32870644182767,27.796457546017486,10.70642139617202
24.970226453936352,37.01102648103357,6.623666650841262,109.59663903563235,78.88890980753392,43.39598608582149,19.48757196241854,16.952816283898123
28.92001389655374,64.03959284343507,6.349592934812579,128.2829117545693,57.258679135692084,35.656729793057465,25.635961138427103,17.20396774776275
24.058693324568466,77.24231046015552,6.008275118261015,183.57735741982168,53.70941080230247,45.05978015040374,23.00473690326981,19.32721787942306
30.965564729255142,36.38487423402056,6.657859711148262,129.4546583331581,38.58585529149543,49.72395901727861,25.394605183169197,17.491785181956963
30.10757696390932,66.11534605255765,7.086348788592534,64.88692727507494,48.54392269777169,40.94761075861996,25.24837185050268,18.4117488084317
29.594574273291645,68.71499309942539,6.261991126200528,76.98182282920052,51.71569641053954,43.93136383522225,24.930441828998216,17.54274274918973
22.701716138635014,29.112592744615196,6.02759275487914,168.35551947867995,38.184840553635496,40.88367082103651,27.53634345488132,15.731180018138415
19.600787761092565,71.9775200686083,6.582512631219356,93.56833204069665,45.61524281346368,33.399242668993566,29.48181334351142,17.515652361776738
21.932061973186027,73.1490881976327,5.83219666667682,101.42543904283866,47.51299972845485,31.78175541372229,36.11087708144774,16.848553048281822
25.981204703333603,55.32321640115963,6.16980931473223,71.18749238772314,50.83880991384827,25.97183713428413,28.040378944103203,16.179038051991597
27.728933567661777,78.78519543447013,7.111201080825251,146.9531021672273,23.559395149375938,55.18020034046745,32.60816645302076,20.0
14.142142976197762,77.04683361487268,6.5310896149061435,115.00999621961876,47.970941889436034,37.76582751870339,30.0602504963883,16.984907949365905
24.95943399194125,61.54676888575807,5.560266518026917,76.76195956344066,44.33980725380103,5.724248982447104,34.324646163943676,14.560056916950076
25.790446126615922,53.228319145125994,5.601504176360299,70.18524133428186,49.6867377556265,43.965330792795086,30.373402717246883,14.112714901620059
23.612278718422242,45.407581611255644,6.581042846323387,109.21611837693617,65.52914849270384,43.75827104507302,24.82542579746424,17.28603336434674
31.456369195079393,59.43654735950713,6.931195287958844,101.32618524641357,80.78593238181809,21.334323171696045,22.65440277887531,19.181750379900937
27.108900371254354,68.54638379556269,5.691189270686925,124.96330651663382,60.17565799466941,31.67603791666738,31.681836788033717,16.791213387913658
31.550959540404484,55.137347084390385,6.724856303748254,116.40905419381599,31.483667419004956,31.237109654390707,40.18702791920511,18.066077927828342
23.92019739824884,27.037484921069552,7.165171753744859,92.06558953694132,44.81889572251198,32.577323092077236,28.167002983922124,16.459738127973697
29.687387462534623,79.03070841864856,7.4439294939793195,83.685952136159,58.93944963246637,52.1277586170357,24.393090769374382,20.0
33.1753319726376,62.85334832767341,6.665611379929938,95.20173555103499,57.24935744643535,38.511224519331634,27.950634597827445,17.894835145987685
31.558467246363307,54.305632549847495,6.753401297276237,83.47957460029713,64.80988603179611,35.72765115183849,25.508843912780087,17.525039886325484
19.539292032856334,72.85737582634933,5.433407786185928,96.09413401585715,48.53973508564106,51.22389942220594,24.664155847104684,13.985096731919182
23.731619612288096,82.86957894724134,7.549876273997994,100.49322785858145,44.54749633451741,44.95347745183705,18.451243347997984,20.0
23.274176472751016,20.0,6.21225489345194,73.06207319859828,76.28636005874058,22.59021742023451,28.044733709904893,14.716811221953625
27.44627267538164,66.51395474883107,6.0332644207874795,118.9203958629364,50.88005905054457,33.83376360832097,31.886217230747096,18.04872968932154
28.431767775072665,38.60026183784479,6.3723969327801875,88.88716856590989,34.74988435968328,43.21962087133946,21.344766742415587,16.88945249220566
20.80553662987132,67.48665760198412,7.255836707092715,74.7434694914397,72.12700485549381,30.66109865987967,22.973281997857168,17.88532754243684
25.33919256958469,61.91890803561869,7.604023023771774,89.45177715154396,27.558567629083328,60.29554788421132,22.415504044094295,19.132571730917682
14.900363339219318,69.53589789660825,6.562704339737922,107.26774469860858,0.0,41.128787636525836,18.906576263630384,16.030280168781843
32.20972502900945,52.51128578258017,6.999042086301827,102.4911459943991,61.54080137056361,32.46623660422475,22.355263170885863,19.385690379316593
22.43812879661653,31.901398322712716,6.521602024342752,112.66354344713386,63.66051456536947,28.770563566639503,28.417148569392328,16.820428143603948
25.279319699222484,53.24447713114998,5.981102263490908,126.95038375226586,56.21019412917036,49.27527588035703,19.263537551641292,16.791558607899987
23.451751430059694,66.10271452709675,7.238371835394146,139.14820612024099,30.46315874011925,33.521380630060435,28.899660260281312,19.100102632628225
30.730137875067076,75.23088493012835,6.188936259821806,108.56458488064159,49.116952171365185,43.79924178291707,24.372265660316682,16.498171336431714
10.812467793013106,42.422530492912124,7.267765386685941,67.9179283829351,45.827471396691934,28.48480643125567,22.56814352943764,13.934264037027903
24.916948288370456,75.40590640309526,7.149270664884542,91.92667592409097,41.94066483661416,40.70197791524503,33.01767053098506,18.253622712088596
24.47090621251151,50.28191565530218,6.807018131978604,69.87044846850975,71.18104146213919,33.64114102116539,24.87899515748878,16.37360238515044
22.731818062041587,65.4367482239179,7.414487378127177,150.90562221136844,34.30000912052466,36.84605586524946,26.239889071458798,20.0
33.631132728178166,52.35159070701551,7.616173016592869,159.6220264758149,54.741566796596,32.03719199614543,40.38405448000174,19.832263162150035
20.563352705721144,62.73255941568153,6.4123783185178445,119.50933592489028,67.91070475493862,50.25626277808271,22.63955493006423,17.070044573849003
28.858980886178305,73.37816451855412,6.095602940791784,125.75376527917092,55.72162287978556,35.08996024875674,42.52699638073891,17.76534909059604
26.78126394353042,41.59478884067196,5.567865081371764,107.52829579709977,68.61677558743061,38.56542805080298,27.217670967578716,16.101042411334916
31.307596262677578,49.80141154879753,7.622341127715128,110.98167746382374,58.45572083643394,39.04857719201256,20.91092293702428,19.304763832943223
21.664054576112473,62.7744388101313,6.280158995540775,52.076373450126326,56.44024505738043,56.12270121633628,25.568413271503864,16.577738827372105
21.335155504381206,96.02375491545529,7.06751842855087,97.78202904229269,55.50252303248221,48.903085873913994,30.550199252978967,20.0
30.480349537386992,47.05215431749758,6.1293723162452585,73.56540812961221,59.20164899975225,47.90680758277959,40.036030878725704,15.190902080872892
27.126606541650553,90.60200828995379,7.269132820456018,108.44069612615111,44.216913538816094,24.221133769736984,36.39059846850624,20.0
17.275313266616205,90.06634955512756,6.149941204092293,98.21170463834397,30.471892221908202,33.43607612397461,30.511254798685663,17.12752513255129
22.30347492768365,58.540332739476135,5.904140433191328,158.40465887038343,64.31065117194964,51.886187158289154,40.079647851912995,17.22136775757997
26.931913269240304,55.5277121070015,6.395746784523125,127.49883066168525,67.4261345075865,28.290691845783503,14.951703617060115,18.698941817477557
29.188821107732945,49.619022020029625,6.234112149519182,108.53535947564934,53.77968216359066,40.840135481217295,31.995532240478834,16.848586783242116
21.603846734035226,58.97696204500996,6.798149892730606,91.99180938581122,41.77436570548445,29.347384957392112,32.479517813004804,17.244660297849602
10.428720050915295,38.89920851160663,6.474302536403738,150.2806437627979,26.63424325205543,30.350927445905935,32.57713974063187,14.440295247529813
27.616115928685165,58.856414740191035,6.813851197275961,99.1013606162041,51.28710649885082,56.807856528642034,17.118790672090327,18.935379563268576
18.898396550280122,82.45320410776284,6.354489263457353,109.95021884905832,29.765744829230428,47.19270641576389,21.864700786572214,18.00956773619384
14.913306009387943,50.83372406284924,6.167446314490597,101.26748813280506,27.665187460431117,49.83140227794587,28.66820462273819,14.886872591972773
10.838370375079297,56.38913544016424,6.208219726051963,87.87538282878032,49.68902707976461,47.83741480163779,38.918332039691826,13.675886591152166
29.069904300988707,34.482892885991376,7.522469399015513,101.0951866715656,38.54345748217978,38.607116377704976,45.32211596574129,17.905434685992795
25.643087252024834,65.61093132196565,6.612585466113468,41.14099447965052,55.17964334247156,33.08403292096103,24.68451798733262,16.364457782415755
23.87171809643874,63.96722527427061,5.508118895273478,53.568807962764375,47.610565961571886,35.979097405825065,19.52122566423123,14.688554532787073
31.94512181481381,60.95553539648656,6.239895493272959,110.48891625008882,40.90048150666085,38.081735456132535,36.526091491400976,16.841946448429173
28.186623415115363,56.74759424666785,6.548433016237937,147.0459907158246,24.426273789065515,57.76286069327917,50.914960090407064,19.515533917515246
33.08150021360958,55.60863121841318,7.42269984062519,110.44663312432506,37.20667811254464,26.636435689704705,38.85552506640948,19.867208401614906
18.036322639165018,67.52850350551007,7.014349357944949,78.38893435310038,37.757952649233644,34.46338551381206,24.01093820804779,16.784796826558875
24.82724688023018,59.56775097617065,6.039141081759042,56.71438737797994,31.62038489727557,30.870366336946176,52.889114345737696,15.248448410697144
16.91643312525993,64.72457807332998,7.709177876786225,123.53581781426915,45.064335571364225,50.5662319752048,35.494396963751306,18.536730948171048
23.853088340722664,63.22474226181822,6.484419817599261,82.98414546954697,32.791220132380225,58.53788259339097,23.67189429126645,17.41513748650314
23.756920731166613,76.85140930643642,7.123164905537472,119.2970625565768,47.543858790631774,43.08786359826396,45.474417330701684,20.0
28.133068186315352,70.15491146062581,5.9224957513000485,111.69595474197152,53.60616820502984,43.91015834843584,23.040065508809278,17.86730008041688
25.227819405709493,62.89292764725286,5.300918452374551,114.34901176764068,37.60745068416233,40.913209230419355,25.03129185070445,14.530985497391095
28.11703569139958,82.7763304597827,5.795784254815819,101.00805122060667,56.38112944127877,44.37478989281125,35.812966578729,18.07973772088969
28.51720066569447,66.30402793584842,4.874833261902147,111.50933154908924,29.579631931284446,47.73155162357627,29.80075745688596,14.272364292288003
35.77464338691571,79.57444033185628,7.556044663626454,96.41636796230995,33.31733902405564,44.25640512886822,30.296057056038137,20.0
23.423516723569378,69.10413912579956,6.607266459443208,80.94080396895389,48.30174053562846,44.98834328278294,30.309532013142377,17.692447341935708
20.294886496668106,32.37121381602685,6.037677990775984,71.09502818451845,60.305616378329574,47.75414363493875,38.91583940696128,14.973778439698723
26.230418076582044,79.57252144978995,6.726312014990061,28.44973606087064,63.010993122339,22.21721898744933,11.404874882307016,18.028595859697504
20.988599864302284,62.02764362014003,6.594667018090083,94.56671312786472,74.18585933236339,40.020089301457254,32.27611108709176,18.111804922802566
32.40980384218268,59.22067843648833,6.810466697806996,145.58134548855858,44.35116687773735,43.052090420845175,27.678372983355857,20.0
23.583909805273837,64.22022521234365,7.104765700568135,121.90240277612791,48.08748021982543,44.16148180519291,23.98003173975507,19.34010765141871
22.17211816063005,54.82525257064399,6.355039423487493,106.83127355427875,34.509867064730194,38.291137382160464,23.95890865653333,16.765324348004118
22.64342139424441,63.40543290583418,6.060080346949507,77.97985017132547,31.193505020134655,41.60751499797152,8.903122646246242,16.44133406192124
28.592087117358204,51.12185900485361,6.913887607185959,129.92017677277232,53.428581294912874,32.80093595319232,23.612655171190447,19.665582390891856
24.211265083842573,79.11408388101555,6.901166388942233,96.42072064590926,38.36192750830636,22.251552643022702,40.323701799514694,18.52605648884232
21.79166589934809,58.29617829568424,6.550367904060672,147.24802941367176,68.48568800025936,49.83137101305657,36.65643902422032,18.352459924387986
33.32675958811765,54.2612423591635,7.5887770943403865,70.56738210115957,28.064214021989137,28.656283966804967,28.46894590084406,17.89551189982083
20.71915079669125,46.126112764210895,6.281088938569174,77.50091416082032,57.29529808737045,38.395461368862385,18.70995422527475,15.596659855212982
25.17783037016497,64.03163683722963,6.0500710141823655,74.58190167341115,34.913911417744565,32.50870367097994,36.574958178073025,16.511499020058373
28.26153075805115,62.80660650187638,6.709045713753301,55.536448886979606,37.69327299841875,55.870092798760794,40.47878729328335,17.083854788618172
16.843324447914632,65.82636920516259,6.162531071543251,71.88865944424712,58.086680978780464,39.20355285491285,38.27355736638132,16.080054703153905
27.401302507029623,44.591221687423065,6.747758262072448,103.09648779297753,39.86179345838137,36.89543537117934,22.25019556010904,17.119774078025383
19.724461622597754,35.98228201782641,6.08349587208028,78.63396925448117,42.2632389872015,47.47865868725982,23.080970553098503,14.030765474851552
29.113913904170012,69.3838695375984,6.299878858534057,0.0,37.81762454672647,61.564741676081866,43.247290070753714,16.65072614987334
20.186744940405116,82.26962792814761,7.4454202100195825,132.22819892260364,76.77544687420162,44.05689527058088,20.325831668024314,20.0
28.463845159244304,44.604695664151556,6.2972063216261605,49.47718811957784,40.73770533379986,36.225805383681646,33.82570692412457,14.817036353529472
30.529165331473564,83.84161925342548,6.100574227991352,117.67684854659912,50.77328326149145,46.965939813546896,15.778110823414444,18.9951654425691
29.307182628164025,64.25866588104572,7.08533939435325,100.93643769008695,46.97129599578388,24.273209314184346,27.597477061008675,18.853570175082375
26.256583241190512,59.89405643173755,5.974479024856653,163.52118449261027,53.321255925863916,40.46429260064397,34.681203205874844,18.404052648286395
23.8434952853515,54.03676955181333,6.153528384926466,129.9087244456786,40.77894579551097,59.93957654956412,29.7602723428631,17.49719237963827
22.11790211832578,39.23222970862505,6.788280560254497,84.86186213545078,46.98774148187525,41.57747396685772,34.19130656844086,15.546574285712481
32.35517345408552,74.815927738869,6.969205711936646,78.93809312934064,55.909280134909025,41.077776561576485,20.190359394770034,19.841506711689867
21.502523899161783,48.36590457843595,7.110238195540537,145.08183042397857,37.05489292995512,40.206365403575056,23.439984284034757,19.282991076549617
19.814669632150018,48.302899863936,6.126389083889758,55.72386708695765,66.33982034942231,36.04523719573801,33.854547027990954,15.269561717717043
28.32684467516415,74.87889464830432,6.79800433649306,105.72639807756124,67.7822077856245,43.1449067236487,35.575105136419005,20.0
21.01931598406752,31.7552482999241,6.26694590022791,96.06638610250984,59.09738939238109,47.75273011660303,31.7585028245029,15.141984871783663
20.249682512669363,37.1460328399775,6.1971721832446836,89.70321793885972,51.04814575394725,36.68179947509225,37.5764619332665,14.738832779219209
17.781978689151174,59.727986347378774,7.1016063911461424,110.60541953345276,5.1409782769319605,15.092482616991791,16.74233649142979,17.130722715001596
22.585450802697412,64.39926643507278,6.225222802070207,105.68679581526027,56.36436698981694,44.65617505278754,26.270416397225123,17.577298610509384
24.586424880517534,67.27101971953385,6.63910229801049,113.72202228375232,44.13004392156704,61.33126076520104,44.58147018580947,19.089195771027853
26.215458638303495,55.47302259905621,6.57778973461532,104.16926957089852,46.3058838287369,36.237385919438694,40.26775063194976,17.4316296613578
29.75653122149742,97.95554502962534,5.964622811830749,112.53044215051743,21.53934004215775,25.288366172433964,35.06910532006035,18.170890566689867
27.634489618328967,56.58161161851249,6.98304642767816,102.80095578794784,57.403827288112886,46.774129847324794,28.757064213155974,17.90376007971037
24.045638902234103,56.53820771845917,6.780140446839477,80.21719338351056,28.271284297595685,57.43832264184003,38.27852502679975,17.724254334199284
24.0090216181014,48.04519996779184,5.506854694064789,100.12003780709786,51.776368189870915,45.29373569715235,33.43313215729285,14.264169376989436
27.550787344575916,61.858602247816066,6.638710555618672,78.5684032088794,63.569862228647615,57.2470005416651,17.860477083142168,17.801593747319156
31.362850814642847,69.22441848070162,6.113513282916689,76.58870185807449,42.96007728023672,47.93668545625713,37.96609957644903,18.041926979942247
25.631570997416002,78.0536708180019,7.0485376532063135,89.91549991846745,68.2407758784266,47.06850985677693,23.071652685422137,19.776430331478583
22.654345728947956,37.66073603339673,5.777300081609621,96.41730517792473,38.7951443268923,34.819993172578876,36.07750600014542,14.420747833605123
20.035669994572274,56.31006992466449,6.321761515685228,101.05675919043432,59.00649615096503,42.85406890753217,17.072217690045612,16.863686754483272
17.773973677938873,66.70055416213717,6.681012275494233,127.49136482089992,30.42821372812209,39.70529043282223,42.79215465680167,18.372419737946498
28.331348360217614,68.80586301891803,6.527170147070938,85.0460775237747,65.46695652020786,39.36264279433348,27.800828969583044,17.35139107156428
27.889892618197784,60.09822986706809,6.881479128356986,105.90555779424461,63.13985573868935,37.46134872048933,21.125309342230587,18.389273981191195
27.886817625533308,68.13635954298152,5.740789006995355,103.54083141831457,57.02536884445595,42.25613467458554,24.49195813543381,16.41723256267365
24.35670276823972,47.86554160611299,7.325957168433689,81.74115137601805,44.10073795079283,27.036550158632735,27.305207221490356,17.131240893881845
32.03467372945875,83.36858148477535,6.7625723293941356,102.21222358619634,28.96999064857832,48.11718399281575,29.953842268581845,19.447410462475286
22.57940752707591,74.88942154469144,7.179859106500448,130.0816424553194,44.14039527170814,31.222547072198033,40.54516509071732,18.8841501483096
29.776346186036026,39.82608319402242,6.9371200846166206,105.595186506502,66.65460763622184,37.49728774995292,30.561140931819263,18.40089256770645
24.806285525052285,43.873454278248666,6.494194942772478,106.79751787081923,51.94942807353673,43.30559893035165,12.632665618219832,16.55539833630804
21.95824617660331,44.296173748396406,5.85790089454442,78.84015007171998,26.704446057313255,30.72726581604488,20.16209190264871,14.226436910569133
27.962651536588808,70.16954956344793,6.21822340937565,159.06576553614627,33.12908540870088,20.335369376947472,52.060278339328804,18.659519466539024
27.048180593419968,40.72908350373799,7.294781666431288,80.54930889032497,68.7972710127842,36.16953322302493,31.08311036530341,18.088800872580638
26.78486379633463,55.03463498687879,7.192718890828191,49.966496183575664,57.318691281918284,25.689025074163002,37.60632091208388,16.346791390128143
25.406392110280994,66.8205659462516,6.190200009948155,125.8055236065423,31.489998188901083,47.12310932670471,27.533230884049292,17.878293300818562
24.810534591415845,59.00751098180348,5.090847856898911,96.55548881054722,23.512527557381098,28.46496427457874,21.9631094863451,13.043244736993747
36.94185996435219,63.88331273569059,6.3936551328474405,90.90874537158774,40.624367980999004,54.85155563709162,26.14974222094557,18.06408200481353
30.921283225980865,44.01295932976863,6.356148555935442,83.63338658765419,22.22961938015121,39.94207110764775,31.026608672467212,15.679209882890495
28.61413447492756,68.92281560095867,6.3751136939798085,156.15143872947513,47.66248264989499,40.591741945942296,26.318109302183462,19.32867208299902
25.55899579101694,50.80182161286005,6.764269600915701,110.63770835814049,86.77438057754456,20.193686714553362,45.34774213223812,18.746477749727244
30.035786002983347,55.130704884030884,6.938106289660832,116.49253664935254,26.045658864512422,41.44862628850524,25.069977646187002,18.638588762609885
27.58997388195726,63.56597591858979,6.9951497735497625,104.87846870746802,47.20961505190677,39.198200831267464,21.561315117997914,18.482302953810564
25.13102376387018,61.54617332296272,6.722854570067684,108.10148840335589,69.67889862996877,27.009109650745305,36.47042207761855,17.985698531632693
23.482178373670425,60.35970028523389,5.599614649038682,141.95873831678242,61.23631787450143,40.87268338796809,37.456020030759575,16.48423187670823
24.59541331168656,48.74059767034866,6.329400133653352,92.47436016316915,47.768889278012935,36.02076989192576,30.239816972307885,16.663405908773097
10.0,55.50675883201212,7.652044891774595,56.291873634378106,47.80476994747705,37.83212182104641,25.182851019674178,15.577215645652371
26.05300419648821,60.03275386255554,6.6871083674012395,126.0416396268333,32.66135326363131,40.25881762194046,14.79472948661587,18.26335162164252
22.557619599448202,39.37372150249373,6.683909784221933,114.90104836727176,45.9851634499167,35.285457868417986,39.76577217955288,16.95656611814419
32.96334999141442,53.06200550529932,6.679742969886929,103.23939438655128,53.65161071360195,42.46456626948868,36.94848727937368,18.153930283496518
25.09672035405877,65.81519818549269,6.707689811252995,114.1225972464336,66.57670314911135,39.13444517649037,26.480893442007236,18.475724639964415
19.05518290232519,40.83845094231987,5.308443909457038,88.87767339117478,40.69736564727866,44.72768468386575,30.476579827437813,12.840646771532462
24.750599229359413,77.3487247739136,6.380237841544465,100.62077748562778,47.152473079048065,34.713254060280086,28.186582539827103,18.222553508075134
19.769394574687478,79.04419893899764,6.481053584102655,96.0489923842027,35.761797788649766,29.350802470660405,43.029841930290715,18.186806814599464
27.367037078562333,41.32274136059871,7.140747699626706,82.2553522878725,53.37987769310758,32.911314715618616,21.696653576366188,18.025977973013234
26.454736821697427,80.36429449575209,6.523836447311148,135.6751834931501,61.75669175463445,54.426567688517785,25.03950804784064,19.839769988073176
29.78919815554134,57.84627616931798,5.676744306699029,57.632241177465986,59.444720201448426,49.55966526206746,24.26619008748817,15.432875119496734
21.045591041527175,66.27771838735582,6.715044578085876,170.826465154389,32.44719386836467,52.13379132599109,32.48129029153819,18.693377317477033
25.170040481140735,52.5502342180763,6.098087675878627,126.32086627619427,52.20294814184622,52.82713958170219,30.44903562957818,16.949948425735325
18.174891022866824,73.84567240840143,5.8916071794592915,46.66073395892947,39.84031207624717,35.33681942826798,31.60054530770253,14.889325742638285
28.507473909623574,66.09141028273001,6.08292047664171,93.27501011527211,65.1657502347925,42.95811935408463,22.95514299567067,16.44281591338198
27.59435590220061,47.78770115103595,6.771252114832258,94.94362252289326,47.58030915839693,40.758390028479624,41.87917464328316,17.82724895550209
27.479025105137854,42.521970000520675,7.129380619880034,111.75659886826337,27.20729992638374,46.595385255914216,26.367639142230107,17.52935797820801
25.008095156784705,38.09546347186166,6.741464972588793,70.31865187780839,46.702959415884,37.108317547690326,39.5007195951722,15.876557100201193
27.073864453943955,62.81912664649135,6.816011611808511,100.96076030104652,56.87708853798322,40.92974157091004,55.11291197825075,18.417035051488885
33.02169554154298,68.58707117669604,6.736522636419001,96.3664180563206,53.66009094714199,40.72271477619685,23.013311569484976,18.825828553338653
23.57452871478993,69.76448518169163,6.550663588430234,77.87144912279683,42.3230597952203,45.322623999156974,32.73907919897037,16.869128003781768
25.69322591855042,58.230283580889335,6.848465317481379,73.69743305586304,41.220899151932805,46.55717221071599,28.947170893952645,18.039437522768242
19.56936850409295,42.64505316503454,5.290612266465289,127.56413940107072,35.187434026755255,40.936710323402004,46.24705243938264,13.424114517758792
20.658695192008338,49.768878029643254,6.555544175652416,49.102523798722196,44.078755694970404,41.23990784065808,27.754768580119205,16.5061250265955
25.489066465466536,77.28522958442889,5.9775374826888745,114.33636808288153,37.16481550211296,42.25898020748704,31.989531820144688,17.621516825724402
30.519667733509536,52.73057153099878,7.0814512862720695,123.92530920634373,64.55128979265973,56.465514206230424,31.814946556090614,19.663173009697307
23.71859587874214,62.151264460222144,6.426422347391569,93.4432498498475,36.48293913902575,22.700022086830682,29.19680984041727,16.50109721215818
23.82041735343938,43.86524274637669,6.515474044133915,101.57118519174988,51.834266935433014,30.303203387821924,36.04379014293476,16.04128737403492
22.965573777478127,65.04874568188552,5.747464062873099,134.90484999092143,50.81455854989499,46.73679596445942,30.747171203640356,16.876997631168887
22.326216645778384,53.134731574813834,7.008415444506426,78.85445467827829,64.18501171827367,42.697843988390915,33.85481390436065,17.009747150499127
26.474857278544107,75.70069070663645,6.8136640601369045,81.95042713332629,66.34052433437556,42.62749550150877,31.70882163885571,19.207937384184696
17.513711774106778,71.6033655931022,6.778473941170252,85.13548956702076,60.43954914921993,46.67495498713356,25.163698194314893,18.32242647422638
31.404697883333636,52.5644108013765,6.093488573915589,134.95976797669843,55.29392514935195,42.139928931237634,27.84830352219832,17.953600692653605
21.6728885093527,58.10003958978505,6.113180077530935,138.76881240654123,34.27030780858913,34.40717521550776,34.44338282194368,17.088079105520116
28.609517427190706,51.73325639939057,6.6117997272229525,58.12329296609143,33.966948683926134,46.28809140108259,34.410882415226766,16.871640574497732
18.65000701303062,38.70850205182485,6.152750794875974,130.1872224193491,37.31463770352577,40.208871629990774,39.96007239049356,15.230824257812575
28.34420065273109,47.13836355679175,6.717446481338669,124.56724919041852,61.27881499441873,35.52422821110447,44.87395318270935,18.173135941908694
28.359723039072488,62.9732599158123,5.419543698616639,146.60784431349484,51.09994892375954,46.903606245779116,25.831448982071926,15.942226438846864
26.921010360029484,64.87889247344373,6.256227721796703,111.55324096379138,63.02985861103344,46.51033858282,31.078993266237113,17.224496886170275
20.02785739100104,62.22821855388958,7.3983767327132455,98.6721963916427,65.04204101480124,42.14766491600792,28.45275352358555,18.58911717070937
26.247740947990383,55.47400419062046,6.719742913997883,134.35650059714976,39.11072149551128,57.171191539945575,21.14153890080899,19.115633738412484
19.084719076328057,73.99599908581477,6.583396832265496,120.96711374505296,50.48111491335781,53.268267347702846,34.51644111043537,17.581654314637095
23.736183724519073,60.95312856841406,7.4926132678356785,167.3469524244618,49.805094819746145,50.01857194053802,36.22269731204685,20.0
30.14706550477663,70.54880742143921,5.332023190599282,128.76123534885483,45.08318465563677,65.66365572808748,21.384070190507877,16.789852550744605
28.98350963535371,33.39337301696222,6.092344442605946,104.60643929271747,41.977357182129325,38.53536598002284,27.004005286597447,15.821050683698273
25.075914712702165,20.0,6.299413414126305,64.77686858871486,67.77133255116586,35.35199670683906,26.22328382056525,14.746681752682944
20.12596712038579,64.2568204175712,6.929175616502695,82.57248468417644,50.77957590073251,48.60363099303359,17.932602374198655,17.51473370320157
28.227938560870967,38.62851519417766,6.937828181614118,56.921350659159515,50.19717182839652,37.47365702005719,29.70898135867902,16.666619794081427
25.096906188490127,56.81322445930416,6.066996645508687,93.5481389181741,37.958334876971065,40.119277156478226,20.838066588491447,15.914688721109194
13.398422008847884,55.46854438463092,6.9989771610712745,127.78202779698536,60.12818645620257,30.140800342496952,31.27194953004261,16.94426078956609
28.91314913158259,83.81100903623306,6.298342616339146,99.88986734558453,34.92338748742977,46.066594577131276,32.152972199678324,18.62002917595015
24.87883583065154,65.9999482941541,7.105819812824583,130.65175806280217,56.823582932670234,25.289927544623904,33.14418226643781,20.0
31.01225623991536,62.487885401980094,5.983678650938971,110.1272120031704,57.23344040082743,39.035617788406306,33.53057742183904,17.494642934002666
19.523647405785976,72.5548673195051,6.438344200466919,87.9072313073797,43.81227426014647,39.84644262484243,42.24752573278028,17.006211489413236
10.0,65.52746380258559,6.25491634231172,102.62875465509892,54.7647812177477,35.63961157580169,23.530830873475274,14.655992707139458
26.395419291725926,53.134845105173504,7.0280151857828566,114.16290073165288,52.78504338566731,22.427852413385,23.932145471862107,18.00159712861416
26.45781838340986,76.0721389538184,6.238609391716914,104.17670195390848,49.409590627847756,22.353689062255494,35.24131117740914,17.584977702028308
16.54664186196774,43.35374808167589,6.478775735494122,104.52052686555741,50.19415970217849,32.538275933282,28.944147797474287,15.940184986042308
20.10750227066697,64.84870781300343,6.753405698831525,76.9284967723988,50.92672734790282,45.39050328762064,39.002612856466214,17.05797887679235
38.77608871859951,36.78645308795533,6.77262924151306,87.01071204273352,51.948675090080734,42.88924861441944,34.49351033892835,16.828416611943226
23.471946929230985,63.05915786273992,6.943476303736586,167.75382388463933,50.903630470155605,39.835646411688586,45.34489062634289,19.470032248237793
28.65479488188108,62.894844626593944,6.605562388422333,136.85399471270628,33.442037146817874,31.154115139825223,29.269372401818472,18.31378591233596
21.746700863158082,85.14682442871994,6.290875542360085,55.78477309570852,47.716835734915925,43.411322212611076,18.143683424107323,17.620264092893237
14.548485505734217,36.52539159837331,6.325150627320625,28.99093127480915,53.97422901795308,22.009707219610817,32.72529135983317,12.944598440052893
24.148708766020473,50.98669236219281,6.512836157603806,102.28577264346167,51.45933092808937,16.034505176280224,29.426606736687372,16.712801477968647
23.671977198569476,72.34023639861216,6.624796238037192,126.8041868327797,64.30625389092708,37.569284487849956,34.27589989211656,18.958056182374524
23.000608806658143,65.02975884595962,6.426414176075782,84.40174487733378,59.30129884249182,34.53948619902971,35.30085749340163,17.293274202945227
24.426795822468037,62.70457577006255,6.509601710482774,130.64976184593814,36.94385697420296,50.13171297647458,25.723611879232617,17.83414511543111
26.32134135822818,45.657964455621915,5.741373069713948,101.78963695021253,47.500593379184075,41.57983777772834,21.927954731798756,14.442730393979632
24.24941524373097,51.13772477862856,6.8336776422273395,95.10816160819076,45.32995019829218,56.50735309999851,28.83245319990091,18.32464566613181
18.67996916026318,78.67561512334885,6.590556144444715,122.68345528525545,49.93477270059224,34.5178493130454,10.95046771380435,18.626035340397458
27.430923957809693,59.22736209369108,7.000935206770544,84.04372621293193,49.9552790024195,44.86772291522161,30.645338070289743,18.52254844759054
15.253141223387884,65.6303954421671,6.500080253703542,91.39881034589041,59.17282503859773,37.4772287058437,26.74049539891069,16.719764308265624
14.748212713578999,58.272175068352816,5.630801210739107,120.10501786391389,52.65992544711715,53.817197241311376,36.893400355941445,15.355304075955072
28.69590247350784,42.25371727125352,6.320776905346663,99.05812188801927,68.45817507812826,37.959495528759206,14.113211731655076,16.387674338219266
27.535101360676784,74.00715639112495,6.400035038440792,157.26328820133207,53.6150470649354,48.54406780145765,30.0507624784051,18.973901537539284
24.71302317462982,67.54848576798744,6.871451652716799,120.81476238568055,37.54114219494085,29.2238103547584,42.609794277737116,19.149982022889546
18.02275747622464,94.58455256050783,5.464863227743303,118.86441484998285,42.990790697476704,35.84787356867955,35.403210623608146,15.291344204127533
21.460445296629622,44.766279305241824,6.520589758474467,98.51486061804796,59.05683606097638,39.15956588072533,37.8453759655029,16.523358243848293
23.68626626156748,72.33859381800721,6.756837607896653,126.24264030128819,25.78747603241472,52.634175399628006,32.717868181039584,18.781062225828908
17.020530157129432,40.326840509444985,6.16925605735924,90.32176681595061,29.811793778599323,18.028130589919613,16.70772744079472,14.389168792653047
21.304856709883836,62.360198515096165,6.537314004908423,108.47133253598545,50.16045810687846,36.67355553554221,31.33223338481982,17.207447574595832
28.2616516908834,74.64759883594746,6.186481745425078,72.51120858986319,64.26383177781749,36.33519873572699,33.26791488051203,18.05160883518381
32.13652682144608,28.917973258552696,6.135213533389805,131.18324176691775,69.60553147932316,19.230264776056195,21.37420364647381,15.854245816733684
22.90282623670725,56.92601288637588,6.295790074934342,108.71814091785376,46.74341379467343,35.359642392531846,28.987569253125333,17.178553439324098
28.78244177158049,51.551853989360694,6.144654003766495,159.47539191093628,65.91243030478826,24.593328688087063,6.791434967648669,17.40579091451751
15.429699647062664,49.470640525573174,6.841809155968166,171.76895151009273,51.084018646533465,16.693365219626077,27.327214592465534,17.707766498580472
28.297256205568058,65.77818978389031,6.132524061582311,122.89958354299443,27.02877526635154,37.37687171504677,26.508992457469578,16.989074667446214
20.980257926362594,76.81028559633893,6.0485449964760365,102.0527593362371,49.878851952824455,37.03854879196142,41.21791484490679,16.95719447042044
26.53672808353985,58.00081927156267,7.383964333419767,71.61806463623294,40.71637813067673,37.55046417040668,25.174215178970453,18.921084888089588
23.761237908801455,63.08229641340029,6.980370005912017,127.14249409776473,63.77346320716612,42.528582458983514,27.86914353123617,19.170646950835128
31.60207004891917,61.714631295888715,5.5692433196704,106.30853691685685,49.6148710946827,31.20603176786301,29.366169781785533,16.40608377181423
20.62782175830041,60.02705259534621,6.117615855073733,116.14104517463386,30.831303401652942,57.90856013445921,25.27743980855696,16.454147483646242
28.138031487809155,43.659860434318404,6.6212314858613555,151.8936216236873,27.504277836371614,39.66705991868497,35.758331374657274,17.818527234287586
23.602462683517334,76.6266690258434,6.661877533615747,75.26730134009959,49.68530063878323,52.86430463061484,14.060863889144958,18.179604712398753
24.20847260995168,64.42793052238254,5.754753567131553,72.2708749455599,13.696737928104417,23.20100758511288,39.092613633153036,15.189978570630634
24.08073053420395,65.92322235003867,7.079282746411161,92.9072218488796,42.22752065258149,31.654703499081258,29.904975053473045,17.484511741773602
20.771634477529435,47.902355564616265,6.912612209590813,124.6360344925547,53.46545488614262,46.863148050442305,40.41317707836341,18.08220097924369
24.92950517046664,53.11169403016139,6.740950816020169,116.64601720643464,34.14475243916963,37.73435724322067,8.02214286308583,17.22328792397375
24.68675888939089,57.35798703433832,7.178364245356061,73.12934464912682,64.90980735357995,29.268206126270336,10.51016543511114,17.325423070188744
26.206201242033647,36.98812959826722,6.726144996285459,122.69658702107448,67.86509824626039,21.613701013559186,27.664171523315996,17.645800133884233
25.42252572846431,34.679485122034826,6.724290439625924,63.963615433202115,34.74948570872073,47.33203672240365,34.047323104004484,16.638337579825198
28.98997274806118,50.98878104042148,7.278839635911121,74.86774976953427,45.5293373870527,46.516022549488554,25.560538271974607,18.277034975287375
29.617543080236842,67.83781149663585,7.050609790363854,96.53628048432432,64.92039726982208,42.43320691419228,34.670766640660126,18.696582181275087
19.746883390860994,50.202939151050884,6.0792462705442345,83.3970626207434,49.98038698617366,35.040938092140834,37.850478059543704,14.788961455106804
29.343862502953854,44.7179220361393,6.816597589335958,126.69578465952804,29.0828213285147,28.86909972370195,35.327996376170944,17.739956104928773
19.068317864450727,47.779715201434946,6.167866067520709,108.59135449003283,47.850183971534705,39.47018460103298,30.82614803504065,15.69767892803609
27.939279440688676,53.16986365282031,6.752077275475139,152.9668353288178,37.20607516556241,26.846813963545998,30.76482279723245,18.699357170787852
28.098693923514343,54.69211555769844,6.7383067535099075,92.58443903936757,66.62296844638828,32.4841591943541,25.081639308892928,18.16046725817483
15.443415541687479,92.48282178309834,5.808266343772007,96.3339354687777,59.088981414868826,52.61250581399549,29.55700540636978,16.780591096761615
25.46489623264705,75.81930942730978,6.439077194344482,136.3114782718529,45.29364582101558,21.49164236868581,21.806152902122182,18.8881585475992
22.65751943319842,75.37161168422593,6.632628511790201,97.27237590628613,52.13222018795061,46.77527826900367,23.722164261111537,18.765531984302363
21.206173710323124,77.52870546410072,6.2818549045029215,144.8201574312264,30.378176345412705,54.94195951449163,34.11491359637404,18.25032714201034
31.75426165349503,45.017686959989256,6.65735497119538,116.22484631153475,38.693338121635826,48.162597193826535,26.296950947749206,19.473033173928247
21.731604296812904,41.664530775191416,6.902948888500535,29.416405903439227,73.2991878153874,43.98212878426484,24.09950484664534,16.08591789492362
20.96811535440975,43.39694562698915,6.484703467884622,135.32711242448391,50.80271978869501,35.36427153828876,33.59384810547994,17.2328740096493
25.378474700025468,80.01759200006757,6.61229973835413,127.38180439359425,63.95128707187048,33.541119455659874,33.039197255443334,20.0
28.427948731492084,51.792123166762636,7.191712039277988,128.53997818331635,53.48019632612042,17.518691339366793,28.277603316411113,18.98410403320621
24.291757069949366,41.2296572664107,6.736598291612613,42.67064864364226,69.71422764544286,40.37006680267314,28.8085165542269,15.708902081928859
30.83185272834626,53.53505699670281,6.600412144837237,80.11030116186858,20.0174370110117,35.977595512709065,33.327583119039254,17.76767986873248
27.654878309820454,56.42091702428059,6.020960310179319,82.3388549932969,47.176736239714906,33.019655913180934,37.751656931071125,16.798543685494074
14.108943401342849,64.02619910541843,6.835513005694424,74.76635897318823,74.67172469324584,39.79918971120987,31.60868527323009,16.508703151526664
22.352665182464957,63.76426531068064,6.665074974695969,152.25767595681813,64.34260153340966,40.62369480204655,20.4637287169831,19.7819118463543
22.190789503241504,47.57729154189738,7.141869716850704,99.64696486529098,69.88058388185287,33.64442702632946,28.22858005789239,17.76391567839448
27.39680476714711,70.28484588770566,6.523439271651656,98.90317172112488,49.898531095152634,56.130807834767865,26.742801297652665,18.910015553987968
11.875914718129438,50.41209699374763,5.591866749933002,116.56024930947336,41.94340376879925,47.306027791124244,21.576111149004433,13.707714804909207
37.74504854358861,57.65585494942435,5.6499395655858695,117.07905003668145,34.592533104681074,48.96278558373279,33.98346212481681,16.179910055984756
27.65513047447105,70.30161105755033,6.867840381879867,0.0,33.54607862507734,38.96697216360591,34.59882063516267,17.039896167612024
25.744384019588455,50.37267894083488,6.214903201150923,80.6092738855191,62.10590843312779,45.11235732261142,35.80966737364768,16.85589214876524
30.90783858209573,51.45972864628294,6.718383875555249,57.616342666261694,57.69816575631278,31.04295399401437,22.07269636734328,16.869188578081577
36.71827026406312,68.87502074539697,6.557116322251178,112.00918279464459,49.0013982600446,46.66258540250306,31.259607496633386,18.487635953378923
29.353733222942015,47.13400235092471,6.4165801661530395,91.33322756997858,57.62285982277521,37.955973926862605,29.949798137246983,17.6256721575952
29.7440654823581,54.22811964593894,6.451819357205888,100.46162693503805,52.13677638578091,29.780164649856744,32.45922474673509,17.619840761391863
25.65345012232191,68.3361326706434,6.067305247477386,37.64440753328431,64.43326552099225,39.772333287807704,31.037811931985544,15.71835320939186
24.29237123316526,90.81138662153963,6.492111155550164,90.70443325928505,64.29030132362254,37.0794596975011,29.899632440669553,18.975836779642847
22.621022779975494,69.0810675714412,6.2077532836028,133.45390755498448,34.011888492727365,63.230693272209166,28.93820992420362,18.101121655439105
20.86944004142729,67.08959644485017,6.313871739937148,142.28348449306503,54.10468981204685,44.35394248479911,38.85472488020416,17.206417781922006
21.56492950150251,67.96202375509094,6.33817547764542,121.565902586221,24.966998747088766,55.79717467448222,23.105487939845712,17.87133663296116
18.247220178285083,43.90214588899426,6.38665336505064,59.93604119655644,51.99531107135894,51.31287106358727,28.61463303387961,15.137811048320472
24.620642746574884,61.73395108019862,6.961086728253543,137.7820540897637,59.06456419552378,40.377805997974995,38.65096533444768,20.0
16.576662113868068,59.553502674953975,6.435104585397653,121.72006765000047,30.294209828102588,35.562807970699545,23.511552607748726,16.249715338239344
25.954582620718554,64.82376810559134,7.011851168295049,96.48432897806384,43.753058968087515,22.59773418799677,23.9192965780481,19.12614676556662
24.81834695978829,61.74762078713806,7.268927475663241,39.24891056470768,50.142895658297036,31.2905644933526,35.87152755561448,17.56762864603502
25.73467649193344,65.69549516125669,6.927472325528075,128.60784851987552,53.50872374560084,46.62753457754214,18.60868927482366,19.35527206035989
22.38934214990004,55.327992076511975,6.767234267534255,82.23501010049863,45.82094445162748,36.97869614879297,35.285048984211954,17.25961508232462
40.38430185090252,60.87913376057689,6.66341610474176,110.38497463164343,32.415677713929924,43.758203257384416,26.082923366024293,19.358962535649916
31.800579500901563,41.58257150914512,6.932679354525035,102.05181581909987,49.189891971211125,19.697248486526625,33.28000492416338,17.076262561707363
18.777287499576385,55.201390829956296,6.54468036929812,146.15184953314835,25.21634649588533,44.53514849097373,20.234123463554987,17.50181025530151
26.16434043713449,80.86250322264965,6.992284922978599,96.23899042007474,46.51037844976783,50.96481557199286,39.48061013246695,19.634228902749427
21.95996928531338,64.78212509442383,6.807052902644842,99.54659229742157,43.379395794546056,22.242417101937466,20.262090800883655,17.69005216062991
19.92760136646293,59.68618443925385,6.320079769609806,147.35846171435892,47.98601489840869,43.71563906356799,35.79960282837323,17.807086281373174
18.299639644380324,88.4418491438152,6.947925440051403,80.25333268749435,41.61017033786476,53.43534653608461,20.59630092979212,19.03461842012264
27.16108345379627,39.587475325483815,6.545740002988785,124.42968554223332,27.384787427656995,56.80086649339466,44.466406968712505,17.58116296341301
21.59309882465213,43.3581666683067,6.446933996193842,94.04152831364608,44.50485019115732,34.9650092914204,29.42894574515897,16.601919570117833
29.839130120126022,85.6906711691441,6.261900419800506,69.92374113985211,63.96230187555978,47.79930344611534,45.60685675997587,18.265460366926746
29.968911072652194,60.68941404073401,6.583009423937286,100.03482960162617,68.92191205983207,54.297898200054156,23.448900100714724,18.39634807449511
31.869571926057247,56.361254455653096,6.998231307706492,120.75115340823963,86.590014180789,44.01381390780379,26.458794431609636,18.994329965579915
20.738066169629484,42.01193512356535,6.9444700027965185,140.61129519929534,75.37475612596496,52.85077588996811,39.68575362985735,19.158109024509297
27.376828053460052,66.71544399592518,6.676696898729478,144.24081956037048,32.04593109997844,39.64138346661699,18.590431825799072,18.984276809076416
28.162271083211504,68.16689804291194,6.799821820362518,91.15707777323402,43.87343598091011,43.94314143770797,24.405866753040463,18.403998522338924
22.629109124480177,43.58258458747655,7.135848395761279,70.38252303903359,49.658215477433345,33.78390773537797,33.960547437514656,17.19868551633998
21.141140213035623,57.89586621674358,6.42501685441457,90.43783301267563,48.7166024864945,38.35399842326241,21.849755386429337,17.123926987276434
33.047603328879866,54.96726251950401,5.942289998234897,64.55407740009534,51.04299994844339,44.33716169876364,34.17453937615236,15.528078881399326
26.13747937866027,63.839657196281564,7.150564926089286,93.47841401750485,86.11387132321337,33.03380674954232,31.363235080173745,19.69997896673802
28.17983875355869,43.21124636669034,6.235110873984641,89.75004149140725,33.76922681311404,37.76413626859246,17.890835010062524,15.811265669221747
20.889619940860364,78.77921181769736,6.154830938328048,121.82470612470296,39.29703295678552,47.608736809468034,37.74215030386773,18.40310984869604
18.90357766738903,73.73735672396407,5.601901122332724,33.82194460256865,74.65738895133639,60.525575331761004,19.900535254443447,14.049221933593943
22.15275112753945,54.552366619007756,6.785641526582149,77.99176161740081,40.76027985372722,19.505615083514265,36.1702327757835,17.143915833269443
24.379893063050016,56.753719325424434,5.689273687723889,78.23445086674253,55.903709755035734,59.76576667323617,31.027803185954248,15.221539115753897
19.678899965913256,57.95366774583576,6.124870596154132,135.61381757224075,65.51986054802313,37.401282355772324,26.359900282354065,16.21348137355978
24.950775956748085,48.32537170490245,6.794118397257529,66.58466867796949,57.29748525098044,49.64899869027385,21.15677980031293,16.25527793025707
16.5574740596575,53.348558726474465,6.860960626204186,106.79972078946982,52.87648449653739,51.6109269999174,32.634154603265195,16.59613196005517
19.39976288765064,55.94594448488086,6.174147925890884,96.15614756740656,64.07916154540976,55.64496773940547,23.01980165217978,16.60740799753169
28.354556241384376,84.19302556060693,6.432923336503797,131.29127580509146,36.60397165242544,32.72038135270209,39.663627808420614,18.398248285212546
28.018952601389472,74.19927462495654,6.063702736796923,117.87495593531642,42.55455305755998,37.74728691882201,39.955604874427195,18.025784969449436
23.04061617306567,74.01982061004935,6.225801606094409,103.63731195461139,58.034563826977454,39.46403901047096,43.136272167887974,17.786726445044536
19.911178454615236,65.54888419506585,6.633107630076453,83.35999376235795,18.958411111786234,36.42566157502655,32.24717949660247,15.937566655005256
19.862982242369945,43.240094866031484,6.249176660601771,44.42972490670372,71.2487573501704,53.187609748391395,26.76552155601299,14.351593562626679
23.13365877029343,59.37763343133931,6.377892479912165,107.41256967062216,54.550885627966714,39.23172298988534,27.624779354634743,16.837970185782076
28.22259245822646,74.5573268942007,5.767646659191216,115.91469395589618,52.29547629171725,23.814523351916307,27.039299337581966,17.006258798054173
29.641228456721624,41.12603055949067,7.066478082403068,52.7539716257604,25.54230683538414,33.66986177686236,31.984044306632857,17.42551605313358
22.517341322590156,69.54829810309897,6.755033296585533,62.989175070143524,30.70086311900393,24.2159997330312,33.49285804470882,17.689774052654478
19.23253787007608,94.8391383789415,6.896452685918601,107.56989920115028,44.02124503548708,37.71661213306659,39.85251492813518,19.201095520738516
26.339218189331667,75.92724968984598,7.145212662308431,110.1742505862361,62.11144775443398,46.725496745679365,30.160987324768254,19.531543060140326
20.882325146870752,81.21043703342981,6.087393562227142,70.28058069723822,18.85075981702122,33.455233276963114,18.774181355731532,15.39699875911016
22.408736805693987,63.27508125663241,6.320802758485988,82.77805859295886,61.825472011660345,35.96967035365423,26.740632588304784,16.57451572665878
31.626380452185188,74.51897923147484,5.552582816208894,44.9053348428872,44.5995301383745,37.25234707661806,42.446814240452184,14.804874320133417
29.13557714282884,49.232201784689465,8.070211455051119,141.317917114397,46.64864790887522,41.40742493835245,17.54737143622389,19.973875652399855
25.789871561257257,71.93795718511839,6.425207342341312,61.00376777894643,53.8038941253621,45.16082778635524,35.913199683211054,17.410543748478926
18.640404994436388,69.81582201091145,7.019363949957456,116.26778173745652,54.039758567696175,48.07255427935368,26.875415091332478,18.299530672916806
26.056982837353296,64.34866761056495,5.8809194278322705,98.95117911539859,39.31357115095104,62.55516982936521,22.932285516803837,16.272804408368085
30.313286453937632,79.74011129577748,6.998194212821505,138.68780858874277,59.37365132703264,41.234959310000725,33.164888392897,20.0
23.121831671172323,51.91822743228917,7.428795438324833,76.2323772167573,15.209027901553423,47.35793053979715,42.487624204982126,17.423232852399558
31.755570449933575,57.19413725289507,6.469859625486009,101.83758131021162,43.24371670148518,24.12443252321725,32.72355341426537,18.33834883787742
31.463726447591036,61.431930620374445,5.9945592517051995,49.0471927228795,52.30522644765356,36.20817014434466,27.899646319670087,16.13493377911745
33.31866416071737,44.55583543365899,6.430601799527232,41.84419489180739,44.825760271782876,37.29583106537927,19.631606083149048,16.094385843946576
26.526215632656765,63.40397915700372,5.386619237521387,117.89000751596421,22.596345440510273,29.826851110128956,29.20920671117811,15.49865356762131
27.936958499030062,34.216043805692294,6.481056649489079,46.44922482790894,61.37041068140706,34.64007268632464,19.34280143768447,15.870867924801258
32.07093644165545,75.70431801642314,6.910483569656498,93.15347396696407,31.27418281809422,38.925152823443725,27.52060622863816,19.89408565589537
27.236969685344878,60.69956049848949,6.482121177813243,130.3388634391876,48.987289887075654,34.95336625835192,29.49553881286717,18.58560793513893
22.493829461048936,52.18660644144355,6.357930222655516,122.40054568284039,52.29551895601434,66.0183418783816,11.1156680743162,17.322377431548386
22.757285817360696,47.48439581557318,6.763784058056016,80.06243536154219,50.29740730648051,45.1227534157773,41.10657763670309,16.583174193156243
26.192774768868695,56.48131455571219,6.8020124234747765,52.34490590775482,67.53516388795722,60.010227388593364,20.091828215036493,17.005383917514038
18.547192890268906,70.3238956615862,5.670047218747409,115.28484584966586,49.2010616000947,54.92651178834004,28.512326390634442,16.08906701576531
24.283705423179036,68.2160846810634,6.544411481139394,140.2677034858054,56.411831070454106,33.60753866549614,34.27066596650013,18.745819767323276
30.48273559115127,49.41693079082309,7.717992562114622,80.13285764003129,49.16143950273138,40.375604674198115,40.46839774543343,18.083480042154047
14.043730744173594,47.309404910585485,5.832491877175988,75.9006142477865,59.19434126249412,35.65175378925423,23.662775949017345,12.150115413664656
32.672410508972575,69.85348059479472,6.457290583583466,84.25294111393005,70.90242945571285,38.38177240713668,9.926517912216838,19.280602125446563
30.6118710935158,49.164788930774556,7.470873061025852,117.14826132421346,52.06312744208291,30.235663308112695,38.62930972809029,18.69854151256925
22.70117692084762,60.898646611192554,7.052087578271838,136.8555281924474,61.727755363745,35.58464670829777,20.004040908590323,18.707537324853426
27.716954139359046,61.85631963786415,6.243301659611969,62.81179565858432,71.82993402323297,43.595188815332385,32.875545948669824,17.470162329879017
25.015738634531633,64.68093197590107,6.603067689811302,55.05154572026041,70.35776370461407,43.33122056942204,33.37271760108517,16.73694015749212
31.149951842193417,72.87405645272807,6.498944160007588,170.19988965797344,44.22065894583184,42.53403665216267,3.9837645386273053,20.0
29.913415713849705,41.05555594699016,6.125964097839166,94.68031636329883,65.54648533617751,39.40325175116441,17.081305827644485,17.044886509776646
17.999646384084954,31.332610121092685,6.462873946253459,107.5867838707093,53.731567400707895,48.6074242523694,26.313510346262916,16.410237400844238
27.936312067320884,51.488290781574726,6.360016933596736,79.24207478147083,66.75844996600871,37.42956973921462,9.326976648486124,16.484804774446697
23.97186073178376,87.0229261174828,6.556374469038375,114.69886928358149,58.52951875344425,53.915523397616155,19.2955897899407,19.363094234694323
25.4141628525905,90.33261150131068,6.125808409654483,128.80182624104566,54.13502114054282,21.52402442982438,30.983028481013335,18.528146538567427
21.35914049515092,87.46765703348831,5.86169089987767,108.9938851471879,56.50958120519532,46.56811023975756,29.292130783269855,17.31082028159168
33.74068534560418,57.105279483589655,6.4793596133038145,152.22574231043305,53.82856934058397,44.88371112247357,32.421235445154174,19.648720432531686
30.20030909951288,33.268273770227566,7.35755910908939,90.19766230176724,54.414995677047656,33.2543344274845,33.59376782983082,17.04460207929285
21.301144180135164,24.854413475222387,6.541101463131398,92.1135258089387,47.617514591271366,36.44768973144723,16.545363464163092,15.475413455760316
18.326946965448837,50.78942757675883,6.334203110534228,106.94219053832248,46.22413489088724,44.647909391090366,19.721213892698884,15.85260131466846
23.07163684511076,57.028895547759596,6.877042902519249,113.94884936518291,76.44762394059003,49.159352471487495,36.0909295160964,19.222772608500826
27.172513230456527,79.50938101583938,6.42084019370231,106.83841786187828,57.16291866666776,22.505368316688937,42.19464192802144,19.309802942508917
26.201029219731115,73.01708189313669,7.434016462479555,61.467549191347274,41.400426166529,46.28246067654255,22.260735609102298,18.709501990307057
31.265664123841216,63.41107618487431,6.498043745352461,109.37545498586684,45.838738528555346,35.42348814442444,32.071244752775655,18.20201012864601
28.94959861090426,46.65232843588287,6.850248531579082,88.77479245589689,65.84387680171926,51.25289774298553,36.45666314651116,18.363867965183907
29.847845128764533,45.58830662632665,6.1226978088033635,82.57068957776063,38.957199348670706,21.607247861838225,31.90044493751428,16.229129963417655
26.634277003052187,63.81191530607153,6.751544626668331,100.9744616425973,27.76958477283484,64.45298965121208,28.009869556632154,17.157640732741473
18.05350634894505,70.4557646825959,6.637546738471877,71.15431938012357,28.873262890969333,31.138600669859027,24.874800044408058,16.944858194624324
24.021507344265494,65.87821893368377,6.471746937670396,65.93826028380306,24.065365996928183,54.29961186789678,45.88215363812433,17.789435897918125
30.300448699543328,44.48103060590018,6.24912111941514,21.53593119988451,30.517777126033128,39.30815380267167,30.769672332215798,14.991025728638144
24.74238535737677,69.76001443188129,6.180984917173813,152.41711985529673,32.287010902987845,31.813332627998694,33.111536249738194,18.602983678615875
27.515451843118733,66.38866450652117,6.6411763319898265,116.67193957309007,70.77856069412208,42.65114005381412,32.59456064597529,19.58181487099044
23.406258423769334,43.94000390714733,6.814469554848237,96.49707636081085,49.307311810110974,50.29125444956369,23.500652743993502,17.258646844128837
19.850940757290775,48.235185445496164,6.436418601852934,79.98330289340056,44.551046912949246,24.472951992552375,30.40656818651444,15.98415949198323
24.383279679769448,70.3274396184235,6.643633964560396,13.719031538607496,28.348804054721395,47.0158884928701,27.422058496975186,16.40123189777888
26.54523721516327,56.48238697281164,6.481042660933615,78.14413371335547,47.8531040379299,39.8782150134291,27.278819270648924,16.979115796748513
21.72156140269278,83.83720952454686,6.549263012452694,121.47599011492228,23.940079061537112,45.77044082566334,32.53567312815011,18.366121074069273
23.82144377571666,67.51693914096865,6.399777508661387,128.26522910781605,44.458742430704525,40.1097535733898,22.674856214117277,18.156454150923786
20.302683790070088,52.700532177160966,6.508986289684154,119.26875980809905,80.96741584765512,34.28131161245346,20.361692633570016,18.156002644137537
30.59622458782048,59.84691599413601,7.849020228408714,104.75175867257406,59.95705368059547,28.868767486281214,34.02180048324336,19.38564721229922
23.52772121205983,60.950750889565775,6.655817149403712,139.11622437794136,46.85302759468204,46.72645112047025,25.747115258970638,18.844257761618007
32.263777725630916,49.07414530137435,6.8226484792155215,90.1438833373438,60.471854081095344,46.672719921988346,27.239874237786108,18.180518957947143
32.64373925270454,46.3111770273356,6.719011802664049,132.55566748403083,42.176852328086476,46.62272247690808,14.569627578586708,19.051210668416854
24.594770176391282,70.5208484071425,6.36859158835147,88.46252668839361,37.98983385681218,44.27596319440573,37.70466225741307,18.325125943998696
19.957756337263252,72.67909945563143,7.146994606645834,73.56576073366713,75.56194444299264,49.4469887183947,34.19212969532555,18.017524146500183
14.570510611333313,69.05672204329439,6.35441811478683,69.82861058732436,32.8658801911959,54.06069279769642,35.66455028249464,15.22130807277378
17.639814634866042,82.72977141485703,7.027527274471276,68.06510736481141,44.688181464839744,21.23582152593482,33.098604963181955,17.471762498242366
18.1308258755067,51.87340145982597,6.3328965009667755,119.77204086407455,54.590499235452654,16.582025561309116,17.872344370477883,15.777084200280742
31.892348137307522,85.11406149106695,6.02001374042798,77.71763286708764,35.95648691363828,57.17947359879645,31.831991717433215,17.577897627916354
25.57912293613473,46.48618322168771,6.682698104118097,69.00913464895169,59.75907430447115,26.58953485414811,25.126931981240407,16.772087151490698
26.948022620459938,44.80971654947261,5.947665821948947,121.4120565898408,45.40108213036621,29.137567132103804,22.297143158131686,15.518529103436824
13.89789495532437,33.600616767761245,6.767820112508304,109.83911171416699,59.95865491350285,37.12385688125076,34.000385931565766,14.935526605226684
19.010167853913693,53.31307029259774,5.902920671954342,128.87775948537407,58.789762696257775,23.460284212868977,43.268071334021435,15.235970196460931
29.435398882231436,52.44416494755819,6.340495984763574,115.37798533818395,46.35481804061255,36.184133026923625,41.94671535165073,17.72465056401449
26.433870561912933,67.88905920381976,5.78413515173763,77.40665259408065,75.65988008886478,30.51894655877335,34.97716014808493,16.092522103689838
24.263973606572012,63.658364124306765,7.912083504701365,102.28307249405762,40.01996294849838,37.666591303029925,29.758174724326427,19.284451128320793
27.824211793000615,42.10539943471295,5.673020220191843,103.75398972309031,70.23305705823105,42.798413049071016,28.275661432648697,14.777735905834854
33.17898903067908,54.10910642361274,6.5049068701982025,72.42524024577993,67.6239986394206,36.56461774570435,22.763971308454185,16.50086040760978
23.894787682314746,54.42806968368472,7.071652137165007,66.86125077718022,76.5632331149066,36.05952714602853,27.842134530346588,18.50311612692348
25.346849013290345,33.36026629557161,7.018192954293513,79.57835172646887,52.61084059014531,42.579957967916464,37.26819167670516,16.689672769150945
25.962984593656525,45.28579909479946,6.925671061086568,161.0974707001624,38.17121432108015,50.44291797949948,44.585113056199496,20.0
36.96054817636996,48.437795540788656,6.341385805889262,87.61767717335353,81.1519487799432,56.02964346921666,23.468149544287687,17.70076932090252
14.503218677904872,81.5043752973142,7.175544473168501,136.98600374160142,44.97947798035454,37.814617459977846,14.039892122626409,19.65002422711679
28.41611507394404,62.87176073936029,6.956695545401091,85.94018471560607,37.79686140941697,58.248891519232366,25.75300803110156,19.04072591708904
24.42598875620468,69.9325313092125,6.606149808830239,126.66516458619977,47.153198811427806,48.76706834761246,37.23163290296908,18.902165929916936
27.833858630920897,37.52046754276182,6.620290378863296,127.07474966673541,35.274639257643834,27.679915460268237,46.57821832527256,16.957704189743215
21.713137230026376,77.91321724520988,6.3480386761923135,128.57771523856132,57.89223237685019,27.38791744386325,40.48032965325443,17.835825974884266
24.75517484570775,79.5165309453614,6.045173987083481,111.63482026026875,40.91497427362231,34.2271214939733,40.282281699027024,18.1833132380816
28.557052897327477,30.024825492830608,7.118575487739358,141.32099736343454,45.68773745142692,54.44603983359726,23.20351717060208,18.41580892675735
40.56455100521921,49.420249141262275,7.156103996800766,111.35061908058184,64.51668292497443,34.98632684434463,23.428885011607935,19.060600508661853
29.040180947010356,67.43648359523266,6.05794542948504,151.4058918802084,59.35539815264287,21.076431754937268,19.40952290187034,18.549207205016927
20.759672009847456,69.66582680307273,6.4231074174269045,51.402405904347,50.233768588544876,37.711157911122896,24.676162110996554,16.521480621545958
